VBCSCompilerPreWarmer: pre-warm launched (dotnet PID 31284)
VBCSCompiler prewarm took 5.54 ms
[Licensing::Module] Trying to connect to existing licensing client channel...
Built from '6000.6/respin/6000.6.0f1-fa21a270ab12' branch; Version is '6000.6.0f1 (f7f8ed4d1e24) revision 16251117'; Using compiler version '194234433'; Build Type 'Release'
[Licensing::IpcConnector] Successfully connected to: "LicenseClient-Umid" at "2026-09-10T18:05:29.6393521Z"
OS: 'Windows 11  (10.0.26200) Core' Language: 'en' Physical Memory: 32475 MB
BatchMode: 0, IsHumanControllingUs: 1, StartBugReporterOnCrash: 1, Is64bit: 1
System  architecture: x64
Process architecture: x64
Date: 2026-09-10T18:05:29Z
[Licensing::Client] Code 10 while verifying Licensing Client signature (process Id: 27064, path: "C:/Program Files/Unity/Hub/Editor/6000.6.0f1/Editor/Data/Resources/Licensing/Client/Unity.Licensing.Client.exe")
[Licensing::Module] LicensingClient has failed validation; ignoring
[Licensing::Client] Handshaking with LicensingClient:
  Version:                 1.18.3+d7ffd15
  Session Id:              f72608a2a85543af960432c8a8bbe4d9
  Correlation Id:          a646912c495ff7f45f0c5cb379a0866f
  External correlation Id: 6286690160981592375
  Machine Id:              aYd6chCzwXDWuT2VlVg1LkBP/S8=
[Licensing::Module] Successfully connected to LicensingClient on channel: "LicenseClient-Umid" (connect: 0.00s, validation: 0.00s, handshake: 0.03s)
[Licensing::IpcConnector] Successfully connected to: "LicenseClient-Umid-notifications" at "2026-09-10T18:05:29.668067Z"
[Licensing::Client] Successfully updated the access token
[Licensing::Module] Successfully updated the access token ngkodigN0H...
[Licensing::Client] Successfully resolved entitlement details
[Licensing::Module] License group:
  Id: 18968496378207-UnityPersXXXX
  Product: Unity Personal
  Type: Assigned
  Expiration: Unlimited
[Licensing::Client] Successfully updated license, isAsync: True, time: 0.00
[Licensing::Client] Successfully resolved entitlement details
[Licensing::Module] Licensing Background thread has ended after 0.05s

COMMAND LINE ARGUMENTS:
C:\Program Files\Unity\Hub\Editor\6000.6.0f1\Editor\Unity.exe
-projectpath
C:\Users\user\Desktop\UNITY PROJECT\InertialNetcodeDemo
-acceptSoftwareTermsForThisRunOnly
-useHub
-hubIPC
-cloudEnvironment
production
-licensingIpc
LicenseClient-Umid
-hubSessionId
9f8f0bbb-735c-4ff3-b8c4-b78aa28f1360
-accessToken
ngkodigN0Hoe8-CKVJBuFZ7rozxahXhncqmrMSJEdzY011f
Successfully changed project path to: C:\Users\user\Desktop\UNITY PROJECT\InertialNetcodeDemo
C:/Users/user/Desktop/UNITY PROJECT/InertialNetcodeDemo
[UnityMemory] Configuration Parameters - Can be set up in boot.config
    "memorysetup-temp-allocator-size-gi-baking-worker=262144"
    "memorysetup-temp-allocator-size-gi-baking-worker=262144"
    "memorysetup-temp-allocator-size-gi-baking-worker=262144"
    "memorysetup-temp-allocator-size-gi-baking-worker=262144"
    "memorysetup-temp-allocator-size-gi-baking-worker=262144"
    "memorysetup-temp-allocator-size-nav-mesh-worker=65536"
    "memorysetup-temp-allocator-size-audio-worker=65536"
    "memorysetup-temp-allocator-size-cloud-worker=32768"
    "memorysetup-temp-allocator-size-gfx=262144"
    "memorysetup-remapper-allocator-initial-capacity=32768"
    "memorysetup-temp-allocator-size-preload-manager=33554432"
    "memorysetup-allocator-temp-initial-block-size-main=262144"
    "memorysetup-allocator-temp-initial-block-size-worker=262144"
    "memorysetup-temp-allocator-size-job-worker=262144"
    "memorysetup-temp-allocator-size-background-worker=32768"
    "memorysetup-bucket-allocator-granularity=16"
    "memorysetup-bucket-allocator-bucket-count=8"
    "memorysetup-bucket-allocator-block-size=33554432"
    "memorysetup-bucket-allocator-block-count=8"
    "memorysetup-main-allocator-block-size=16777216"
    "memorysetup-thread-allocator-block-size=16777216"
    "memorysetup-main-allocator-mimalloc-enabled=1"
    "memorysetup-gfx-main-allocator-block-size=16777216"
    "memorysetup-gfx-thread-allocator-block-size=16777216"
    "memorysetup-cache-allocator-block-size=4194304"
    "memorysetup-typetree-allocator-block-size=2097152"
    "memorysetup-profiler-bucket-allocator-granularity=16"
    "memorysetup-profiler-bucket-allocator-bucket-count=8"
    "memorysetup-profiler-bucket-allocator-block-size=33554432"
    "memorysetup-profiler-bucket-allocator-block-count=8"
    "memorysetup-profiler-allocator-block-size=16777216"
    "memorysetup-profiler-editor-allocator-block-size=1048576"
    "memorysetup-temp-allocator-size-main=16777216"
    "memorysetup-job-temp-allocator-block-size=2097152"
    "memorysetup-job-temp-allocator-block-size-background=1048576"
    "memorysetup-job-temp-allocator-reduction-small-platforms=262144"
Player connection [38524]  Target information:

Player connection [38524]  * "[IP] 192.168.37.1 [Port] 55504 [Flags] 2 [Guid] 1845337170 [EditorId] 1845337170 [Version] 1048832 [Id] WindowsEditor(7,Asadoff) [Debug] 1 [PackageName] WindowsEditor [ProjectName] Editor" 

Player connection [38524]  * "[IP] 192.168.80.1 [Port] 55504 [Flags] 2 [Guid] 1845337170 [EditorId] 1845337170 [Version] 1048832 [Id] WindowsEditor(7,Asadoff) [Debug] 1 [PackageName] WindowsEditor [ProjectName] Editor" 

Player connection [38524]  * "[IP] 26.194.124.31 [Port] 55504 [Flags] 2 [Guid] 1845337170 [EditorId] 1845337170 [Version] 1048832 [Id] WindowsEditor(7,Asadoff) [Debug] 1 [PackageName] WindowsEditor [ProjectName] Editor" 

Player connection [38524]  * "[IP] 192.168.1.142 [Port] 55504 [Flags] 2 [Guid] 1845337170 [EditorId] 1845337170 [Version] 1048832 [Id] WindowsEditor(7,Asadoff) [Debug] 1 [PackageName] WindowsEditor [ProjectName] Editor" 

Player connection [38524] Host joined multi-casting on [225.0.0.222:54997]...
Player connection [38524] Host joined alternative multi-casting on [225.0.0.222:34997]...
Input System module state changed to: Initialized.
[Physics::Module] Initialized fallback backend.
[Physics::Module] Id: 0xdecafbad
[Package Manager] Connected to IPC stream "Upm-32376" after 0.2 seconds.
[Licensing::Client] Successfully resolved entitlement details
Library Redirect Path: Library/
Initialising UDS system complete:
  - System type: Client
  - Resource namespace: c2ea3283c804745d3101f4b2dfa1387e
  - Shared memory size: 1073741824
  - Command buffer id: 1052576
  - Command buffer size: 8192
  - Hashmap size: 4194304
  - Service connected: false
Launching Unity Data Store - C:/Program Files/Unity/Hub/Editor/6000.6.0f1/Editor/Data/Tools/Unity.DataStore.exe 
Unity Data Store artifact dir = Library/DataStore, working dir = C:/Users/user/Desktop/UNITY PROJECT/InertialNetcodeDemo[Physics::Module] Selected backend.
[Physics::Module] Name: PhysX
[Physics::Module] Id: 0xf2b8ea05
[Physics::Module] SDK Version: 4.1.2
[Physics::Module] Integration Version: 1.0.0
[Physics::Module] Threading Mode: Multi-Threaded
Unity Data Store running and initialised
Initialize engine version: 6000.6.0f1 (f7f8ed4d1e24)
[EntityIdStore] init: VM path (explicit commit), pageSize=4096, blockCount=1048576, entitiesPerBlock=256, slots reserved=4294967296 bytes
[Subsystems] Discovering subsystems at path C:/Program Files/Unity/Hub/Editor/6000.6.0f1/Editor/Data/Resources/UnitySubsystems
[Subsystems] Discovering subsystems at path C:/Users/user/Desktop/UNITY PROJECT/InertialNetcodeDemo/Assets
GfxDevice: creating device client; kGfxThreadingModeThreaded
Direct3D:
    Version:  Direct3D 11.0 [level 11.1]
    Renderer: NVIDIA GeForce RTX 4060 Laptop GPU (ID=0x28e0)
    Vendor:   NVIDIA
    VRAM:     7956 MB
    Driver:   32.0.16.1062
Initialize mono
Mono path[0] = 'C:/Program Files/Unity/Hub/Editor/6000.6.0f1/Editor/Data/Managed'
Mono path[1] = 'C:/Program Files/Unity/Hub/Editor/6000.6.0f1/Editor/Data/BCLExtensions/runtime/netstandard2.1'
Mono path[2] = 'C:/Program Files/Unity/Hub/Editor/6000.6.0f1/Editor/Data/MonoBleedingEdge/lib/mono/unityjit-win32'
Mono config path = 'C:/Program Files/Unity/Hub/Editor/6000.6.0f1/Editor/Data/MonoBleedingEdge/etc'
Using monoOptions --debugger-agent=transport=dt_socket,embedding=1,server=y,suspend=n,address=127.0.0.1:56376
CodeReloadManager initialized
ImportWorker Server TCP listen port: 0
AcceleratorClientConnectionCallback - disconnected - :0
Begin MonoManager ReloadAssembly
Registering precompiled unity dll's ...
Register platform support module: C:/Program Files/Unity/Hub/Editor/6000.6.0f1/Editor/Data/PlaybackEngines/WebGLSupport/UnityEditor.WebGL.Extensions.dll
Register platform support module: C:/Program Files/Unity/Hub/Editor/6000.6.0f1/Editor/Data/PlaybackEngines/WindowsStandaloneSupport/UnityEditor.WindowsStandalone.Extensions.dll
Registered in 0.001636 seconds.
Native extension for WindowsStandalone target not found
Native extension for WebGL target not found
Package Manager log level set to [2]
ScheduleIndexationOnStartup MainProcess:False IndexOnStartup:True
Scripting: successfully reloaded assembly
- Finished resetting the current domain, in  0.645 seconds
Domain Reload Profiling: 1100ms
	BeginReloadAssembly (108ms)
		CreateAndSetChildDomain (4ms)
	RebuildCommonClasses (4ms)
	RebuildNativeTypeToScriptingClass (13ms)
	initialDomainReloadingComplete (55ms)
	LoadAllAssembliesAndSetupDomain (274ms)
		LoadAssemblies (102ms)
		TypeCache.Refresh (184ms)
			TypeCache.ScanAssembly (172ms)
		AnalyzeDomain (0ms)
	FinalizeReload (646ms)
		SetupLoadedEditorAssemblies (0ms)
			InitializePlatformSupportModulesInManaged (3ms)
			BeforeProcessingInitializeOnLoad (91ms)
			ProcessInitializeOnLoadAttributes (132ms)
			ProcessInitializeOnLoadMethodAttributes (210ms)
[Licensing::Client] Successfully resolved entitlement details
Application.AssetDatabase Initial Refresh Start
[Package Manager] Restoring resolved packages state from cache
[Licensing::Client] Successfully resolved entitlement details
[Package Manager] Registered 65 packages:
  Packages from [https://packages.unity.com]:
    com.unity.ai.assistant@2.19.0-pre.2 (location: C:\Users\user\Desktop\UNITY PROJECT\InertialNetcodeDemo\Library\PackageCache\com.unity.ai.assistant@8d1e3e89e3a7)
    com.unity.ai.inference@2.6.1 (location: C:\Users\user\Desktop\UNITY PROJECT\InertialNetcodeDemo\Library\PackageCache\com.unity.ai.inference@9a123aee5df7)
    com.unity.ai.navigation@2.0.14 (location: C:\Users\user\Desktop\UNITY PROJECT\InertialNetcodeDemo\Library\PackageCache\com.unity.ai.navigation@134dd6a3b97b)
    com.unity.collab-proxy@2.13.6 (location: C:\Users\user\Desktop\UNITY PROJECT\InertialNetcodeDemo\Library\PackageCache\com.unity.collab-proxy@4628d2ba6ea4)
    com.unity.ide.rider@3.0.38 (location: C:\Users\user\Desktop\UNITY PROJECT\InertialNetcodeDemo\Library\PackageCache\com.unity.ide.rider@1f60b3138684)
    com.unity.ide.visualstudio@2.0.26 (location: C:\Users\user\Desktop\UNITY PROJECT\InertialNetcodeDemo\Library\PackageCache\com.unity.ide.visualstudio@a99d56dec63f)
    com.unity.inputsystem@1.20.0 (location: C:\Users\user\Desktop\UNITY PROJECT\InertialNetcodeDemo\Library\PackageCache\com.unity.inputsystem@7a4e1a2a8194)
    com.unity.visualscripting@1.9.12 (location: C:\Users\user\Desktop\UNITY PROJECT\InertialNetcodeDemo\Library\PackageCache\com.unity.visualscripting@4edfcc09512f)
    com.unity.dt.app-ui@2.1.11 (location: C:\Users\user\Desktop\UNITY PROJECT\InertialNetcodeDemo\Library\PackageCache\com.unity.dt.app-ui@cd5609b130ce)
    com.unity.nuget.newtonsoft-json@3.2.2 (location: C:\Users\user\Desktop\UNITY PROJECT\InertialNetcodeDemo\Library\PackageCache\com.unity.nuget.newtonsoft-json@4dfd81071c64)
    com.unity.nuget.mono-cecil@1.11.6 (location: C:\Users\user\Desktop\UNITY PROJECT\InertialNetcodeDemo\Library\PackageCache\com.unity.nuget.mono-cecil@ecb9724e46ff)
    com.unity.searcher@4.9.5 (location: C:\Users\user\Desktop\UNITY PROJECT\InertialNetcodeDemo\Library\PackageCache\com.unity.searcher@a463122f2c00)
    com.unity.profiling.core@1.0.3 (location: C:\Users\user\Desktop\UNITY PROJECT\InertialNetcodeDemo\Library\PackageCache\com.unity.profiling.core@8a49f7027d06)
  Built-in packages:
    com.unity.render-pipelines.universal@17.6.0 (location: C:\Users\user\Desktop\UNITY PROJECT\InertialNetcodeDemo\Library\PackageCache\com.unity.render-pipelines.universal@8457e85b8184)
    com.unity.test-framework@1.8.0 (location: C:\Users\user\Desktop\UNITY PROJECT\InertialNetcodeDemo\Library\PackageCache\com.unity.test-framework@7a3849e09bd0)
    com.unity.timeline@6.6.0 (location: C:\Users\user\Desktop\UNITY PROJECT\InertialNetcodeDemo\Library\PackageCache\com.unity.timeline@281d5f7e7d7d)
    com.unity.ugui@2.6.0 (location: C:\Users\user\Desktop\UNITY PROJECT\InertialNetcodeDemo\Library\PackageCache\com.unity.ugui@23caec89ae27)
    com.unity.modules.accessibility@1.0.0 (location: C:\Users\user\Desktop\UNITY PROJECT\InertialNetcodeDemo\Library\PackageCache\com.unity.modules.accessibility)
    com.unity.modules.adaptiveperformance@1.0.0 (location: C:\Users\user\Desktop\UNITY PROJECT\InertialNetcodeDemo\Library\PackageCache\com.unity.modules.adaptiveperformance)
    com.unity.modules.ai@1.0.0 (location: C:\Users\user\Desktop\UNITY PROJECT\InertialNetcodeDemo\Library\PackageCache\com.unity.modules.ai)
    com.unity.modules.androidjni@1.0.0 (location: C:\Users\user\Desktop\UNITY PROJECT\InertialNetcodeDemo\Library\PackageCache\com.unity.modules.androidjni)
    com.unity.modules.animation@1.0.0 (location: C:\Users\user\Desktop\UNITY PROJECT\InertialNetcodeDemo\Library\PackageCache\com.unity.modules.animation)
    com.unity.modules.assetbundle@1.0.0 (location: C:\Users\user\Desktop\UNITY PROJECT\InertialNetcodeDemo\Library\PackageCache\com.unity.modules.assetbundle)
    com.unity.modules.audio@1.0.0 (location: C:\Users\user\Desktop\UNITY PROJECT\InertialNetcodeDemo\Library\PackageCache\com.unity.modules.audio)
    com.unity.modules.cloth@1.0.0 (location: C:\Users\user\Desktop\UNITY PROJECT\InertialNetcodeDemo\Library\PackageCache\com.unity.modules.cloth)
    com.unity.modules.director@1.0.0 (location: C:\Users\user\Desktop\UNITY PROJECT\InertialNetcodeDemo\Library\PackageCache\com.unity.modules.director)
    com.unity.modules.imageconversion@1.0.0 (location: C:\Users\user\Desktop\UNITY PROJECT\InertialNetcodeDemo\Library\PackageCache\com.unity.modules.imageconversion)
    com.unity.modules.imgui@1.0.0 (location: C:\Users\user\Desktop\UNITY PROJECT\InertialNetcodeDemo\Library\PackageCache\com.unity.modules.imgui)
    com.unity.modules.jsonserialize@1.0.0 (location: C:\Users\user\Desktop\UNITY PROJECT\InertialNetcodeDemo\Library\PackageCache\com.unity.modules.jsonserialize)
    com.unity.modules.particlesystem@1.0.0 (location: C:\Users\user\Desktop\UNITY PROJECT\InertialNetcodeDemo\Library\PackageCache\com.unity.modules.particlesystem)
    com.unity.modules.physics@1.0.0 (location: C:\Users\user\Desktop\UNITY PROJECT\InertialNetcodeDemo\Library\PackageCache\com.unity.modules.physics)
    com.unity.modules.physics2d@1.0.0 (location: C:\Users\user\Desktop\UNITY PROJECT\InertialNetcodeDemo\Library\PackageCache\com.unity.modules.physics2d)
    com.unity.modules.physicscore2d@1.0.0 (location: C:\Users\user\Desktop\UNITY PROJECT\InertialNetcodeDemo\Library\PackageCache\com.unity.modules.physicscore2d)
    com.unity.modules.screencapture@1.0.0 (location: C:\Users\user\Desktop\UNITY PROJECT\InertialNetcodeDemo\Library\PackageCache\com.unity.modules.screencapture)
    com.unity.modules.terrain@1.0.0 (location: C:\Users\user\Desktop\UNITY PROJECT\InertialNetcodeDemo\Library\PackageCache\com.unity.modules.terrain)
    com.unity.modules.terrainphysics@1.0.0 (location: C:\Users\user\Desktop\UNITY PROJECT\InertialNetcodeDemo\Library\PackageCache\com.unity.modules.terrainphysics)
    com.unity.modules.tetgen@1.0.0 (location: C:\Users\user\Desktop\UNITY PROJECT\InertialNetcodeDemo\Library\PackageCache\com.unity.modules.tetgen)
    com.unity.modules.tilemap@1.0.0 (location: C:\Users\user\Desktop\UNITY PROJECT\InertialNetcodeDemo\Library\PackageCache\com.unity.modules.tilemap)
    com.unity.modules.timelinefoundation@1.0.0 (location: C:\Users\user\Desktop\UNITY PROJECT\InertialNetcodeDemo\Library\PackageCache\com.unity.modules.timelinefoundation)
    com.unity.modules.ui@1.0.0 (location: C:\Users\user\Desktop\UNITY PROJECT\InertialNetcodeDemo\Library\PackageCache\com.unity.modules.ui)
    com.unity.modules.uielements@1.0.0 (location: C:\Users\user\Desktop\UNITY PROJECT\InertialNetcodeDemo\Library\PackageCache\com.unity.modules.uielements)
    com.unity.modules.umbra@1.0.0 (location: C:\Users\user\Desktop\UNITY PROJECT\InertialNetcodeDemo\Library\PackageCache\com.unity.modules.umbra)
    com.unity.modules.unityanalytics@1.0.0 (location: C:\Users\user\Desktop\UNITY PROJECT\InertialNetcodeDemo\Library\PackageCache\com.unity.modules.unityanalytics)
    com.unity.modules.unitywebrequest@1.0.0 (location: C:\Users\user\Desktop\UNITY PROJECT\InertialNetcodeDemo\Library\PackageCache\com.unity.modules.unitywebrequest)
    com.unity.modules.unitywebrequestassetbundle@1.0.0 (location: C:\Users\user\Desktop\UNITY PROJECT\InertialNetcodeDemo\Library\PackageCache\com.unity.modules.unitywebrequestassetbundle)
    com.unity.modules.unitywebrequestaudio@1.0.0 (location: C:\Users\user\Desktop\UNITY PROJECT\InertialNetcodeDemo\Library\PackageCache\com.unity.modules.unitywebrequestaudio)
    com.unity.modules.unitywebrequesttexture@1.0.0 (location: C:\Users\user\Desktop\UNITY PROJECT\InertialNetcodeDemo\Library\PackageCache\com.unity.modules.unitywebrequesttexture)
    com.unity.modules.unitywebrequestwww@1.0.0 (location: C:\Users\user\Desktop\UNITY PROJECT\InertialNetcodeDemo\Library\PackageCache\com.unity.modules.unitywebrequestwww)
    com.unity.modules.vectorgraphics@1.0.0 (location: C:\Users\user\Desktop\UNITY PROJECT\InertialNetcodeDemo\Library\PackageCache\com.unity.modules.vectorgraphics)
    com.unity.modules.vehicles@1.0.0 (location: C:\Users\user\Desktop\UNITY PROJECT\InertialNetcodeDemo\Library\PackageCache\com.unity.modules.vehicles)
    com.unity.modules.video@1.0.0 (location: C:\Users\user\Desktop\UNITY PROJECT\InertialNetcodeDemo\Library\PackageCache\com.unity.modules.video)
    com.unity.modules.wind@1.0.0 (location: C:\Users\user\Desktop\UNITY PROJECT\InertialNetcodeDemo\Library\PackageCache\com.unity.modules.wind)
    com.unity.modules.xr@1.0.0 (location: C:\Users\user\Desktop\UNITY PROJECT\InertialNetcodeDemo\Library\PackageCache\com.unity.modules.xr)
    com.unity.modules.subsystems@1.0.0 (location: C:\Users\user\Desktop\UNITY PROJECT\InertialNetcodeDemo\Library\PackageCache\com.unity.modules.subsystems)
    com.unity.modules.hierarchycore@1.0.0 (location: C:\Users\user\Desktop\UNITY PROJECT\InertialNetcodeDemo\Library\PackageCache\com.unity.modules.hierarchycore)
    com.unity.ext.nunit@2.1.0 (location: C:\Users\user\Desktop\UNITY PROJECT\InertialNetcodeDemo\Library\PackageCache\com.unity.ext.nunit@0198eae3b53e)
    com.unity.render-pipelines.core@17.6.0 (location: C:\Users\user\Desktop\UNITY PROJECT\InertialNetcodeDemo\Library\PackageCache\com.unity.render-pipelines.core@2d66c71e606e)
    com.unity.shadergraph@17.6.0 (location: C:\Users\user\Desktop\UNITY PROJECT\InertialNetcodeDemo\Library\PackageCache\com.unity.shadergraph@ef6135652377)
    com.unity.render-pipelines.universal-config@17.6.0 (location: C:\Users\user\Desktop\UNITY PROJECT\InertialNetcodeDemo\Library\PackageCache\com.unity.render-pipelines.universal-config@561422b74439)
    com.unity.burst@2.0.0 (location: C:\Users\user\Desktop\UNITY PROJECT\InertialNetcodeDemo\Library\PackageCache\com.unity.burst@626e66ab421b)
    com.unity.collections@6.6.0 (location: C:\Users\user\Desktop\UNITY PROJECT\InertialNetcodeDemo\Library\PackageCache\com.unity.collections@10fff0607388)
    com.unity.2d.sprite@1.0.0 (location: C:\Users\user\Desktop\UNITY PROJECT\InertialNetcodeDemo\Library\PackageCache\com.unity.2d.sprite@947350d67f82)
    com.unity.mathematics@1.4.0 (location: C:\Users\user\Desktop\UNITY PROJECT\InertialNetcodeDemo\Library\PackageCache\com.unity.mathematics@8306a64d0cd6)
    com.unity.graph-authoring@1.0.0 (location: C:\Users\user\Desktop\UNITY PROJECT\InertialNetcodeDemo\Library\PackageCache\com.unity.graph-authoring@cfd2588851ee)
    com.unity.test-framework.performance@6.6.0 (location: C:\Users\user\Desktop\UNITY PROJECT\InertialNetcodeDemo\Library\PackageCache\com.unity.test-framework.performance@0a60b857a52e)
[Subsystems] No new subsystems found in resolved package list.
[Package Manager] Done registering packages in 0.04 seconds
Refreshing native plugins compatible for Editor in 4.01 ms, found 5 plugins.
Starting: C:\Program Files\Unity\Hub\Editor\6000.6.0f1\Editor\Data\Tools\BuildPipeline\bee_backend.exe --ipc --defer-dag-verification --dagfile="Library/Bee/1900b0aE.dag" --continue-on-failure --profile="Library/Bee/backend1.traceevents" ScriptAssemblies
WorkingDir: C:/Users/user/Desktop/UNITY PROJECT/InertialNetcodeDemo
warn: Unity.ILPP.Runner.PostProcessingAssemblyLoadContext[0]
      Assembly system.runtime.interopservices.windowsruntime has duplicate hint path. Ignoring "C:\Program Files\Unity\Hub\Editor\6000.6.0f1\Editor\Data\UnityReferenceAssemblies\unity-4.8-api\Facades\System.Runtime.InteropServices.WindowsRuntime.dll" in favor of "C:\Program Files\Unity\Hub\Editor\6000.6.0f1\Editor\Data\NetStandard\Extensions\2.0.0\System.Runtime.InteropServices.WindowsRuntime.dll"
warn: Unity.ILPP.Runner.PostProcessingAssemblyLoadContext[0]
      Assembly system.componentmodel.composition has duplicate hint path. Ignoring "C:\Program Files\Unity\Hub\Editor\6000.6.0f1\Editor\Data\UnityReferenceAssemblies\unity-4.8-api\System.ComponentModel.Composition.dll" in favor of "C:\Program Files\Unity\Hub\Editor\6000.6.0f1\Editor\Data\NetStandard\compat\2.1.0\shims\netfx\System.ComponentModel.Composition.dll"
ExitCode: 0 Duration: 0s793ms
[1219/1607  0s] ILPP-Configuration Library/ilpp-configuration.nevergeneratedoutput
*** Tundra build success (0.76 seconds), 1 items updated, 1607 evaluated
AssetDatabase: script compilation time: 1.345460s
Begin MonoManager ReloadAssembly
Total cache size 247631464
Total cache size after purge 247631464, took 00:00:00.2629974
Symbol file LoadedFromMemory is not a mono symbol file
Symbol file LoadedFromMemory is not a mono symbol file
'Packages/com.unity.render-pipelines.core/Editor/Deprecated.cs' contains partial class of Unity.Object, exactly 1 of the partial classes needs to be in a file with the same filename. This is to know the one that can be referenced from ie. GameObjects
'Packages/com.unity.render-pipelines.core/Editor/Deprecated.cs' contains partial class of Unity.Object, exactly 1 of the partial classes needs to be in a file with the same filename. This is to know the one that can be referenced from ie. GameObjects
Refreshing native plugins compatible for Editor in 3.10 ms, found 5 plugins.
Native extension for WindowsStandalone target not found
Native extension for WebGL target not found
Refreshing native plugins compatible for Editor in 3.07 ms, found 5 plugins.
[Licensing::Client] Error: Code 404 while processing request (status: Found 0 entitlement groups and 0 free entitlements matching requested entitlement ids)
ScheduleIndexationOnStartup MainProcess:True IndexOnStartup:True
Scripting: successfully reloaded assembly
- Finished resetting the current domain, in  1.579 seconds
Domain Reload Profiling: 2788ms
	BeginReloadAssembly (247ms)
		DisableScriptedObjects (51ms)
		CreateAndSetChildDomain (48ms)
	RebuildCommonClasses (8ms)
	RebuildNativeTypeToScriptingClass (13ms)
	initialDomainReloadingComplete (89ms)
	LoadAllAssembliesAndSetupDomain (850ms)
		LoadAssemblies (417ms)
		TypeCache.Refresh (286ms)
			TypeCache.ScanAssembly (269ms)
		AnalyzeDomain (90ms)
			BuildScriptInfoCaches (81ms)
			ResolveRequiredComponents (7ms)
	FinalizeReload (1580ms)
		SetupLoadedEditorAssemblies (0ms)
			BeforeProcessingInitializeOnLoad (121ms)
			ProcessInitializeOnLoadAttributes (877ms)
			ProcessInitializeOnLoadMethodAttributes (228ms)
			AfterProcessingInitializeOnLoad (5ms)
		AwakeInstancesAfterBackupRestoration (25ms)
Starting new worker id: 0 with log in C:/Users/user/Desktop/UNITY PROJECT/InertialNetcodeDemo/Logs/AssetImportWorkerHW0.log

Asset Pipeline Refresh (id=50b5a56ab36ce004da212bc43004860a): Total: 5.004 seconds - Initiated by InitialRefreshV2(ForceSynchronousImport)
	(Values over 0.05ms)
	Summary:
		Imports: total=0 (actual=0, local cache=0, cache server=0)
		Asset DB Process Time: managed=0 ms, native=2203 ms
		Asset DB Callback time: managed=44 ms, native=43 ms
		Scripting: domain reloads=1, domain reload time=1281 ms, compile time=1347 ms, other=83 ms
		Project Asset Count: scripts=2183, non-scripts=5413
		Asset File Changes: new=0, changed=0, moved=0, deleted=0
		Scan Filter Count: 0
	InvokePackagesCallback: 44.871ms
	ApplyChangesToAssetFolders: 0.751ms
	Scan: 151.268ms
	Collect global state as custom dependencies: 17.971ms
	CategorizeScriptCompilationAssets: 60.281ms
	ProcessAssetsWithTransientArtifactChanges: 84.080ms
	CategorizeAssets: 82.745ms
	CompileScripts: 1347.395ms
	ImportOutOfDateAssets: 1603.298ms (1591.765ms without children)
		UnloadImportedAssets: 1.297ms
		EnsureUptoDateAssetsAreRegisteredWithGuidPM: 1.002ms
		ImportSchedulerStart: 9.189ms
	PostProcessAllAssets: 44.890ms
		MonoPostProcessAllAssets: 44.810ms
			UniversalRenderPipelineGlobalSettingsPostprocessor.OnPostprocessAllAssets 21.202ms
			SpeedTree9Postprocessor.OnPostprocessAllAssets 2.127ms
			GraphRefreshPostprocessor.OnPostprocessAllAssets 2.085ms
			WindowAssetPostprocessingWatcher.OnPostprocessAllAssets 1.519ms
			AssetChangeDetector.OnPostprocessAllAssets 1.019ms
			EditModeScopePostprocessor.OnPostprocessAllAssets 0.969ms
			RenderPipelineGlobalSettingsPostprocessor.OnPostprocessAllAssets 0.715ms
			ShaderReflectionAssetPostProcessor.OnPostprocessAllAssets 0.526ms
			InputActionAssetPostprocessor.OnPostprocessAllAssets 0.376ms
			TerrainToolbarOverlayPostProcessor.OnPostprocessAllAssets 0.261ms
			ReferencedClipsPostProcessor.OnPostprocessAllAssets 0.251ms
			AssetDatabaseCallbacks.OnPostprocessAllAssets 0.238ms
			ProjectSettingsPostprocessor.OnPostprocessAllAssets 0.231ms
			SyncVS.PostprocessSyncProject 0.165ms
	UnloadStreamsBegin: 1.506ms
	PersistCurrentRevisions: 0.246ms
	GenerateScriptTypeHashes: 1.751ms
	GenerateScriptTypeSerializationHashes: 3.129ms
	Untracked: 1513.912ms

Application.AssetDatabase Initial Refresh End
Launched and connected shader compiler UnityShaderCompiler.exe after 0.01 seconds
Scanning for USB devices : 5.785ms
Initializing Unity extensions:
[MODES] ModeService[none].Initialize
[MODES] ModeService[none].LoadModes
[MODES] Loading mode Default (0) for mode-current-id-InertialNetcodeDemo
Unloading 106 Unused Serialized files (Serialized files now loaded: 0)
Loaded scene 'Assets/hackathon.unity'
	Deserialize:            10.204 ms
	Integration:            29.019 ms
	Integration of assets:  2.593 ms
	Thread Wait Time:       0.022 ms
	Total Operation Time:   41.839 ms
Unloading 10277 unused Assets / (30.8 MB). Loaded Objects now: 11336.
Memory consumption went from 0.56 GB to 0.53 GB.
Total: 21.541300 ms (FindLiveObjects: 0.717700 ms CreateObjectMapping: 0.358800 ms MarkObjects: 12.056600 ms  DeleteObjects: 8.091900 ms)

[LAYOUT] About to load UserSettings\Layouts\default-6000.dwlt, keepMainWindow=False
[LAYOUT] About to save layout C:\Users\user\Desktop\UNITY PROJECT\InertialNetcodeDemo\UserSettings\Layouts\default-6000.dwlt
[LAYOUT] About to save layout C:/Users/user/AppData/Roaming/Unity/Editor-5.x/Preferences\Layouts\current\default-6000.dwlt
[MODES] ModeService[default].InitializeCurrentMode
[MODES] ModeService[default].RaiseModeChanged(default, default)
<RI> Initializing input.
Using Windows.Gaming.Input
[Project] Loading completed in 9.074 seconds
	Project init time: 				7.696 seconds
		Template init time: 		0.000 seconds
		Package Manager init time: 		0.215 seconds
		Asset Database init time: 		0.675 seconds
		Global illumination init time: 	0.002 seconds
		Assemblies load time: 			1.140 seconds
		Unity extensions init time: 	0.044 seconds
		Asset Database refresh time: 	5.004 seconds
	Scene opening time: 			1.053 seconds
##utp:{"type":"ProjectInfo","version":2,"phase":"Immediate","time":1789063538676,"processId":32376,"projectLoad":9.0742687,"projectInit":7.6962199,"templateInit":0.0,"packageManagerInit":0.2151722,"assetDatabaseInit":0.6750588,"globalIlluminationInit":0.0019685,"assembliesLoad":1.1402401,"unityExtensionsInit":0.0442132,"assetDatabaseRefresh":5.0041519,"sceneOpening":1.0530298}
##utp:{"type":"EditorInfo","version":2,"phase":"Immediate","time":1789063538676,"processId":32376,"editorVersion":"6000.6.0f1 (f7f8ed4d1e24)","branch":"6000.6/respin/6000.6.0f1-fa21a270ab12","buildType":"Release","platform":"Windows"}
GPU Resident Drawer created.
Worker ready: AssetImportWorkerHW0 0
Created GICache directory at C:/Users/user/AppData/LocalLow/Unity/Caches/GiCache. Took: 0.016s, timestamps: [10.228 - 10.244]
[Licensing::Client] Successfully resolved entitlement details
[Licensing::Client] Successfully resolved entitlement details
[Licensing::Client] Successfully resolved entitlement details
[Licensing::Client] Successfully updated the access token
[Licensing::Module] Successfully updated access token: "ngkodigN"... (expires: 2026-09-10T19:27:35Z)
[Licensing::Client] Successfully resolved entitlement details
UPID Received '27d3c1c9-2ca6-4457-9b66-da08df0230d7'.
[Licensing::Client] Successfully resolved entitlement details
[Licensing::Client] Error: Code 404 while processing request (status: Found 0 entitlement groups and 0 free entitlements matching requested entitlement ids)
[Licensing::Client] Error: Code 404 while processing request (status: Found 0 entitlement groups and 0 free entitlements matching requested entitlement ids)
[Licensing::Client] Error: Code 404 while processing request (status: Found 0 entitlement groups and 0 free entitlements matching requested entitlement ids)
[Licensing::Client] Error: Code 404 while processing request (status: Found 0 entitlement groups and 0 free entitlements matching requested entitlement ids)
[Licensing::Client] Error: Code 404 while processing request (status: Found 0 entitlement groups and 0 free entitlements matching requested entitlement ids)
[Licensing::Client] Error: Code 404 while processing request (status: Found 0 entitlement groups and 0 free entitlements matching requested entitlement ids)
[Licensing::Client] Error: Code 404 while processing request (status: Found 0 entitlement groups and 0 free entitlements matching requested entitlement ids)
[Licensing::Client] Error: Code 404 while processing request (status: Found 0 entitlement groups and 0 free entitlements matching requested entitlement ids)
[Licensing::Client] Error: Code 404 while processing request (status: Found 0 entitlement groups and 0 free entitlements matching requested entitlement ids)
[Licensing::Client] Error: Code 404 while processing request (status: Found 0 entitlement groups and 0 free entitlements matching requested entitlement ids)
[Licensing::Client] Error: Code 404 while processing request (status: Found 0 entitlement groups and 0 free entitlements matching requested entitlement ids)
[Licensing::Client] Error: Code 404 while processing request (status: Found 0 entitlement groups and 0 free entitlements matching requested entitlement ids)
[Licensing::Client] Error: Code 404 while processing request (status: Found 0 entitlement groups and 0 free entitlements matching requested entitlement ids)
[Licensing::Client] Error: Code 404 while processing request (status: Found 0 entitlement groups and 0 free entitlements matching requested entitlement ids)
Error reason is 'NoSubscription' and no additional error information was provided (https://generators.ai.unity.com).
UnityEngine.Debug:ExtractStackTraceNoAlloc (byte*,int,string)
UnityEngine.StackTraceUtility:ExtractStackTrace ()
UnityEngine.DebugLogHandler:Internal_Log (UnityEngine.LogType,UnityEngine.LogOption,string,UnityEngine.Object)
UnityEngine.DebugLogHandler:LogFormat (UnityEngine.LogType,UnityEngine.Object,string,object[])
UnityEngine.Logger:Log (UnityEngine.LogType,object)
UnityEngine.Debug:Log (object)
Unity.AI.ModelSelector.Services.Stores.Actions.ModelSelectorSuperProxyActions/<>c/<<-cctor>b__8_0>d:MoveNext () (at ./Library/PackageCache/com.unity.ai.assistant@8d1e3e89e3a7/Modules/Unity.AI.ModelSelector/Services/Stores/Actions/ModelSelectorSuperProxyActions.cs:495)
System.Runtime.CompilerServices.AsyncMethodBuilderCore/MoveNextRunner:InvokeMoveNext (object)
System.Threading.ExecutionContext:RunInternal (System.Threading.ExecutionContext,System.Threading.ContextCallback,object,bool)
System.Threading.ExecutionContext:Run (System.Threading.ExecutionContext,System.Threading.ContextCallback,object,bool)
System.Runtime.CompilerServices.AsyncMethodBuilderCore/MoveNextRunner:Run ()
System.Threading.Tasks.AwaitTaskContinuation:InvokeAction (object)
System.Threading.Tasks.AwaitTaskContinuation:RunCallback (System.Threading.ContextCallback,object,System.Threading.Tasks.Task&)
System.Threading.Tasks.SynchronizationContextAwaitTaskContinuation:Run (System.Threading.Tasks.Task,bool)
System.Threading.Tasks.Task:FinishContinuations ()
System.Threading.Tasks.Task:FinishStageThree ()
System.Threading.Tasks.Task`1<AiEditorToolsSdk.Components.Common.Responses.Wrappers.OperationResult`1<AiEditorToolsSdk.Components.GenerativeModels.Responses.ModelListV2.ModelListFullResult>>:TrySetResult (AiEditorToolsSdk.Components.Common.Responses.Wrappers.OperationResult`1<AiEditorToolsSdk.Components.GenerativeModels.Responses.ModelListV2.ModelListFullResult>)
System.Runtime.CompilerServices.AsyncTaskMethodBuilder`1<AiEditorToolsSdk.Components.Common.Responses.Wrappers.OperationResult`1<AiEditorToolsSdk.Components.GenerativeModels.Responses.ModelListV2.ModelListFullResult>>:SetResult (AiEditorToolsSdk.Components.Common.Responses.Wrappers.OperationResult`1<AiEditorToolsSdk.Components.GenerativeModels.Responses.ModelListV2.ModelListFullResult>)
AiEditorToolsSdk.Components.GenerativeModels.GenerativeModelsComponentV2/<GetModelsAsync>d__5:MoveNext ()
System.Runtime.CompilerServices.AsyncMethodBuilderCore/MoveNextRunner:InvokeMoveNext (object)
System.Threading.ExecutionContext:RunInternal (System.Threading.ExecutionContext,System.Threading.ContextCallback,object,bool)
System.Threading.ExecutionContext:Run (System.Threading.ExecutionContext,System.Threading.ContextCallback,object,bool)
System.Runtime.CompilerServices.AsyncMethodBuilderCore/MoveNextRunner:Run ()
System.Threading.Tasks.AwaitTaskContinuation:InvokeAction (object)
System.Threading.Tasks.AwaitTaskContinuation:RunCallback (System.Threading.ContextCallback,object,System.Threading.Tasks.Task&)
System.Threading.Tasks.SynchronizationContextAwaitTaskContinuation:Run (System.Threading.Tasks.Task,bool)
System.Threading.Tasks.Task:FinishContinuations ()
System.Threading.Tasks.Task:FinishStageThree ()
System.Threading.Tasks.Task`1<AiEditorToolsSdk.Components.Common.Responses.Wrappers.OperationResult`1<AiEditorToolsSdk.Components.GenerativeModels.Responses.ModelListV2.ModelListFullResult>>:TrySetResult (AiEditorToolsSdk.Components.Common.Responses.Wrappers.OperationResult`1<AiEditorToolsSdk.Components.GenerativeModels.Responses.ModelListV2.ModelListFullResult>)
System.Runtime.CompilerServices.AsyncTaskMethodBuilder`1<AiEditorToolsSdk.Components.Common.Responses.Wrappers.OperationResult`1<AiEditorToolsSdk.Components.GenerativeModels.Responses.ModelListV2.ModelListFullResult>>:SetResult (AiEditorToolsSdk.Components.Common.Responses.Wrappers.OperationResult`1<AiEditorToolsSdk.Components.GenerativeModels.Responses.ModelListV2.ModelListFullResult>)
AiEditorToolsSdk.Application.InternalServices.SdkOperation.SdkOperationService/<ExecuteRequest>d__4`1<AiEditorToolsSdk.Components.GenerativeModels.Responses.ModelListV2.ModelListFullResult>:MoveNext ()
System.Runtime.CompilerServices.AsyncMethodBuilderCore/MoveNextRunner:InvokeMoveNext (object)
System.Threading.ExecutionContext:RunInternal (System.Threading.ExecutionContext,System.Threading.ContextCallback,object,bool)
System.Threading.ExecutionContext:Run (System.Threading.ExecutionContext,System.Threading.ContextCallback,object,bool)
System.Runtime.CompilerServices.AsyncMethodBuilderCore/MoveNextRunner:Run ()
System.Threading.Tasks.AwaitTaskContinuation:InvokeAction (object)
System.Threading.Tasks.AwaitTaskContinuation:RunCallback (System.Threading.ContextCallback,object,System.Threading.Tasks.Task&)
System.Threading.Tasks.SynchronizationContextAwaitTaskContinuation:Run (System.Threading.Tasks.Task,bool)
System.Threading.Tasks.Task:FinishContinuations ()
System.Threading.Tasks.Task:FinishStageThree ()
System.Threading.Tasks.Task`1<AiEditorToolsSdk.Components.Common.Responses.Wrappers.OperationResult`1<AiEditorToolsSdk.Components.GenerativeModels.Responses.ModelListV2.ModelListFullResult>>:TrySetResult (AiEditorToolsSdk.Components.Common.Responses.Wrappers.OperationResult`1<AiEditorToolsSdk.Components.GenerativeModels.Responses.ModelListV2.ModelListFullResult>)
System.Runtime.CompilerServices.AsyncTaskMethodBuilder`1<AiEditorToolsSdk.Components.Common.Responses.Wrappers.OperationResult`1<AiEditorToolsSdk.Components.GenerativeModels.Responses.ModelListV2.ModelListFullResult>>:SetResult (AiEditorToolsSdk.Components.Common.Responses.Wrappers.OperationResult`1<AiEditorToolsSdk.Components.GenerativeModels.Responses.ModelListV2.ModelListFullResult>)
AiEditorToolsSdk.Application.Gateways.GenerativeModels.V2.GenerativeModelsGatewayV2/<GetModelsAsync>d__4:MoveNext ()
System.Runtime.CompilerServices.AsyncMethodBuilderCore/MoveNextRunner:InvokeMoveNext (object)
System.Threading.ExecutionContext:RunInternal (System.Threading.ExecutionContext,System.Threading.ContextCallback,object,bool)
System.Threading.ExecutionContext:Run (System.Threading.ExecutionContext,System.Threading.ContextCallback,object,bool)
System.Runtime.CompilerServices.AsyncMethodBuilderCore/MoveNextRunner:Run ()
System.Threading.Tasks.AwaitTaskContinuation:InvokeAction (object)
System.Threading.Tasks.AwaitTaskContinuation:RunCallback (System.Threading.ContextCallback,object,System.Threading.Tasks.Task&)
System.Threading.Tasks.SynchronizationContextAwaitTaskContinuation:Run (System.Threading.Tasks.Task,bool)
System.Threading.Tasks.Task:FinishContinuations ()
System.Threading.Tasks.Task:FinishStageThree ()
System.Threading.Tasks.Task`1<AiEditorToolsSdk.Domain.Core.Results.Result`2<SuperProxyClientV1Namespace.ModelListFullResponse, AiEditorToolsSdk.Domain.Core.Errors.ApiError>>:TrySetResult (AiEditorToolsSdk.Domain.Core.Results.Result`2<SuperProxyClientV1Namespace.ModelListFullResponse, AiEditorToolsSdk.Domain.Core.Errors.ApiError>)
System.Runtime.CompilerServices.AsyncTaskMethodBuilder`1<AiEditorToolsSdk.Domain.Core.Results.Result`2<SuperProxyClientV1Namespace.ModelListFullResponse, AiEditorToolsSdk.Domain.Core.Errors.ApiError>>:SetResult (AiEditorToolsSdk.Domain.Core.Results.Result`2<SuperProxyClientV1Namespace.ModelListFullResponse, AiEditorToolsSdk.Domain.Core.Errors.ApiError>)
AiEditorToolsSdk.Application.InternalServices.ApiClientProcessor.ApiClientProcessorService/<ProcessApiRequest>d__5`1<SuperProxyClientV1Namespace.ModelListFullResponse>:MoveNext ()
System.Runtime.CompilerServices.AsyncMethodBuilderCore/MoveNextRunner:InvokeMoveNext (object)
System.Threading.ExecutionContext:RunInternal (System.Threading.ExecutionContext,System.Threading.ContextCallback,object,bool)
System.Threading.ExecutionContext:Run (System.Threading.ExecutionContext,System.Threading.ContextCallback,object,bool)
System.Runtime.CompilerServices.AsyncMethodBuilderCore/MoveNextRunner:Run ()
System.Threading.Tasks.AwaitTaskContinuation:InvokeAction (object)
System.Threading.Tasks.AwaitTaskContinuation:RunCallback (System.Threading.ContextCallback,object,System.Threading.Tasks.Task&)
System.Threading.Tasks.SynchronizationContextAwaitTaskContinuation:Run (System.Threading.Tasks.Task,bool)
System.Threading.Tasks.Task:FinishContinuations ()
System.Threading.Tasks.Task:FinishStageThree ()
System.Threading.Tasks.Task`1<AiEditorToolsSdk.Domain.Core.Results.Result`2<SuperProxyClientV1Namespace.ModelListFullResponse, AiEditorToolsSdk.Domain.Core.Errors.ApiError>>:TrySetResult (AiEditorToolsSdk.Domain.Core.Results.Result`2<SuperProxyClientV1Namespace.ModelListFullResponse, AiEditorToolsSdk.Domain.Core.Errors.ApiError>)
System.Runtime.CompilerServices.AsyncTaskMethodBuilder`1<AiEditorToolsSdk.Domain.Core.Results.Result`2<SuperProxyClientV1Namespace.ModelListFullResponse, AiEditorToolsSdk.Domain.Core.Errors.ApiError>>:SetResult (AiEditorToolsSdk.Domain.Core.Results.Result`2<SuperProxyClientV1Namespace.ModelListFullResponse, AiEditorToolsSdk.Domain.Core.Errors.ApiError>)
AiEditorToolsSdk.Application.InternalServices.ApiClientProcessor.ApiClientProcessorService/<ProcessApiRequestImpl>d__6`1<SuperProxyClientV1Namespace.ModelListFullResponse>:MoveNext ()
System.Runtime.CompilerServices.AsyncMethodBuilderCore/MoveNextRunner:InvokeMoveNext (object)
System.Threading.ExecutionContext:RunInternal (System.Threading.ExecutionContext,System.Threading.ContextCallback,object,bool)
System.Threading.ExecutionContext:Run (System.Threading.ExecutionContext,System.Threading.ContextCallback,object,bool)
System.Runtime.CompilerServices.AsyncMethodBuilderCore/MoveNextRunner:Run ()
System.Threading.Tasks.AwaitTaskContinuation:InvokeAction (object)
System.Threading.Tasks.AwaitTaskContinuation:RunCallback (System.Threading.ContextCallback,object,System.Threading.Tasks.Task&)
System.Threading.Tasks.SynchronizationContextAwaitTaskContinuation:Run (System.Threading.Tasks.Task,bool)
System.Threading.Tasks.Task:FinishContinuations ()
System.Threading.Tasks.Task:FinishStageThree ()
System.Threading.Tasks.Task:FinishStageTwo ()
System.Threading.Tasks.Task:Finish (bool)
System.Threading.Tasks.Task:TrySetException (object)
System.Runtime.CompilerServices.AsyncTaskMethodBuilder`1<SuperProxyClientV1Namespace.ModelListFullResponse>:SetException (System.Exception)
AiEditorToolsSdk.Application.Gateways.GenerativeModels.V2.GenerativeModelsGatewayV2/<>c__DisplayClass4_0/<<GetModelsAsync>b__0>d:MoveNext ()
System.Runtime.CompilerServices.AsyncMethodBuilderCore/MoveNextRunner:InvokeMoveNext (object)
System.Threading.ExecutionContext:RunInternal (System.Threading.ExecutionContext,System.Threading.ContextCallback,object,bool)
System.Threading.ExecutionContext:Run (System.Threading.ExecutionContext,System.Threading.ContextCallback,object,bool)
System.Runtime.CompilerServices.AsyncMethodBuilderCore/MoveNextRunner:Run ()
System.Threading.Tasks.SynchronizationContextAwaitTaskContinuation/<>c:<.cctor>b__7_0 (object)
UnityEngine.UnitySynchronizationContext/WorkRequest:Invoke ()
UnityEngine.UnitySynchronizationContext:Exec ()
UnityEngine.UnitySynchronizationContext:ExecuteTasks ()

(Filename: ./Library/PackageCache/com.unity.ai.assistant@8d1e3e89e3a7/Modules/Unity.AI.ModelSelector/Services/Stores/Actions/ModelSelectorSuperProxyActions.cs Line: 495)

Error reason is 'NoSubscription' and no additional error information was provided (https://generators.ai.unity.com).
UnityEngine.Debug:ExtractStackTraceNoAlloc (byte*,int,string)
UnityEngine.StackTraceUtility:ExtractStackTrace ()
UnityEngine.DebugLogHandler:Internal_Log (UnityEngine.LogType,UnityEngine.LogOption,string,UnityEngine.Object)
UnityEngine.DebugLogHandler:LogFormat (UnityEngine.LogType,UnityEngine.Object,string,object[])
UnityEngine.Logger:Log (UnityEngine.LogType,object)
UnityEngine.Debug:Log (object)
Unity.AI.ModelSelector.Services.Stores.Actions.ModelSelectorSuperProxyActions/<>c/<<-cctor>b__8_0>d:MoveNext () (at ./Library/PackageCache/com.unity.ai.assistant@8d1e3e89e3a7/Modules/Unity.AI.ModelSelector/Services/Stores/Actions/ModelSelectorSuperProxyActions.cs:495)
System.Runtime.CompilerServices.AsyncMethodBuilderCore/MoveNextRunner:InvokeMoveNext (object)
System.Threading.ExecutionContext:RunInternal (System.Threading.ExecutionContext,System.Threading.ContextCallback,object,bool)
System.Threading.ExecutionContext:Run (System.Threading.ExecutionContext,System.Threading.ContextCallback,object,bool)
System.Runtime.CompilerServices.AsyncMethodBuilderCore/MoveNextRunner:Run ()
System.Threading.Tasks.AwaitTaskContinuation:InvokeAction (object)
System.Threading.Tasks.AwaitTaskContinuation:RunCallback (System.Threading.ContextCallback,object,System.Threading.Tasks.Task&)
System.Threading.Tasks.SynchronizationContextAwaitTaskContinuation:Run (System.Threading.Tasks.Task,bool)
System.Threading.Tasks.Task:FinishContinuations ()
System.Threading.Tasks.Task:FinishStageThree ()
System.Threading.Tasks.Task`1<AiEditorToolsSdk.Components.Common.Responses.Wrappers.OperationResult`1<AiEditorToolsSdk.Components.GenerativeModels.Responses.ModelListV2.ModelListFullResult>>:TrySetResult (AiEditorToolsSdk.Components.Common.Responses.Wrappers.OperationResult`1<AiEditorToolsSdk.Components.GenerativeModels.Responses.ModelListV2.ModelListFullResult>)
System.Runtime.CompilerServices.AsyncTaskMethodBuilder`1<AiEditorToolsSdk.Components.Common.Responses.Wrappers.OperationResult`1<AiEditorToolsSdk.Components.GenerativeModels.Responses.ModelListV2.ModelListFullResult>>:SetResult (AiEditorToolsSdk.Components.Common.Responses.Wrappers.OperationResult`1<AiEditorToolsSdk.Components.GenerativeModels.Responses.ModelListV2.ModelListFullResult>)
AiEditorToolsSdk.Components.GenerativeModels.GenerativeModelsComponentV2/<GetModelsAsync>d__5:MoveNext ()
System.Runtime.CompilerServices.AsyncMethodBuilderCore/MoveNextRunner:InvokeMoveNext (object)
System.Threading.ExecutionContext:RunInternal (System.Threading.ExecutionContext,System.Threading.ContextCallback,object,bool)
System.Threading.ExecutionContext:Run (System.Threading.ExecutionContext,System.Threading.ContextCallback,object,bool)
System.Runtime.CompilerServices.AsyncMethodBuilderCore/MoveNextRunner:Run ()
System.Threading.Tasks.AwaitTaskContinuation:InvokeAction (object)
System.Threading.Tasks.AwaitTaskContinuation:RunCallback (System.Threading.ContextCallback,object,System.Threading.Tasks.Task&)
System.Threading.Tasks.SynchronizationContextAwaitTaskContinuation:Run (System.Threading.Tasks.Task,bool)
System.Threading.Tasks.Task:FinishContinuations ()
System.Threading.Tasks.Task:FinishStageThree ()
System.Threading.Tasks.Task`1<AiEditorToolsSdk.Components.Common.Responses.Wrappers.OperationResult`1<AiEditorToolsSdk.Components.GenerativeModels.Responses.ModelListV2.ModelListFullResult>>:TrySetResult (AiEditorToolsSdk.Components.Common.Responses.Wrappers.OperationResult`1<AiEditorToolsSdk.Components.GenerativeModels.Responses.ModelListV2.ModelListFullResult>)
System.Runtime.CompilerServices.AsyncTaskMethodBuilder`1<AiEditorToolsSdk.Components.Common.Responses.Wrappers.OperationResult`1<AiEditorToolsSdk.Components.GenerativeModels.Responses.ModelListV2.ModelListFullResult>>:SetResult (AiEditorToolsSdk.Components.Common.Responses.Wrappers.OperationResult`1<AiEditorToolsSdk.Components.GenerativeModels.Responses.ModelListV2.ModelListFullResult>)
AiEditorToolsSdk.Application.InternalServices.SdkOperation.SdkOperationService/<ExecuteRequest>d__4`1<AiEditorToolsSdk.Components.GenerativeModels.Responses.ModelListV2.ModelListFullResult>:MoveNext ()
System.Runtime.CompilerServices.AsyncMethodBuilderCore/MoveNextRunner:InvokeMoveNext (object)
System.Threading.ExecutionContext:RunInternal (System.Threading.ExecutionContext,System.Threading.ContextCallback,object,bool)
System.Threading.ExecutionContext:Run (System.Threading.ExecutionContext,System.Threading.ContextCallback,object,bool)
System.Runtime.CompilerServices.AsyncMethodBuilderCore/MoveNextRunner:Run ()
System.Threading.Tasks.AwaitTaskContinuation:InvokeAction (object)
System.Threading.Tasks.AwaitTaskContinuation:RunCallback (System.Threading.ContextCallback,object,System.Threading.Tasks.Task&)
System.Threading.Tasks.SynchronizationContextAwaitTaskContinuation:Run (System.Threading.Tasks.Task,bool)
System.Threading.Tasks.Task:FinishContinuations ()
System.Threading.Tasks.Task:FinishStageThree ()
System.Threading.Tasks.Task`1<AiEditorToolsSdk.Components.Common.Responses.Wrappers.OperationResult`1<AiEditorToolsSdk.Components.GenerativeModels.Responses.ModelListV2.ModelListFullResult>>:TrySetResult (AiEditorToolsSdk.Components.Common.Responses.Wrappers.OperationResult`1<AiEditorToolsSdk.Components.GenerativeModels.Responses.ModelListV2.ModelListFullResult>)
System.Runtime.CompilerServices.AsyncTaskMethodBuilder`1<AiEditorToolsSdk.Components.Common.Responses.Wrappers.OperationResult`1<AiEditorToolsSdk.Components.GenerativeModels.Responses.ModelListV2.ModelListFullResult>>:SetResult (AiEditorToolsSdk.Components.Common.Responses.Wrappers.OperationResult`1<AiEditorToolsSdk.Components.GenerativeModels.Responses.ModelListV2.ModelListFullResult>)
AiEditorToolsSdk.Application.Gateways.GenerativeModels.V2.GenerativeModelsGatewayV2/<GetModelsAsync>d__4:MoveNext ()
System.Runtime.CompilerServices.AsyncMethodBuilderCore/MoveNextRunner:InvokeMoveNext (object)
System.Threading.ExecutionContext:RunInternal (System.Threading.ExecutionContext,System.Threading.ContextCallback,object,bool)
System.Threading.ExecutionContext:Run (System.Threading.ExecutionContext,System.Threading.ContextCallback,object,bool)
System.Runtime.CompilerServices.AsyncMethodBuilderCore/MoveNextRunner:Run ()
System.Threading.Tasks.AwaitTaskContinuation:InvokeAction (object)
System.Threading.Tasks.AwaitTaskContinuation:RunCallback (System.Threading.ContextCallback,object,System.Threading.Tasks.Task&)
System.Threading.Tasks.SynchronizationContextAwaitTaskContinuation:Run (System.Threading.Tasks.Task,bool)
System.Threading.Tasks.Task:FinishContinuations ()
System.Threading.Tasks.Task:FinishStageThree ()
System.Threading.Tasks.Task`1<AiEditorToolsSdk.Domain.Core.Results.Result`2<SuperProxyClientV1Namespace.ModelListFullResponse, AiEditorToolsSdk.Domain.Core.Errors.ApiError>>:TrySetResult (AiEditorToolsSdk.Domain.Core.Results.Result`2<SuperProxyClientV1Namespace.ModelListFullResponse, AiEditorToolsSdk.Domain.Core.Errors.ApiError>)
System.Runtime.CompilerServices.AsyncTaskMethodBuilder`1<AiEditorToolsSdk.Domain.Core.Results.Result`2<SuperProxyClientV1Namespace.ModelListFullResponse, AiEditorToolsSdk.Domain.Core.Errors.ApiError>>:SetResult (AiEditorToolsSdk.Domain.Core.Results.Result`2<SuperProxyClientV1Namespace.ModelListFullResponse, AiEditorToolsSdk.Domain.Core.Errors.ApiError>)
AiEditorToolsSdk.Application.InternalServices.ApiClientProcessor.ApiClientProcessorService/<ProcessApiRequest>d__5`1<SuperProxyClientV1Namespace.ModelListFullResponse>:MoveNext ()
System.Runtime.CompilerServices.AsyncMethodBuilderCore/MoveNextRunner:InvokeMoveNext (object)
System.Threading.ExecutionContext:RunInternal (System.Threading.ExecutionContext,System.Threading.ContextCallback,object,bool)
System.Threading.ExecutionContext:Run (System.Threading.ExecutionContext,System.Threading.ContextCallback,object,bool)
System.Runtime.CompilerServices.AsyncMethodBuilderCore/MoveNextRunner:Run ()
System.Threading.Tasks.AwaitTaskContinuation:InvokeAction (object)
System.Threading.Tasks.AwaitTaskContinuation:RunCallback (System.Threading.ContextCallback,object,System.Threading.Tasks.Task&)
System.Threading.Tasks.SynchronizationContextAwaitTaskContinuation:Run (System.Threading.Tasks.Task,bool)
System.Threading.Tasks.Task:FinishContinuations ()
System.Threading.Tasks.Task:FinishStageThree ()
System.Threading.Tasks.Task`1<AiEditorToolsSdk.Domain.Core.Results.Result`2<SuperProxyClientV1Namespace.ModelListFullResponse, AiEditorToolsSdk.Domain.Core.Errors.ApiError>>:TrySetResult (AiEditorToolsSdk.Domain.Core.Results.Result`2<SuperProxyClientV1Namespace.ModelListFullResponse, AiEditorToolsSdk.Domain.Core.Errors.ApiError>)
System.Runtime.CompilerServices.AsyncTaskMethodBuilder`1<AiEditorToolsSdk.Domain.Core.Results.Result`2<SuperProxyClientV1Namespace.ModelListFullResponse, AiEditorToolsSdk.Domain.Core.Errors.ApiError>>:SetResult (AiEditorToolsSdk.Domain.Core.Results.Result`2<SuperProxyClientV1Namespace.ModelListFullResponse, AiEditorToolsSdk.Domain.Core.Errors.ApiError>)
AiEditorToolsSdk.Application.InternalServices.ApiClientProcessor.ApiClientProcessorService/<ProcessApiRequestImpl>d__6`1<SuperProxyClientV1Namespace.ModelListFullResponse>:MoveNext ()
System.Runtime.CompilerServices.AsyncMethodBuilderCore/MoveNextRunner:InvokeMoveNext (object)
System.Threading.ExecutionContext:RunInternal (System.Threading.ExecutionContext,System.Threading.ContextCallback,object,bool)
System.Threading.ExecutionContext:Run (System.Threading.ExecutionContext,System.Threading.ContextCallback,object,bool)
System.Runtime.CompilerServices.AsyncMethodBuilderCore/MoveNextRunner:Run ()
System.Threading.Tasks.AwaitTaskContinuation:InvokeAction (object)
System.Threading.Tasks.AwaitTaskContinuation:RunCallback (System.Threading.ContextCallback,object,System.Threading.Tasks.Task&)
System.Threading.Tasks.SynchronizationContextAwaitTaskContinuation:Run (System.Threading.Tasks.Task,bool)
System.Threading.Tasks.Task:FinishContinuations ()
System.Threading.Tasks.Task:FinishStageThree ()
System.Threading.Tasks.Task:FinishStageTwo ()
System.Threading.Tasks.Task:Finish (bool)
System.Threading.Tasks.Task:TrySetException (object)
System.Runtime.CompilerServices.AsyncTaskMethodBuilder`1<SuperProxyClientV1Namespace.ModelListFullResponse>:SetException (System.Exception)
AiEditorToolsSdk.Application.Gateways.GenerativeModels.V2.GenerativeModelsGatewayV2/<>c__DisplayClass4_0/<<GetModelsAsync>b__0>d:MoveNext ()
System.Runtime.CompilerServices.AsyncMethodBuilderCore/MoveNextRunner:InvokeMoveNext (object)
System.Threading.ExecutionContext:RunInternal (System.Threading.ExecutionContext,System.Threading.ContextCallback,object,bool)
System.Threading.ExecutionContext:Run (System.Threading.ExecutionContext,System.Threading.ContextCallback,object,bool)
System.Runtime.CompilerServices.AsyncMethodBuilderCore/MoveNextRunner:Run ()
System.Threading.Tasks.SynchronizationContextAwaitTaskContinuation/<>c:<.cctor>b__7_0 (object)
UnityEngine.UnitySynchronizationContext/WorkRequest:Invoke ()
UnityEngine.UnitySynchronizationContext:Exec ()
UnityEngine.UnitySynchronizationContext:ExecuteTasks ()

(Filename: ./Library/PackageCache/com.unity.ai.assistant@8d1e3e89e3a7/Modules/Unity.AI.ModelSelector/Services/Stores/Actions/ModelSelectorSuperProxyActions.cs Line: 495)

Error reason is 'NoSubscription' and no additional error information was provided (https://generators.ai.unity.com).
UnityEngine.Debug:ExtractStackTraceNoAlloc (byte*,int,string)
UnityEngine.StackTraceUtility:ExtractStackTrace ()
UnityEngine.DebugLogHandler:Internal_Log (UnityEngine.LogType,UnityEngine.LogOption,string,UnityEngine.Object)
UnityEngine.DebugLogHandler:LogFormat (UnityEngine.LogType,UnityEngine.Object,string,object[])
UnityEngine.Logger:Log (UnityEngine.LogType,object)
UnityEngine.Debug:Log (object)
Unity.AI.ModelSelector.Services.Stores.Actions.ModelSelectorSuperProxyActions/<>c/<<-cctor>b__8_0>d:MoveNext () (at ./Library/PackageCache/com.unity.ai.assistant@8d1e3e89e3a7/Modules/Unity.AI.ModelSelector/Services/Stores/Actions/ModelSelectorSuperProxyActions.cs:495)
System.Runtime.CompilerServices.AsyncMethodBuilderCore/MoveNextRunner:InvokeMoveNext (object)
System.Threading.ExecutionContext:RunInternal (System.Threading.ExecutionContext,System.Threading.ContextCallback,object,bool)
System.Threading.ExecutionContext:Run (System.Threading.ExecutionContext,System.Threading.ContextCallback,object,bool)
System.Runtime.CompilerServices.AsyncMethodBuilderCore/MoveNextRunner:Run ()
System.Threading.Tasks.AwaitTaskContinuation:InvokeAction (object)
System.Threading.Tasks.AwaitTaskContinuation:RunCallback (System.Threading.ContextCallback,object,System.Threading.Tasks.Task&)
System.Threading.Tasks.SynchronizationContextAwaitTaskContinuation:Run (System.Threading.Tasks.Task,bool)
System.Threading.Tasks.Task:FinishContinuations ()
System.Threading.Tasks.Task:FinishStageThree ()
System.Threading.Tasks.Task`1<AiEditorToolsSdk.Components.Common.Responses.Wrappers.OperationResult`1<AiEditorToolsSdk.Components.GenerativeModels.Responses.ModelListV2.ModelListFullResult>>:TrySetResult (AiEditorToolsSdk.Components.Common.Responses.Wrappers.OperationResult`1<AiEditorToolsSdk.Components.GenerativeModels.Responses.ModelListV2.ModelListFullResult>)
System.Runtime.CompilerServices.AsyncTaskMethodBuilder`1<AiEditorToolsSdk.Components.Common.Responses.Wrappers.OperationResult`1<AiEditorToolsSdk.Components.GenerativeModels.Responses.ModelListV2.ModelListFullResult>>:SetResult (AiEditorToolsSdk.Components.Common.Responses.Wrappers.OperationResult`1<AiEditorToolsSdk.Components.GenerativeModels.Responses.ModelListV2.ModelListFullResult>)
AiEditorToolsSdk.Components.GenerativeModels.GenerativeModelsComponentV2/<GetModelsAsync>d__5:MoveNext ()
System.Runtime.CompilerServices.AsyncMethodBuilderCore/MoveNextRunner:InvokeMoveNext (object)
System.Threading.ExecutionContext:RunInternal (System.Threading.ExecutionContext,System.Threading.ContextCallback,object,bool)
System.Threading.ExecutionContext:Run (System.Threading.ExecutionContext,System.Threading.ContextCallback,object,bool)
System.Runtime.CompilerServices.AsyncMethodBuilderCore/MoveNextRunner:Run ()
System.Threading.Tasks.AwaitTaskContinuation:InvokeAction (object)
System.Threading.Tasks.AwaitTaskContinuation:RunCallback (System.Threading.ContextCallback,object,System.Threading.Tasks.Task&)
System.Threading.Tasks.SynchronizationContextAwaitTaskContinuation:Run (System.Threading.Tasks.Task,bool)
System.Threading.Tasks.Task:FinishContinuations ()
System.Threading.Tasks.Task:FinishStageThree ()
System.Threading.Tasks.Task`1<AiEditorToolsSdk.Components.Common.Responses.Wrappers.OperationResult`1<AiEditorToolsSdk.Components.GenerativeModels.Responses.ModelListV2.ModelListFullResult>>:TrySetResult (AiEditorToolsSdk.Components.Common.Responses.Wrappers.OperationResult`1<AiEditorToolsSdk.Components.GenerativeModels.Responses.ModelListV2.ModelListFullResult>)
System.Runtime.CompilerServices.AsyncTaskMethodBuilder`1<AiEditorToolsSdk.Components.Common.Responses.Wrappers.OperationResult`1<AiEditorToolsSdk.Components.GenerativeModels.Responses.ModelListV2.ModelListFullResult>>:SetResult (AiEditorToolsSdk.Components.Common.Responses.Wrappers.OperationResult`1<AiEditorToolsSdk.Components.GenerativeModels.Responses.ModelListV2.ModelListFullResult>)
AiEditorToolsSdk.Application.InternalServices.SdkOperation.SdkOperationService/<ExecuteRequest>d__4`1<AiEditorToolsSdk.Components.GenerativeModels.Responses.ModelListV2.ModelListFullResult>:MoveNext ()
System.Runtime.CompilerServices.AsyncMethodBuilderCore/MoveNextRunner:InvokeMoveNext (object)
System.Threading.ExecutionContext:RunInternal (System.Threading.ExecutionContext,System.Threading.ContextCallback,object,bool)
System.Threading.ExecutionContext:Run (System.Threading.ExecutionContext,System.Threading.ContextCallback,object,bool)
System.Runtime.CompilerServices.AsyncMethodBuilderCore/MoveNextRunner:Run ()
System.Threading.Tasks.AwaitTaskContinuation:InvokeAction (object)
System.Threading.Tasks.AwaitTaskContinuation:RunCallback (System.Threading.ContextCallback,object,System.Threading.Tasks.Task&)
System.Threading.Tasks.SynchronizationContextAwaitTaskContinuation:Run (System.Threading.Tasks.Task,bool)
System.Threading.Tasks.Task:FinishContinuations ()
System.Threading.Tasks.Task:FinishStageThree ()
System.Threading.Tasks.Task`1<AiEditorToolsSdk.Components.Common.Responses.Wrappers.OperationResult`1<AiEditorToolsSdk.Components.GenerativeModels.Responses.ModelListV2.ModelListFullResult>>:TrySetResult (AiEditorToolsSdk.Components.Common.Responses.Wrappers.OperationResult`1<AiEditorToolsSdk.Components.GenerativeModels.Responses.ModelListV2.ModelListFullResult>)
System.Runtime.CompilerServices.AsyncTaskMethodBuilder`1<AiEditorToolsSdk.Components.Common.Responses.Wrappers.OperationResult`1<AiEditorToolsSdk.Components.GenerativeModels.Responses.ModelListV2.ModelListFullResult>>:SetResult (AiEditorToolsSdk.Components.Common.Responses.Wrappers.OperationResult`1<AiEditorToolsSdk.Components.GenerativeModels.Responses.ModelListV2.ModelListFullResult>)
AiEditorToolsSdk.Application.Gateways.GenerativeModels.V2.GenerativeModelsGatewayV2/<GetModelsAsync>d__4:MoveNext ()
System.Runtime.CompilerServices.AsyncMethodBuilderCore/MoveNextRunner:InvokeMoveNext (object)
System.Threading.ExecutionContext:RunInternal (System.Threading.ExecutionContext,System.Threading.ContextCallback,object,bool)
System.Threading.ExecutionContext:Run (System.Threading.ExecutionContext,System.Threading.ContextCallback,object,bool)
System.Runtime.CompilerServices.AsyncMethodBuilderCore/MoveNextRunner:Run ()
System.Threading.Tasks.AwaitTaskContinuation:InvokeAction (object)
System.Threading.Tasks.AwaitTaskContinuation:RunCallback (System.Threading.ContextCallback,object,System.Threading.Tasks.Task&)
System.Threading.Tasks.SynchronizationContextAwaitTaskContinuation:Run (System.Threading.Tasks.Task,bool)
System.Threading.Tasks.Task:FinishContinuations ()
System.Threading.Tasks.Task:FinishStageThree ()
System.Threading.Tasks.Task`1<AiEditorToolsSdk.Domain.Core.Results.Result`2<SuperProxyClientV1Namespace.ModelListFullResponse, AiEditorToolsSdk.Domain.Core.Errors.ApiError>>:TrySetResult (AiEditorToolsSdk.Domain.Core.Results.Result`2<SuperProxyClientV1Namespace.ModelListFullResponse, AiEditorToolsSdk.Domain.Core.Errors.ApiError>)
System.Runtime.CompilerServices.AsyncTaskMethodBuilder`1<AiEditorToolsSdk.Domain.Core.Results.Result`2<SuperProxyClientV1Namespace.ModelListFullResponse, AiEditorToolsSdk.Domain.Core.Errors.ApiError>>:SetResult (AiEditorToolsSdk.Domain.Core.Results.Result`2<SuperProxyClientV1Namespace.ModelListFullResponse, AiEditorToolsSdk.Domain.Core.Errors.ApiError>)
AiEditorToolsSdk.Application.InternalServices.ApiClientProcessor.ApiClientProcessorService/<ProcessApiRequest>d__5`1<SuperProxyClientV1Namespace.ModelListFullResponse>:MoveNext ()
System.Runtime.CompilerServices.AsyncMethodBuilderCore/MoveNextRunner:InvokeMoveNext (object)
System.Threading.ExecutionContext:RunInternal (System.Threading.ExecutionContext,System.Threading.ContextCallback,object,bool)
System.Threading.ExecutionContext:Run (System.Threading.ExecutionContext,System.Threading.ContextCallback,object,bool)
System.Runtime.CompilerServices.AsyncMethodBuilderCore/MoveNextRunner:Run ()
System.Threading.Tasks.AwaitTaskContinuation:InvokeAction (object)
System.Threading.Tasks.AwaitTaskContinuation:RunCallback (System.Threading.ContextCallback,object,System.Threading.Tasks.Task&)
System.Threading.Tasks.SynchronizationContextAwaitTaskContinuation:Run (System.Threading.Tasks.Task,bool)
System.Threading.Tasks.Task:FinishContinuations ()
System.Threading.Tasks.Task:FinishStageThree ()
System.Threading.Tasks.Task`1<AiEditorToolsSdk.Domain.Core.Results.Result`2<SuperProxyClientV1Namespace.ModelListFullResponse, AiEditorToolsSdk.Domain.Core.Errors.ApiError>>:TrySetResult (AiEditorToolsSdk.Domain.Core.Results.Result`2<SuperProxyClientV1Namespace.ModelListFullResponse, AiEditorToolsSdk.Domain.Core.Errors.ApiError>)
System.Runtime.CompilerServices.AsyncTaskMethodBuilder`1<AiEditorToolsSdk.Domain.Core.Results.Result`2<SuperProxyClientV1Namespace.ModelListFullResponse, AiEditorToolsSdk.Domain.Core.Errors.ApiError>>:SetResult (AiEditorToolsSdk.Domain.Core.Results.Result`2<SuperProxyClientV1Namespace.ModelListFullResponse, AiEditorToolsSdk.Domain.Core.Errors.ApiError>)
AiEditorToolsSdk.Application.InternalServices.ApiClientProcessor.ApiClientProcessorService/<ProcessApiRequestImpl>d__6`1<SuperProxyClientV1Namespace.ModelListFullResponse>:MoveNext ()
System.Runtime.CompilerServices.AsyncMethodBuilderCore/MoveNextRunner:InvokeMoveNext (object)
System.Threading.ExecutionContext:RunInternal (System.Threading.ExecutionContext,System.Threading.ContextCallback,object,bool)
System.Threading.ExecutionContext:Run (System.Threading.ExecutionContext,System.Threading.ContextCallback,object,bool)
System.Runtime.CompilerServices.AsyncMethodBuilderCore/MoveNextRunner:Run ()
System.Threading.Tasks.AwaitTaskContinuation:InvokeAction (object)
System.Threading.Tasks.AwaitTaskContinuation:RunCallback (System.Threading.ContextCallback,object,System.Threading.Tasks.Task&)
System.Threading.Tasks.SynchronizationContextAwaitTaskContinuation:Run (System.Threading.Tasks.Task,bool)
System.Threading.Tasks.Task:FinishContinuations ()
System.Threading.Tasks.Task:FinishStageThree ()
System.Threading.Tasks.Task:FinishStageTwo ()
System.Threading.Tasks.Task:Finish (bool)
System.Threading.Tasks.Task:TrySetException (object)
System.Runtime.CompilerServices.AsyncTaskMethodBuilder`1<SuperProxyClientV1Namespace.ModelListFullResponse>:SetException (System.Exception)
AiEditorToolsSdk.Application.Gateways.GenerativeModels.V2.GenerativeModelsGatewayV2/<>c__DisplayClass4_0/<<GetModelsAsync>b__0>d:MoveNext ()
System.Runtime.CompilerServices.AsyncMethodBuilderCore/MoveNextRunner:InvokeMoveNext (object)
System.Threading.ExecutionContext:RunInternal (System.Threading.ExecutionContext,System.Threading.ContextCallback,object,bool)
System.Threading.ExecutionContext:Run (System.Threading.ExecutionContext,System.Threading.ContextCallback,object,bool)
System.Runtime.CompilerServices.AsyncMethodBuilderCore/MoveNextRunner:Run ()
System.Threading.Tasks.SynchronizationContextAwaitTaskContinuation/<>c:<.cctor>b__7_0 (object)
UnityEngine.UnitySynchronizationContext/WorkRequest:Invoke ()
UnityEngine.UnitySynchronizationContext:Exec ()
UnityEngine.UnitySynchronizationContext:ExecuteTasks ()

(Filename: ./Library/PackageCache/com.unity.ai.assistant@8d1e3e89e3a7/Modules/Unity.AI.ModelSelector/Services/Stores/Actions/ModelSelectorSuperProxyActions.cs Line: 495)

Error reason is 'NoSubscription' and no additional error information was provided (https://generators.ai.unity.com).
UnityEngine.Debug:ExtractStackTraceNoAlloc (byte*,int,string)
UnityEngine.StackTraceUtility:ExtractStackTrace ()
UnityEngine.DebugLogHandler:Internal_Log (UnityEngine.LogType,UnityEngine.LogOption,string,UnityEngine.Object)
UnityEngine.DebugLogHandler:LogFormat (UnityEngine.LogType,UnityEngine.Object,string,object[])
UnityEngine.Logger:Log (UnityEngine.LogType,object)
UnityEngine.Debug:Log (object)
Unity.AI.ModelSelector.Services.Stores.Actions.ModelSelectorSuperProxyActions/<>c/<<-cctor>b__8_0>d:MoveNext () (at ./Library/PackageCache/com.unity.ai.assistant@8d1e3e89e3a7/Modules/Unity.AI.ModelSelector/Services/Stores/Actions/ModelSelectorSuperProxyActions.cs:495)
System.Runtime.CompilerServices.AsyncMethodBuilderCore/MoveNextRunner:InvokeMoveNext (object)
System.Threading.ExecutionContext:RunInternal (System.Threading.ExecutionContext,System.Threading.ContextCallback,object,bool)
System.Threading.ExecutionContext:Run (System.Threading.ExecutionContext,System.Threading.ContextCallback,object,bool)
System.Runtime.CompilerServices.AsyncMethodBuilderCore/MoveNextRunner:Run ()
System.Threading.Tasks.AwaitTaskContinuation:InvokeAction (object)
System.Threading.Tasks.AwaitTaskContinuation:RunCallback (System.Threading.ContextCallback,object,System.Threading.Tasks.Task&)
System.Threading.Tasks.SynchronizationContextAwaitTaskContinuation:Run (System.Threading.Tasks.Task,bool)
System.Threading.Tasks.Task:FinishContinuations ()
System.Threading.Tasks.Task:FinishStageThree ()
System.Threading.Tasks.Task`1<AiEditorToolsSdk.Components.Common.Responses.Wrappers.OperationResult`1<AiEditorToolsSdk.Components.GenerativeModels.Responses.ModelListV2.ModelListFullResult>>:TrySetResult (AiEditorToolsSdk.Components.Common.Responses.Wrappers.OperationResult`1<AiEditorToolsSdk.Components.GenerativeModels.Responses.ModelListV2.ModelListFullResult>)
System.Runtime.CompilerServices.AsyncTaskMethodBuilder`1<AiEditorToolsSdk.Components.Common.Responses.Wrappers.OperationResult`1<AiEditorToolsSdk.Components.GenerativeModels.Responses.ModelListV2.ModelListFullResult>>:SetResult (AiEditorToolsSdk.Components.Common.Responses.Wrappers.OperationResult`1<AiEditorToolsSdk.Components.GenerativeModels.Responses.ModelListV2.ModelListFullResult>)
AiEditorToolsSdk.Components.GenerativeModels.GenerativeModelsComponentV2/<GetModelsAsync>d__5:MoveNext ()
System.Runtime.CompilerServices.AsyncMethodBuilderCore/MoveNextRunner:InvokeMoveNext (object)
System.Threading.ExecutionContext:RunInternal (System.Threading.ExecutionContext,System.Threading.ContextCallback,object,bool)
System.Threading.ExecutionContext:Run (System.Threading.ExecutionContext,System.Threading.ContextCallback,object,bool)
System.Runtime.CompilerServices.AsyncMethodBuilderCore/MoveNextRunner:Run ()
System.Threading.Tasks.AwaitTaskContinuation:InvokeAction (object)
System.Threading.Tasks.AwaitTaskContinuation:RunCallback (System.Threading.ContextCallback,object,System.Threading.Tasks.Task&)
System.Threading.Tasks.SynchronizationContextAwaitTaskContinuation:Run (System.Threading.Tasks.Task,bool)
System.Threading.Tasks.Task:FinishContinuations ()
System.Threading.Tasks.Task:FinishStageThree ()
System.Threading.Tasks.Task`1<AiEditorToolsSdk.Components.Common.Responses.Wrappers.OperationResult`1<AiEditorToolsSdk.Components.GenerativeModels.Responses.ModelListV2.ModelListFullResult>>:TrySetResult (AiEditorToolsSdk.Components.Common.Responses.Wrappers.OperationResult`1<AiEditorToolsSdk.Components.GenerativeModels.Responses.ModelListV2.ModelListFullResult>)
System.Runtime.CompilerServices.AsyncTaskMethodBuilder`1<AiEditorToolsSdk.Components.Common.Responses.Wrappers.OperationResult`1<AiEditorToolsSdk.Components.GenerativeModels.Responses.ModelListV2.ModelListFullResult>>:SetResult (AiEditorToolsSdk.Components.Common.Responses.Wrappers.OperationResult`1<AiEditorToolsSdk.Components.GenerativeModels.Responses.ModelListV2.ModelListFullResult>)
AiEditorToolsSdk.Application.InternalServices.SdkOperation.SdkOperationService/<ExecuteRequest>d__4`1<AiEditorToolsSdk.Components.GenerativeModels.Responses.ModelListV2.ModelListFullResult>:MoveNext ()
System.Runtime.CompilerServices.AsyncMethodBuilderCore/MoveNextRunner:InvokeMoveNext (object)
System.Threading.ExecutionContext:RunInternal (System.Threading.ExecutionContext,System.Threading.ContextCallback,object,bool)
System.Threading.ExecutionContext:Run (System.Threading.ExecutionContext,System.Threading.ContextCallback,object,bool)
System.Runtime.CompilerServices.AsyncMethodBuilderCore/MoveNextRunner:Run ()
System.Threading.Tasks.AwaitTaskContinuation:InvokeAction (object)
System.Threading.Tasks.AwaitTaskContinuation:RunCallback (System.Threading.ContextCallback,object,System.Threading.Tasks.Task&)
System.Threading.Tasks.SynchronizationContextAwaitTaskContinuation:Run (System.Threading.Tasks.Task,bool)
System.Threading.Tasks.Task:FinishContinuations ()
System.Threading.Tasks.Task:FinishStageThree ()
System.Threading.Tasks.Task`1<AiEditorToolsSdk.Components.Common.Responses.Wrappers.OperationResult`1<AiEditorToolsSdk.Components.GenerativeModels.Responses.ModelListV2.ModelListFullResult>>:TrySetResult (AiEditorToolsSdk.Components.Common.Responses.Wrappers.OperationResult`1<AiEditorToolsSdk.Components.GenerativeModels.Responses.ModelListV2.ModelListFullResult>)
System.Runtime.CompilerServices.AsyncTaskMethodBuilder`1<AiEditorToolsSdk.Components.Common.Responses.Wrappers.OperationResult`1<AiEditorToolsSdk.Components.GenerativeModels.Responses.ModelListV2.ModelListFullResult>>:SetResult (AiEditorToolsSdk.Components.Common.Responses.Wrappers.OperationResult`1<AiEditorToolsSdk.Components.GenerativeModels.Responses.ModelListV2.ModelListFullResult>)
AiEditorToolsSdk.Application.Gateways.GenerativeModels.V2.GenerativeModelsGatewayV2/<GetModelsAsync>d__4:MoveNext ()
System.Runtime.CompilerServices.AsyncMethodBuilderCore/MoveNextRunner:InvokeMoveNext (object)
System.Threading.ExecutionContext:RunInternal (System.Threading.ExecutionContext,System.Threading.ContextCallback,object,bool)
System.Threading.ExecutionContext:Run (System.Threading.ExecutionContext,System.Threading.ContextCallback,object,bool)
System.Runtime.CompilerServices.AsyncMethodBuilderCore/MoveNextRunner:Run ()
System.Threading.Tasks.AwaitTaskContinuation:InvokeAction (object)
System.Threading.Tasks.AwaitTaskContinuation:RunCallback (System.Threading.ContextCallback,object,System.Threading.Tasks.Task&)
System.Threading.Tasks.SynchronizationContextAwaitTaskContinuation:Run (System.Threading.Tasks.Task,bool)
System.Threading.Tasks.Task:FinishContinuations ()
System.Threading.Tasks.Task:FinishStageThree ()
System.Threading.Tasks.Task`1<AiEditorToolsSdk.Domain.Core.Results.Result`2<SuperProxyClientV1Namespace.ModelListFullResponse, AiEditorToolsSdk.Domain.Core.Errors.ApiError>>:TrySetResult (AiEditorToolsSdk.Domain.Core.Results.Result`2<SuperProxyClientV1Namespace.ModelListFullResponse, AiEditorToolsSdk.Domain.Core.Errors.ApiError>)
System.Runtime.CompilerServices.AsyncTaskMethodBuilder`1<AiEditorToolsSdk.Domain.Core.Results.Result`2<SuperProxyClientV1Namespace.ModelListFullResponse, AiEditorToolsSdk.Domain.Core.Errors.ApiError>>:SetResult (AiEditorToolsSdk.Domain.Core.Results.Result`2<SuperProxyClientV1Namespace.ModelListFullResponse, AiEditorToolsSdk.Domain.Core.Errors.ApiError>)
AiEditorToolsSdk.Application.InternalServices.ApiClientProcessor.ApiClientProcessorService/<ProcessApiRequest>d__5`1<SuperProxyClientV1Namespace.ModelListFullResponse>:MoveNext ()
System.Runtime.CompilerServices.AsyncMethodBuilderCore/MoveNextRunner:InvokeMoveNext (object)
System.Threading.ExecutionContext:RunInternal (System.Threading.ExecutionContext,System.Threading.ContextCallback,object,bool)
System.Threading.ExecutionContext:Run (System.Threading.ExecutionContext,System.Threading.ContextCallback,object,bool)
System.Runtime.CompilerServices.AsyncMethodBuilderCore/MoveNextRunner:Run ()
System.Threading.Tasks.AwaitTaskContinuation:InvokeAction (object)
System.Threading.Tasks.AwaitTaskContinuation:RunCallback (System.Threading.ContextCallback,object,System.Threading.Tasks.Task&)
System.Threading.Tasks.SynchronizationContextAwaitTaskContinuation:Run (System.Threading.Tasks.Task,bool)
System.Threading.Tasks.Task:FinishContinuations ()
System.Threading.Tasks.Task:FinishStageThree ()
System.Threading.Tasks.Task`1<AiEditorToolsSdk.Domain.Core.Results.Result`2<SuperProxyClientV1Namespace.ModelListFullResponse, AiEditorToolsSdk.Domain.Core.Errors.ApiError>>:TrySetResult (AiEditorToolsSdk.Domain.Core.Results.Result`2<SuperProxyClientV1Namespace.ModelListFullResponse, AiEditorToolsSdk.Domain.Core.Errors.ApiError>)
System.Runtime.CompilerServices.AsyncTaskMethodBuilder`1<AiEditorToolsSdk.Domain.Core.Results.Result`2<SuperProxyClientV1Namespace.ModelListFullResponse, AiEditorToolsSdk.Domain.Core.Errors.ApiError>>:SetResult (AiEditorToolsSdk.Domain.Core.Results.Result`2<SuperProxyClientV1Namespace.ModelListFullResponse, AiEditorToolsSdk.Domain.Core.Errors.ApiError>)
AiEditorToolsSdk.Application.InternalServices.ApiClientProcessor.ApiClientProcessorService/<ProcessApiRequestImpl>d__6`1<SuperProxyClientV1Namespace.ModelListFullResponse>:MoveNext ()
System.Runtime.CompilerServices.AsyncMethodBuilderCore/MoveNextRunner:InvokeMoveNext (object)
System.Threading.ExecutionContext:RunInternal (System.Threading.ExecutionContext,System.Threading.ContextCallback,object,bool)
System.Threading.ExecutionContext:Run (System.Threading.ExecutionContext,System.Threading.ContextCallback,object,bool)
System.Runtime.CompilerServices.AsyncMethodBuilderCore/MoveNextRunner:Run ()
System.Threading.Tasks.AwaitTaskContinuation:InvokeAction (object)
System.Threading.Tasks.AwaitTaskContinuation:RunCallback (System.Threading.ContextCallback,object,System.Threading.Tasks.Task&)
System.Threading.Tasks.SynchronizationContextAwaitTaskContinuation:Run (System.Threading.Tasks.Task,bool)
System.Threading.Tasks.Task:FinishContinuations ()
System.Threading.Tasks.Task:FinishStageThree ()
System.Threading.Tasks.Task:FinishStageTwo ()
System.Threading.Tasks.Task:Finish (bool)
System.Threading.Tasks.Task:TrySetException (object)
System.Runtime.CompilerServices.AsyncTaskMethodBuilder`1<SuperProxyClientV1Namespace.ModelListFullResponse>:SetException (System.Exception)
AiEditorToolsSdk.Application.Gateways.GenerativeModels.V2.GenerativeModelsGatewayV2/<>c__DisplayClass4_0/<<GetModelsAsync>b__0>d:MoveNext ()
System.Runtime.CompilerServices.AsyncMethodBuilderCore/MoveNextRunner:InvokeMoveNext (object)
System.Threading.ExecutionContext:RunInternal (System.Threading.ExecutionContext,System.Threading.ContextCallback,object,bool)
System.Threading.ExecutionContext:Run (System.Threading.ExecutionContext,System.Threading.ContextCallback,object,bool)
System.Runtime.CompilerServices.AsyncMethodBuilderCore/MoveNextRunner:Run ()
System.Threading.Tasks.SynchronizationContextAwaitTaskContinuation/<>c:<.cctor>b__7_0 (object)
UnityEngine.UnitySynchronizationContext/WorkRequest:Invoke ()
UnityEngine.UnitySynchronizationContext:Exec ()
UnityEngine.UnitySynchronizationContext:ExecuteTasks ()

(Filename: ./Library/PackageCache/com.unity.ai.assistant@8d1e3e89e3a7/Modules/Unity.AI.ModelSelector/Services/Stores/Actions/ModelSelectorSuperProxyActions.cs Line: 495)

Error reason is 'NoSubscription' and no additional error information was provided (https://generators.ai.unity.com).
UnityEngine.Debug:ExtractStackTraceNoAlloc (byte*,int,string)
UnityEngine.StackTraceUtility:ExtractStackTrace ()
UnityEngine.DebugLogHandler:Internal_Log (UnityEngine.LogType,UnityEngine.LogOption,string,UnityEngine.Object)
UnityEngine.DebugLogHandler:LogFormat (UnityEngine.LogType,UnityEngine.Object,string,object[])
UnityEngine.Logger:Log (UnityEngine.LogType,object)
UnityEngine.Debug:Log (object)
Unity.AI.ModelSelector.Services.Stores.Actions.ModelSelectorSuperProxyActions/<>c/<<-cctor>b__8_0>d:MoveNext () (at ./Library/PackageCache/com.unity.ai.assistant@8d1e3e89e3a7/Modules/Unity.AI.ModelSelector/Services/Stores/Actions/ModelSelectorSuperProxyActions.cs:495)
System.Runtime.CompilerServices.AsyncMethodBuilderCore/MoveNextRunner:InvokeMoveNext (object)
System.Threading.ExecutionContext:RunInternal (System.Threading.ExecutionContext,System.Threading.ContextCallback,object,bool)
System.Threading.ExecutionContext:Run (System.Threading.ExecutionContext,System.Threading.ContextCallback,object,bool)
System.Runtime.CompilerServices.AsyncMethodBuilderCore/MoveNextRunner:Run ()
System.Threading.Tasks.AwaitTaskContinuation:InvokeAction (object)
System.Threading.Tasks.AwaitTaskContinuation:RunCallback (System.Threading.ContextCallback,object,System.Threading.Tasks.Task&)
System.Threading.Tasks.SynchronizationContextAwaitTaskContinuation:Run (System.Threading.Tasks.Task,bool)
System.Threading.Tasks.Task:FinishContinuations ()
System.Threading.Tasks.Task:FinishStageThree ()
System.Threading.Tasks.Task`1<AiEditorToolsSdk.Components.Common.Responses.Wrappers.OperationResult`1<AiEditorToolsSdk.Components.GenerativeModels.Responses.ModelListV2.ModelListFullResult>>:TrySetResult (AiEditorToolsSdk.Components.Common.Responses.Wrappers.OperationResult`1<AiEditorToolsSdk.Components.GenerativeModels.Responses.ModelListV2.ModelListFullResult>)
System.Runtime.CompilerServices.AsyncTaskMethodBuilder`1<AiEditorToolsSdk.Components.Common.Responses.Wrappers.OperationResult`1<AiEditorToolsSdk.Components.GenerativeModels.Responses.ModelListV2.ModelListFullResult>>:SetResult (AiEditorToolsSdk.Components.Common.Responses.Wrappers.OperationResult`1<AiEditorToolsSdk.Components.GenerativeModels.Responses.ModelListV2.ModelListFullResult>)
AiEditorToolsSdk.Components.GenerativeModels.GenerativeModelsComponentV2/<GetModelsAsync>d__5:MoveNext ()
System.Runtime.CompilerServices.AsyncMethodBuilderCore/MoveNextRunner:InvokeMoveNext (object)
System.Threading.ExecutionContext:RunInternal (System.Threading.ExecutionContext,System.Threading.ContextCallback,object,bool)
System.Threading.ExecutionContext:Run (System.Threading.ExecutionContext,System.Threading.ContextCallback,object,bool)
System.Runtime.CompilerServices.AsyncMethodBuilderCore/MoveNextRunner:Run ()
System.Threading.Tasks.AwaitTaskContinuation:InvokeAction (object)
System.Threading.Tasks.AwaitTaskContinuation:RunCallback (System.Threading.ContextCallback,object,System.Threading.Tasks.Task&)
System.Threading.Tasks.SynchronizationContextAwaitTaskContinuation:Run (System.Threading.Tasks.Task,bool)
System.Threading.Tasks.Task:FinishContinuations ()
System.Threading.Tasks.Task:FinishStageThree ()
System.Threading.Tasks.Task`1<AiEditorToolsSdk.Components.Common.Responses.Wrappers.OperationResult`1<AiEditorToolsSdk.Components.GenerativeModels.Responses.ModelListV2.ModelListFullResult>>:TrySetResult (AiEditorToolsSdk.Components.Common.Responses.Wrappers.OperationResult`1<AiEditorToolsSdk.Components.GenerativeModels.Responses.ModelListV2.ModelListFullResult>)
System.Runtime.CompilerServices.AsyncTaskMethodBuilder`1<AiEditorToolsSdk.Components.Common.Responses.Wrappers.OperationResult`1<AiEditorToolsSdk.Components.GenerativeModels.Responses.ModelListV2.ModelListFullResult>>:SetResult (AiEditorToolsSdk.Components.Common.Responses.Wrappers.OperationResult`1<AiEditorToolsSdk.Components.GenerativeModels.Responses.ModelListV2.ModelListFullResult>)
AiEditorToolsSdk.Application.InternalServices.SdkOperation.SdkOperationService/<ExecuteRequest>d__4`1<AiEditorToolsSdk.Components.GenerativeModels.Responses.ModelListV2.ModelListFullResult>:MoveNext ()
System.Runtime.CompilerServices.AsyncMethodBuilderCore/MoveNextRunner:InvokeMoveNext (object)
System.Threading.ExecutionContext:RunInternal (System.Threading.ExecutionContext,System.Threading.ContextCallback,object,bool)
System.Threading.ExecutionContext:Run (System.Threading.ExecutionContext,System.Threading.ContextCallback,object,bool)
System.Runtime.CompilerServices.AsyncMethodBuilderCore/MoveNextRunner:Run ()
System.Threading.Tasks.AwaitTaskContinuation:InvokeAction (object)
System.Threading.Tasks.AwaitTaskContinuation:RunCallback (System.Threading.ContextCallback,object,System.Threading.Tasks.Task&)
System.Threading.Tasks.SynchronizationContextAwaitTaskContinuation:Run (System.Threading.Tasks.Task,bool)
System.Threading.Tasks.Task:FinishContinuations ()
System.Threading.Tasks.Task:FinishStageThree ()
System.Threading.Tasks.Task`1<AiEditorToolsSdk.Components.Common.Responses.Wrappers.OperationResult`1<AiEditorToolsSdk.Components.GenerativeModels.Responses.ModelListV2.ModelListFullResult>>:TrySetResult (AiEditorToolsSdk.Components.Common.Responses.Wrappers.OperationResult`1<AiEditorToolsSdk.Components.GenerativeModels.Responses.ModelListV2.ModelListFullResult>)
System.Runtime.CompilerServices.AsyncTaskMethodBuilder`1<AiEditorToolsSdk.Components.Common.Responses.Wrappers.OperationResult`1<AiEditorToolsSdk.Components.GenerativeModels.Responses.ModelListV2.ModelListFullResult>>:SetResult (AiEditorToolsSdk.Components.Common.Responses.Wrappers.OperationResult`1<AiEditorToolsSdk.Components.GenerativeModels.Responses.ModelListV2.ModelListFullResult>)
AiEditorToolsSdk.Application.Gateways.GenerativeModels.V2.GenerativeModelsGatewayV2/<GetModelsAsync>d__4:MoveNext ()
System.Runtime.CompilerServices.AsyncMethodBuilderCore/MoveNextRunner:InvokeMoveNext (object)
System.Threading.ExecutionContext:RunInternal (System.Threading.ExecutionContext,System.Threading.ContextCallback,object,bool)
System.Threading.ExecutionContext:Run (System.Threading.ExecutionContext,System.Threading.ContextCallback,object,bool)
System.Runtime.CompilerServices.AsyncMethodBuilderCore/MoveNextRunner:Run ()
System.Threading.Tasks.AwaitTaskContinuation:InvokeAction (object)
System.Threading.Tasks.AwaitTaskContinuation:RunCallback (System.Threading.ContextCallback,object,System.Threading.Tasks.Task&)
System.Threading.Tasks.SynchronizationContextAwaitTaskContinuation:Run (System.Threading.Tasks.Task,bool)
System.Threading.Tasks.Task:FinishContinuations ()
System.Threading.Tasks.Task:FinishStageThree ()
System.Threading.Tasks.Task`1<AiEditorToolsSdk.Domain.Core.Results.Result`2<SuperProxyClientV1Namespace.ModelListFullResponse, AiEditorToolsSdk.Domain.Core.Errors.ApiError>>:TrySetResult (AiEditorToolsSdk.Domain.Core.Results.Result`2<SuperProxyClientV1Namespace.ModelListFullResponse, AiEditorToolsSdk.Domain.Core.Errors.ApiError>)
System.Runtime.CompilerServices.AsyncTaskMethodBuilder`1<AiEditorToolsSdk.Domain.Core.Results.Result`2<SuperProxyClientV1Namespace.ModelListFullResponse, AiEditorToolsSdk.Domain.Core.Errors.ApiError>>:SetResult (AiEditorToolsSdk.Domain.Core.Results.Result`2<SuperProxyClientV1Namespace.ModelListFullResponse, AiEditorToolsSdk.Domain.Core.Errors.ApiError>)
AiEditorToolsSdk.Application.InternalServices.ApiClientProcessor.ApiClientProcessorService/<ProcessApiRequest>d__5`1<SuperProxyClientV1Namespace.ModelListFullResponse>:MoveNext ()
System.Runtime.CompilerServices.AsyncMethodBuilderCore/MoveNextRunner:InvokeMoveNext (object)
System.Threading.ExecutionContext:RunInternal (System.Threading.ExecutionContext,System.Threading.ContextCallback,object,bool)
System.Threading.ExecutionContext:Run (System.Threading.ExecutionContext,System.Threading.ContextCallback,object,bool)
System.Runtime.CompilerServices.AsyncMethodBuilderCore/MoveNextRunner:Run ()
System.Threading.Tasks.AwaitTaskContinuation:InvokeAction (object)
System.Threading.Tasks.AwaitTaskContinuation:RunCallback (System.Threading.ContextCallback,object,System.Threading.Tasks.Task&)
System.Threading.Tasks.SynchronizationContextAwaitTaskContinuation:Run (System.Threading.Tasks.Task,bool)
System.Threading.Tasks.Task:FinishContinuations ()
System.Threading.Tasks.Task:FinishStageThree ()
System.Threading.Tasks.Task`1<AiEditorToolsSdk.Domain.Core.Results.Result`2<SuperProxyClientV1Namespace.ModelListFullResponse, AiEditorToolsSdk.Domain.Core.Errors.ApiError>>:TrySetResult (AiEditorToolsSdk.Domain.Core.Results.Result`2<SuperProxyClientV1Namespace.ModelListFullResponse, AiEditorToolsSdk.Domain.Core.Errors.ApiError>)
System.Runtime.CompilerServices.AsyncTaskMethodBuilder`1<AiEditorToolsSdk.Domain.Core.Results.Result`2<SuperProxyClientV1Namespace.ModelListFullResponse, AiEditorToolsSdk.Domain.Core.Errors.ApiError>>:SetResult (AiEditorToolsSdk.Domain.Core.Results.Result`2<SuperProxyClientV1Namespace.ModelListFullResponse, AiEditorToolsSdk.Domain.Core.Errors.ApiError>)
AiEditorToolsSdk.Application.InternalServices.ApiClientProcessor.ApiClientProcessorService/<ProcessApiRequestImpl>d__6`1<SuperProxyClientV1Namespace.ModelListFullResponse>:MoveNext ()
System.Runtime.CompilerServices.AsyncMethodBuilderCore/MoveNextRunner:InvokeMoveNext (object)
System.Threading.ExecutionContext:RunInternal (System.Threading.ExecutionContext,System.Threading.ContextCallback,object,bool)
System.Threading.ExecutionContext:Run (System.Threading.ExecutionContext,System.Threading.ContextCallback,object,bool)
System.Runtime.CompilerServices.AsyncMethodBuilderCore/MoveNextRunner:Run ()
System.Threading.Tasks.AwaitTaskContinuation:InvokeAction (object)
System.Threading.Tasks.AwaitTaskContinuation:RunCallback (System.Threading.ContextCallback,object,System.Threading.Tasks.Task&)
System.Threading.Tasks.SynchronizationContextAwaitTaskContinuation:Run (System.Threading.Tasks.Task,bool)
System.Threading.Tasks.Task:FinishContinuations ()
System.Threading.Tasks.Task:FinishStageThree ()
System.Threading.Tasks.Task:FinishStageTwo ()
System.Threading.Tasks.Task:Finish (bool)
System.Threading.Tasks.Task:TrySetException (object)
System.Runtime.CompilerServices.AsyncTaskMethodBuilder`1<SuperProxyClientV1Namespace.ModelListFullResponse>:SetException (System.Exception)
AiEditorToolsSdk.Application.Gateways.GenerativeModels.V2.GenerativeModelsGatewayV2/<>c__DisplayClass4_0/<<GetModelsAsync>b__0>d:MoveNext ()
System.Runtime.CompilerServices.AsyncMethodBuilderCore/MoveNextRunner:InvokeMoveNext (object)
System.Threading.ExecutionContext:RunInternal (System.Threading.ExecutionContext,System.Threading.ContextCallback,object,bool)
System.Threading.ExecutionContext:Run (System.Threading.ExecutionContext,System.Threading.ContextCallback,object,bool)
System.Runtime.CompilerServices.AsyncMethodBuilderCore/MoveNextRunner:Run ()
System.Threading.Tasks.SynchronizationContextAwaitTaskContinuation/<>c:<.cctor>b__7_0 (object)
UnityEngine.UnitySynchronizationContext/WorkRequest:Invoke ()
UnityEngine.UnitySynchronizationContext:Exec ()
UnityEngine.UnitySynchronizationContext:ExecuteTasks ()

(Filename: ./Library/PackageCache/com.unity.ai.assistant@8d1e3e89e3a7/Modules/Unity.AI.ModelSelector/Services/Stores/Actions/ModelSelectorSuperProxyActions.cs Line: 495)

TrimDiskCacheJob: Current cache size 0mb
[ScriptCompilation] Requested script compilation because: AssetDatabase observed changes in script compilation related files
[Licensing::Client] Successfully resolved entitlement details
Starting: C:\Program Files\Unity\Hub\Editor\6000.6.0f1\Editor\Data\Tools\BuildPipeline\bee_backend.exe --ipc --defer-dag-verification --dagfile="Library/Bee/1900b0aE.dag" --continue-on-failure --profile="Library/Bee/backend1.traceevents" ScriptAssemblies
WorkingDir: C:/Users/user/Desktop/UNITY PROJECT/InertialNetcodeDemo
ExitCode: 4 Duration: 0s232ms
Rebuilding DAG because FileSignature timestamp changed: Library/Bee/1900b0aE-inputdata.json
*** Tundra requires additional run (0.21 seconds), 0 items updated, 838 evaluated
Starting: C:\Program Files\Unity\Hub\Editor\6000.6.0f1\Editor\Data\DotNetSdk\dotnet.exe "C:\Program Files\Unity\Hub\Editor\6000.6.0f1\Editor\Data\Tools\BuildPipeline\ScriptCompilationBuildProgram.exe" "Library/Bee/1900b0aE.dag.json" "Library/Bee/1900b0aE-inputdata.json" "Library\Bee\buildprogram0.traceevents"
WorkingDir: C:/Users/user/Desktop/UNITY PROJECT/InertialNetcodeDemo
ExitCode: 0 Duration: 1s438ms
Starting: C:\Program Files\Unity\Hub\Editor\6000.6.0f1\Editor\Data\Tools\BuildPipeline\bee_backend.exe --ipc --defer-dag-verification --dagfile="Library/Bee/1900b0aE.dag" --continue-on-failure --dagfilejson="Library\Bee\1900b0aE.dag.json" --profile="Library/Bee/backend2.traceevents" ScriptAssemblies
WorkingDir: C:/Users/user/Desktop/UNITY PROJECT/InertialNetcodeDemo
ExitCode: 0 Duration: 3s513ms
Finished compiling graph: 1611 nodes, 35194 flattened edges (29060 ToBuild, 264 ToUse), maximum node priority 1812
[ 721/1607  0s] WriteText Library/Bee/artifacts/1900b0aE.dag/Assembly-CSharp-Editor.rsp
[1218/1607  0s] ILPP-Configuration Library/ilpp-configuration.nevergeneratedoutput
[1603/1607  2s] Csc Library/Bee/artifacts/1900b0aE.dag/Assembly-CSharp-Editor.dll (+2 others)
[1604/1607  0s] ILPostProcess Library/Bee/artifacts/1900b0aE.dag/post-processed/Assembly-CSharp-Editor.dll (+pdb)
Processing assembly Library/Bee/artifacts/1900b0aE.dag/Assembly-CSharp-Editor.dll, with 149 defines and 403 references

processors: Unity.Jobs.CodeGen.JobsILPostProcessor, zzzUnity.Burst.CodeGen.BurstILPostProcessor

1 processor(s) skipped this assembly

running Unity.Jobs.CodeGen.JobsILPostProcessor
[1605/1607  0s] CopyFiles Library/ScriptAssemblies/Assembly-CSharp-Editor.pdb
[1606/1607  0s] CopyFiles Library/ScriptAssemblies/Assembly-CSharp-Editor.dll
*** Tundra build success (3.49 seconds), 6 items updated, 1607 evaluated
Reloading assemblies after forced synchronous recompile.
Begin MonoManager ReloadAssembly
Total cache size 247631464
Total cache size after purge 247631464, took 00:00:00.2742264
GPU Resident Drawer disposed.
Symbol file LoadedFromMemory is not a mono symbol file
Symbol file LoadedFromMemory is not a mono symbol file
Refreshing native plugins compatible for Editor in 4.69 ms, found 5 plugins.
Native extension for WindowsStandalone target not found
Native extension for WebGL target not found
[MODES] ModeService[none].Initialize
[MODES] ModeService[none].LoadModes
Refreshing native plugins compatible for Editor in 3.18 ms, found 5 plugins.
[Licensing::Client] Error: Code 404 while processing request (status: Found 0 entitlement groups and 0 free entitlements matching requested entitlement ids)
ScheduleIndexationOnStartup MainProcess:True IndexOnStartup:True
Scripting: successfully reloaded assembly
- Finished resetting the current domain, in  2.341 seconds
Domain Reload Profiling: 3410ms
	BeginReloadAssembly (489ms)
		DisableScriptedObjects (154ms)
		CreateAndSetChildDomain (149ms)
	RebuildCommonClasses (8ms)
	RebuildNativeTypeToScriptingClass (12ms)
	initialDomainReloadingComplete (83ms)
	LoadAllAssembliesAndSetupDomain (475ms)
		LoadAssemblies (143ms)
		TypeCache.Refresh (12ms)
		AnalyzeDomain (268ms)
			BuildScriptInfoCaches (258ms)
			ResolveRequiredComponents (8ms)
	FinalizeReload (2342ms)
		SetupLoadedEditorAssemblies (0ms)
			BeforeProcessingInitializeOnLoad (221ms)
			ProcessInitializeOnLoadAttributes (789ms)
			ProcessInitializeOnLoadMethodAttributes (350ms)
			AfterProcessingInitializeOnLoad (6ms)
		AwakeInstancesAfterBackupRestoration (594ms)
Refreshing native plugins compatible for Editor in 3.21 ms, found 5 plugins.

Asset Pipeline Refresh (id=2c80c0e3683fb8c49a6f064b27110c10): Total: 9.545 seconds - Initiated by RefreshV2(AllowForceSynchronousImport)
	(Values over 0.05ms)
	Summary:
		Imports: total=0 (actual=0, local cache=0, cache server=0)
		Asset DB Process Time: managed=0 ms, native=2601 ms
		Asset DB Callback time: managed=314 ms, native=6 ms
		Scripting: domain reloads=1, domain reload time=1134 ms, compile time=5488 ms, other=0 ms
		Project Asset Count: scripts=2183, non-scripts=5413
		Asset File Changes: new=0, changed=1, moved=0, deleted=1
		Scan Filter Count: 0
	InvokePackagesCallback: 1.978ms
	ApplyChangesToAssetFolders: 0.276ms
	Scan: 22.741ms
	Collect global state as custom dependencies: 3.008ms
	OnSourceAssetsModified: 0.770ms
	ProcessAssetsWithTransientArtifactChanges: 6.685ms
	CategorizeAssets: 77.013ms
	CompileScripts: 5487.608ms
	ImportOutOfDateAssets: 2360.674ms (2355.088ms without children)
		CollectScriptTypesHashes: 1.456ms
		ReloadNativeAssets: 0.812ms
		UnloadImportedAssets: 3.359ms
		EnsureUptoDateAssetsAreRegisteredWithGuidPM: 0.884ms
		ImportSchedulerStart: 0.507ms
	PostProcessAllAssets: 313.133ms
		XRBuildSystem.XRAssetImported 0.809ms
		MonoPostProcessAllAssets: 311.781ms
			AssetPostprocessor.OnPostprocessAllAssets 97.857ms
			AssetReferenceReimportMonitor.OnPostprocessAllAssets 19.888ms
			UniversalRenderPipelineGlobalSettingsPostprocessor.OnPostprocessAllAssets 12.768ms
			BuilderAssetPostprocessor.OnPostprocessAllAssets 4.426ms
			AssetChangedListener.OnPostprocessAllAssets 4.162ms
			SpriteSlicePostprocessor.OnPostprocessAllAssets 1.883ms
			GraphRefreshPostprocessor.OnPostprocessAllAssets 1.848ms
			WindowAssetPostprocessingWatcher.OnPostprocessAllAssets 1.528ms
			ShaderGraphAssetPostProcessor.OnPostprocessAllAssets 1.383ms
			SpeedTree9Postprocessor.OnPostprocessAllAssets 1.332ms
			RetainedModeAssetPostprocessor.OnPostprocessAllAssets 0.927ms
			RenderPipelineGlobalSettingsPostprocessor.OnPostprocessAllAssets 0.787ms
			EditModeScopePostprocessor.OnPostprocessAllAssets 0.748ms
			AssetChangeDetector.OnPostprocessAllAssets 0.740ms
			MaterialPostprocessor.OnPostprocessAllAssets 0.558ms
			ShaderReflectionAssetPostProcessor.OnPostprocessAllAssets 0.517ms
			SkillsProjectAssetPostprocessor.OnPostprocessAllAssets 0.504ms
			ArtifactBrowserPostProcessor.OnPostprocessAllAssets 0.489ms
			SpriteEditorTexturePostprocessor.OnPostprocessAllAssets 0.428ms
			UVCSAssetPostprocessor.OnPostprocessAllAssets 0.403ms
			ModelAssetProcessor.OnPostprocessAllAssets 0.314ms
			InputActionAssetPostprocessor.OnPostprocessAllAssets 0.290ms
			TextAssetPostProcessor.OnPostprocessAllAssets 0.270ms
			AudioMixerPostprocessor.OnPostprocessAllAssets 0.260ms
			InputActionJsonNameModifierAssetProcessor.OnPostprocessAllAssets 0.248ms
			PostProcessor.OnPostprocessAllAssets 0.245ms
			TMPro_TexturePostProcessor.OnPostprocessAllAssets 0.233ms
			ProjectSettingsPostprocessor.OnPostprocessAllAssets 0.222ms
			StyleCatalogPostProcessor.OnPostprocessAllAssets 0.215ms
			ReferencedClipsPostProcessor.OnPostprocessAllAssets 0.211ms
			AssetEvents.OnPostprocessAllAssets 0.177ms
			SamplePostprocessor.OnPostprocessAllAssets 0.138ms
			ScenarioDriftAssetsTracker.OnPostprocessAllAssets 0.128ms
			ConfigAssetsTracker.OnPostprocessAllAssets 0.124ms
			ThemePostprocessor.OnPostprocessAllAssets 0.124ms
			AssetDatabaseCallbacks.OnPostprocessAllAssets 0.123ms
			SyncVS.PostprocessSyncProject 0.123ms
			SpeedTreePostProcessor.OnPostprocessAllAssets 0.121ms
			TerrainToolbarOverlayPostProcessor.OnPostprocessAllAssets 0.118ms
			TrackSelectedAssetsProcessor.OnPostprocessAllAssets 0.112ms
			AssetReloadNotifier.OnPostprocessAllAssets 0.107ms
			AudioContainerPostProcessor.OnPostprocessAllAssets 0.075ms
	PostAssetChangesProfiler: 6.464ms
	GatherAllCurrentPrimaryImportResultRevisions: 0.512ms
	UnloadStreamsBegin: 1.653ms
	PersistCurrentRevisions: 0.224ms
	GenerateScriptTypeHashes: 2.955ms
	GenerateScriptTypeSerializationHashes: 5.104ms
	Untracked: 1232.801ms

[Licensing::Client] Successfully resolved entitlement details
[Licensing::Client] Successfully resolved entitlement details
Start Indexing on Editor startup
[Indexing] Starting Initial Indexing for Assets
[INFO ] [relay] relay.startup port=9001 mcpClientPort=9002 editorPid=32376
[INFO ] [relay] log === RELAY SERVER STARTED === (unity-ai-relay v1.0.12-build.99)
[INFO ] [relay] log TLS trust: NODE_USE_SYSTEM_CA=on systemCAs=107 bundledCAs=145
[INFO ] [relay] log Starting relay server...
[INFO ] [relay] log Command line arguments: ["bun","B:/~BUN/root/relay_win.exe","--relay","--port","9001","--mcp-client-port","9002","--editor-pid","32376","--shutdown-delay","180","--log-dir","C:\\Users\\user\\Desktop\\UNITY PROJECT\\InertialNetcodeDemo\\Logs"]
[INFO ] [relay] log Parsed config: {"port":9001,"mcpClientPort":9002,"editorPid":"32376","shutdownDelaySeconds":180}
[INFO ] [relay] log Initializing relay components...
[INFO ] [relay] log Creating RelayEditor...
[INFO ] [relay] log WebSocket server started
[INFO ] [relay] log Relay server initialization completed
[INFO ] [relay] log MCP Client initialized at port: 9002
[WARN ] [relay] log [shell-env] Shell environment did not contain a PATH variable
[INFO ] [relay] log Unity MCP Relay server started | Port: 9002 | Endpoints: /mcp/start-server, /mcp/stop-server, /mcp/server-status, /mcp/call-tool
[INFO ] [relay] log Unity client connected with ID: editor-32376-pvuj8o (relay 1.0.12-build.99)
[INFO ] [relay] connection.established clientId=editor-32376-pvuj8o port=9001
GPU Resident Drawer created.
[Licensing::Client] Successfully resolved entitlement details
[Licensing::Client] Error: Code 404 while processing request (status: Found 0 entitlement groups and 0 free entitlements matching requested entitlement ids)
[Licensing::Client] Error: Code 404 while processing request (status: Found 0 entitlement groups and 0 free entitlements matching requested entitlement ids)
Starting new worker id: 1 with log in C:/Users/user/Desktop/UNITY PROJECT/InertialNetcodeDemo/Logs/AssetImportWorkerHW1.log
[Licensing::Client] Error: Code 404 while processing request (status: Found 0 entitlement groups and 0 free entitlements matching requested entitlement ids)
[Licensing::Client] Error: Code 404 while processing request (status: Found 0 entitlement groups and 0 free entitlements matching requested entitlement ids)
[Licensing::Client] Error: Code 404 while processing request (status: Found 0 entitlement groups and 0 free entitlements matching requested entitlement ids)
[Licensing::Client] Error: Code 404 while processing request (status: Found 0 entitlement groups and 0 free entitlements matching requested entitlement ids)
Error reason is 'NoSubscription' and no additional error information was provided (https://generators.ai.unity.com).
UnityEngine.Debug:ExtractStackTraceNoAlloc (byte*,int,string)
UnityEngine.StackTraceUtility:ExtractStackTrace ()
UnityEngine.DebugLogHandler:Internal_Log (UnityEngine.LogType,UnityEngine.LogOption,string,UnityEngine.Object)
UnityEngine.DebugLogHandler:LogFormat (UnityEngine.LogType,UnityEngine.Object,string,object[])
UnityEngine.Logger:Log (UnityEngine.LogType,object)
UnityEngine.Debug:Log (object)
Unity.AI.ModelSelector.Services.Stores.Actions.ModelSelectorSuperProxyActions/<>c/<<-cctor>b__8_0>d:MoveNext () (at ./Library/PackageCache/com.unity.ai.assistant@8d1e3e89e3a7/Modules/Unity.AI.ModelSelector/Services/Stores/Actions/ModelSelectorSuperProxyActions.cs:495)
System.Runtime.CompilerServices.AsyncMethodBuilderCore/MoveNextRunner:InvokeMoveNext (object)
System.Threading.ExecutionContext:RunInternal (System.Threading.ExecutionContext,System.Threading.ContextCallback,object,bool)
System.Threading.ExecutionContext:Run (System.Threading.ExecutionContext,System.Threading.ContextCallback,object,bool)
System.Runtime.CompilerServices.AsyncMethodBuilderCore/MoveNextRunner:Run ()
System.Threading.Tasks.AwaitTaskContinuation:InvokeAction (object)
System.Threading.Tasks.AwaitTaskContinuation:RunCallback (System.Threading.ContextCallback,object,System.Threading.Tasks.Task&)
System.Threading.Tasks.SynchronizationContextAwaitTaskContinuation:Run (System.Threading.Tasks.Task,bool)
System.Threading.Tasks.Task:FinishContinuations ()
System.Threading.Tasks.Task:FinishStageThree ()
System.Threading.Tasks.Task`1<AiEditorToolsSdk.Components.Common.Responses.Wrappers.OperationResult`1<AiEditorToolsSdk.Components.GenerativeModels.Responses.ModelListV2.ModelListFullResult>>:TrySetResult (AiEditorToolsSdk.Components.Common.Responses.Wrappers.OperationResult`1<AiEditorToolsSdk.Components.GenerativeModels.Responses.ModelListV2.ModelListFullResult>)
System.Runtime.CompilerServices.AsyncTaskMethodBuilder`1<AiEditorToolsSdk.Components.Common.Responses.Wrappers.OperationResult`1<AiEditorToolsSdk.Components.GenerativeModels.Responses.ModelListV2.ModelListFullResult>>:SetResult (AiEditorToolsSdk.Components.Common.Responses.Wrappers.OperationResult`1<AiEditorToolsSdk.Components.GenerativeModels.Responses.ModelListV2.ModelListFullResult>)
AiEditorToolsSdk.Components.GenerativeModels.GenerativeModelsComponentV2/<GetModelsAsync>d__5:MoveNext ()
System.Runtime.CompilerServices.AsyncMethodBuilderCore/MoveNextRunner:InvokeMoveNext (object)
System.Threading.ExecutionContext:RunInternal (System.Threading.ExecutionContext,System.Threading.ContextCallback,object,bool)
System.Threading.ExecutionContext:Run (System.Threading.ExecutionContext,System.Threading.ContextCallback,object,bool)
System.Runtime.CompilerServices.AsyncMethodBuilderCore/MoveNextRunner:Run ()
System.Threading.Tasks.AwaitTaskContinuation:InvokeAction (object)
System.Threading.Tasks.AwaitTaskContinuation:RunCallback (System.Threading.ContextCallback,object,System.Threading.Tasks.Task&)
System.Threading.Tasks.SynchronizationContextAwaitTaskContinuation:Run (System.Threading.Tasks.Task,bool)
System.Threading.Tasks.Task:FinishContinuations ()
System.Threading.Tasks.Task:FinishStageThree ()
System.Threading.Tasks.Task`1<AiEditorToolsSdk.Components.Common.Responses.Wrappers.OperationResult`1<AiEditorToolsSdk.Components.GenerativeModels.Responses.ModelListV2.ModelListFullResult>>:TrySetResult (AiEditorToolsSdk.Components.Common.Responses.Wrappers.OperationResult`1<AiEditorToolsSdk.Components.GenerativeModels.Responses.ModelListV2.ModelListFullResult>)
System.Runtime.CompilerServices.AsyncTaskMethodBuilder`1<AiEditorToolsSdk.Components.Common.Responses.Wrappers.OperationResult`1<AiEditorToolsSdk.Components.GenerativeModels.Responses.ModelListV2.ModelListFullResult>>:SetResult (AiEditorToolsSdk.Components.Common.Responses.Wrappers.OperationResult`1<AiEditorToolsSdk.Components.GenerativeModels.Responses.ModelListV2.ModelListFullResult>)
AiEditorToolsSdk.Application.InternalServices.SdkOperation.SdkOperationService/<ExecuteRequest>d__4`1<AiEditorToolsSdk.Components.GenerativeModels.Responses.ModelListV2.ModelListFullResult>:MoveNext ()
System.Runtime.CompilerServices.AsyncMethodBuilderCore/MoveNextRunner:InvokeMoveNext (object)
System.Threading.ExecutionContext:RunInternal (System.Threading.ExecutionContext,System.Threading.ContextCallback,object,bool)
System.Threading.ExecutionContext:Run (System.Threading.ExecutionContext,System.Threading.ContextCallback,object,bool)
System.Runtime.CompilerServices.AsyncMethodBuilderCore/MoveNextRunner:Run ()
System.Threading.Tasks.AwaitTaskContinuation:InvokeAction (object)
System.Threading.Tasks.AwaitTaskContinuation:RunCallback (System.Threading.ContextCallback,object,System.Threading.Tasks.Task&)
System.Threading.Tasks.SynchronizationContextAwaitTaskContinuation:Run (System.Threading.Tasks.Task,bool)
System.Threading.Tasks.Task:FinishContinuations ()
System.Threading.Tasks.Task:FinishStageThree ()
System.Threading.Tasks.Task`1<AiEditorToolsSdk.Components.Common.Responses.Wrappers.OperationResult`1<AiEditorToolsSdk.Components.GenerativeModels.Responses.ModelListV2.ModelListFullResult>>:TrySetResult (AiEditorToolsSdk.Components.Common.Responses.Wrappers.OperationResult`1<AiEditorToolsSdk.Components.GenerativeModels.Responses.ModelListV2.ModelListFullResult>)
System.Runtime.CompilerServices.AsyncTaskMethodBuilder`1<AiEditorToolsSdk.Components.Common.Responses.Wrappers.OperationResult`1<AiEditorToolsSdk.Components.GenerativeModels.Responses.ModelListV2.ModelListFullResult>>:SetResult (AiEditorToolsSdk.Components.Common.Responses.Wrappers.OperationResult`1<AiEditorToolsSdk.Components.GenerativeModels.Responses.ModelListV2.ModelListFullResult>)
AiEditorToolsSdk.Application.Gateways.GenerativeModels.V2.GenerativeModelsGatewayV2/<GetModelsAsync>d__4:MoveNext ()
System.Runtime.CompilerServices.AsyncMethodBuilderCore/MoveNextRunner:InvokeMoveNext (object)
System.Threading.ExecutionContext:RunInternal (System.Threading.ExecutionContext,System.Threading.ContextCallback,object,bool)
System.Threading.ExecutionContext:Run (System.Threading.ExecutionContext,System.Threading.ContextCallback,object,bool)
System.Runtime.CompilerServices.AsyncMethodBuilderCore/MoveNextRunner:Run ()
System.Threading.Tasks.AwaitTaskContinuation:InvokeAction (object)
System.Threading.Tasks.AwaitTaskContinuation:RunCallback (System.Threading.ContextCallback,object,System.Threading.Tasks.Task&)
System.Threading.Tasks.SynchronizationContextAwaitTaskContinuation:Run (System.Threading.Tasks.Task,bool)
System.Threading.Tasks.Task:FinishContinuations ()
System.Threading.Tasks.Task:FinishStageThree ()
System.Threading.Tasks.Task`1<AiEditorToolsSdk.Domain.Core.Results.Result`2<SuperProxyClientV1Namespace.ModelListFullResponse, AiEditorToolsSdk.Domain.Core.Errors.ApiError>>:TrySetResult (AiEditorToolsSdk.Domain.Core.Results.Result`2<SuperProxyClientV1Namespace.ModelListFullResponse, AiEditorToolsSdk.Domain.Core.Errors.ApiError>)
System.Runtime.CompilerServices.AsyncTaskMethodBuilder`1<AiEditorToolsSdk.Domain.Core.Results.Result`2<SuperProxyClientV1Namespace.ModelListFullResponse, AiEditorToolsSdk.Domain.Core.Errors.ApiError>>:SetResult (AiEditorToolsSdk.Domain.Core.Results.Result`2<SuperProxyClientV1Namespace.ModelListFullResponse, AiEditorToolsSdk.Domain.Core.Errors.ApiError>)
AiEditorToolsSdk.Application.InternalServices.ApiClientProcessor.ApiClientProcessorService/<ProcessApiRequest>d__5`1<SuperProxyClientV1Namespace.ModelListFullResponse>:MoveNext ()
System.Runtime.CompilerServices.AsyncMethodBuilderCore/MoveNextRunner:InvokeMoveNext (object)
System.Threading.ExecutionContext:RunInternal (System.Threading.ExecutionContext,System.Threading.ContextCallback,object,bool)
System.Threading.ExecutionContext:Run (System.Threading.ExecutionContext,System.Threading.ContextCallback,object,bool)
System.Runtime.CompilerServices.AsyncMethodBuilderCore/MoveNextRunner:Run ()
System.Threading.Tasks.AwaitTaskContinuation:InvokeAction (object)
System.Threading.Tasks.AwaitTaskContinuation:RunCallback (System.Threading.ContextCallback,object,System.Threading.Tasks.Task&)
System.Threading.Tasks.SynchronizationContextAwaitTaskContinuation:Run (System.Threading.Tasks.Task,bool)
System.Threading.Tasks.Task:FinishContinuations ()
System.Threading.Tasks.Task:FinishStageThree ()
System.Threading.Tasks.Task`1<AiEditorToolsSdk.Domain.Core.Results.Result`2<SuperProxyClientV1Namespace.ModelListFullResponse, AiEditorToolsSdk.Domain.Core.Errors.ApiError>>:TrySetResult (AiEditorToolsSdk.Domain.Core.Results.Result`2<SuperProxyClientV1Namespace.ModelListFullResponse, AiEditorToolsSdk.Domain.Core.Errors.ApiError>)
System.Runtime.CompilerServices.AsyncTaskMethodBuilder`1<AiEditorToolsSdk.Domain.Core.Results.Result`2<SuperProxyClientV1Namespace.ModelListFullResponse, AiEditorToolsSdk.Domain.Core.Errors.ApiError>>:SetResult (AiEditorToolsSdk.Domain.Core.Results.Result`2<SuperProxyClientV1Namespace.ModelListFullResponse, AiEditorToolsSdk.Domain.Core.Errors.ApiError>)
AiEditorToolsSdk.Application.InternalServices.ApiClientProcessor.ApiClientProcessorService/<ProcessApiRequestImpl>d__6`1<SuperProxyClientV1Namespace.ModelListFullResponse>:MoveNext ()
System.Runtime.CompilerServices.AsyncMethodBuilderCore/MoveNextRunner:InvokeMoveNext (object)
System.Threading.ExecutionContext:RunInternal (System.Threading.ExecutionContext,System.Threading.ContextCallback,object,bool)
System.Threading.ExecutionContext:Run (System.Threading.ExecutionContext,System.Threading.ContextCallback,object,bool)
System.Runtime.CompilerServices.AsyncMethodBuilderCore/MoveNextRunner:Run ()
System.Threading.Tasks.AwaitTaskContinuation:InvokeAction (object)
System.Threading.Tasks.AwaitTaskContinuation:RunCallback (System.Threading.ContextCallback,object,System.Threading.Tasks.Task&)
System.Threading.Tasks.SynchronizationContextAwaitTaskContinuation:Run (System.Threading.Tasks.Task,bool)
System.Threading.Tasks.Task:FinishContinuations ()
System.Threading.Tasks.Task:FinishStageThree ()
System.Threading.Tasks.Task:FinishStageTwo ()
System.Threading.Tasks.Task:Finish (bool)
System.Threading.Tasks.Task:TrySetException (object)
System.Runtime.CompilerServices.AsyncTaskMethodBuilder`1<SuperProxyClientV1Namespace.ModelListFullResponse>:SetException (System.Exception)
AiEditorToolsSdk.Application.Gateways.GenerativeModels.V2.GenerativeModelsGatewayV2/<>c__DisplayClass4_0/<<GetModelsAsync>b__0>d:MoveNext ()
System.Runtime.CompilerServices.AsyncMethodBuilderCore/MoveNextRunner:InvokeMoveNext (object)
System.Threading.ExecutionContext:RunInternal (System.Threading.ExecutionContext,System.Threading.ContextCallback,object,bool)
System.Threading.ExecutionContext:Run (System.Threading.ExecutionContext,System.Threading.ContextCallback,object,bool)
System.Runtime.CompilerServices.AsyncMethodBuilderCore/MoveNextRunner:Run ()
System.Threading.Tasks.SynchronizationContextAwaitTaskContinuation/<>c:<.cctor>b__7_0 (object)
UnityEngine.UnitySynchronizationContext/WorkRequest:Invoke ()
UnityEngine.UnitySynchronizationContext:Exec ()
UnityEngine.UnitySynchronizationContext:ExecuteTasks ()

(Filename: ./Library/PackageCache/com.unity.ai.assistant@8d1e3e89e3a7/Modules/Unity.AI.ModelSelector/Services/Stores/Actions/ModelSelectorSuperProxyActions.cs Line: 495)

[Licensing::Client] Error: Code 404 while processing request (status: Found 0 entitlement groups and 0 free entitlements matching requested entitlement ids)
[Licensing::Client] Error: Code 404 while processing request (status: Found 0 entitlement groups and 0 free entitlements matching requested entitlement ids)
Error reason is 'NoSubscription' and no additional error information was provided (https://generators.ai.unity.com).
UnityEngine.Debug:ExtractStackTraceNoAlloc (byte*,int,string)
UnityEngine.StackTraceUtility:ExtractStackTrace ()
UnityEngine.DebugLogHandler:Internal_Log (UnityEngine.LogType,UnityEngine.LogOption,string,UnityEngine.Object)
UnityEngine.DebugLogHandler:LogFormat (UnityEngine.LogType,UnityEngine.Object,string,object[])
UnityEngine.Logger:Log (UnityEngine.LogType,object)
UnityEngine.Debug:Log (object)
Unity.AI.ModelSelector.Services.Stores.Actions.ModelSelectorSuperProxyActions/<>c/<<-cctor>b__8_0>d:MoveNext () (at ./Library/PackageCache/com.unity.ai.assistant@8d1e3e89e3a7/Modules/Unity.AI.ModelSelector/Services/Stores/Actions/ModelSelectorSuperProxyActions.cs:495)
System.Runtime.CompilerServices.AsyncMethodBuilderCore/MoveNextRunner:InvokeMoveNext (object)
System.Threading.ExecutionContext:RunInternal (System.Threading.ExecutionContext,System.Threading.ContextCallback,object,bool)
System.Threading.ExecutionContext:Run (System.Threading.ExecutionContext,System.Threading.ContextCallback,object,bool)
System.Runtime.CompilerServices.AsyncMethodBuilderCore/MoveNextRunner:Run ()
System.Threading.Tasks.AwaitTaskContinuation:InvokeAction (object)
System.Threading.Tasks.AwaitTaskContinuation:RunCallback (System.Threading.ContextCallback,object,System.Threading.Tasks.Task&)
System.Threading.Tasks.SynchronizationContextAwaitTaskContinuation:Run (System.Threading.Tasks.Task,bool)
System.Threading.Tasks.Task:FinishContinuations ()
System.Threading.Tasks.Task:FinishStageThree ()
System.Threading.Tasks.Task`1<AiEditorToolsSdk.Components.Common.Responses.Wrappers.OperationResult`1<AiEditorToolsSdk.Components.GenerativeModels.Responses.ModelListV2.ModelListFullResult>>:TrySetResult (AiEditorToolsSdk.Components.Common.Responses.Wrappers.OperationResult`1<AiEditorToolsSdk.Components.GenerativeModels.Responses.ModelListV2.ModelListFullResult>)
System.Runtime.CompilerServices.AsyncTaskMethodBuilder`1<AiEditorToolsSdk.Components.Common.Responses.Wrappers.OperationResult`1<AiEditorToolsSdk.Components.GenerativeModels.Responses.ModelListV2.ModelListFullResult>>:SetResult (AiEditorToolsSdk.Components.Common.Responses.Wrappers.OperationResult`1<AiEditorToolsSdk.Components.GenerativeModels.Responses.ModelListV2.ModelListFullResult>)
AiEditorToolsSdk.Components.GenerativeModels.GenerativeModelsComponentV2/<GetModelsAsync>d__5:MoveNext ()
System.Runtime.CompilerServices.AsyncMethodBuilderCore/MoveNextRunner:InvokeMoveNext (object)
System.Threading.ExecutionContext:RunInternal (System.Threading.ExecutionContext,System.Threading.ContextCallback,object,bool)
System.Threading.ExecutionContext:Run (System.Threading.ExecutionContext,System.Threading.ContextCallback,object,bool)
System.Runtime.CompilerServices.AsyncMethodBuilderCore/MoveNextRunner:Run ()
System.Threading.Tasks.AwaitTaskContinuation:InvokeAction (object)
System.Threading.Tasks.AwaitTaskContinuation:RunCallback (System.Threading.ContextCallback,object,System.Threading.Tasks.Task&)
System.Threading.Tasks.SynchronizationContextAwaitTaskContinuation:Run (System.Threading.Tasks.Task,bool)
System.Threading.Tasks.Task:FinishContinuations ()
System.Threading.Tasks.Task:FinishStageThree ()
System.Threading.Tasks.Task`1<AiEditorToolsSdk.Components.Common.Responses.Wrappers.OperationResult`1<AiEditorToolsSdk.Components.GenerativeModels.Responses.ModelListV2.ModelListFullResult>>:TrySetResult (AiEditorToolsSdk.Components.Common.Responses.Wrappers.OperationResult`1<AiEditorToolsSdk.Components.GenerativeModels.Responses.ModelListV2.ModelListFullResult>)
System.Runtime.CompilerServices.AsyncTaskMethodBuilder`1<AiEditorToolsSdk.Components.Common.Responses.Wrappers.OperationResult`1<AiEditorToolsSdk.Components.GenerativeModels.Responses.ModelListV2.ModelListFullResult>>:SetResult (AiEditorToolsSdk.Components.Common.Responses.Wrappers.OperationResult`1<AiEditorToolsSdk.Components.GenerativeModels.Responses.ModelListV2.ModelListFullResult>)
AiEditorToolsSdk.Application.InternalServices.SdkOperation.SdkOperationService/<ExecuteRequest>d__4`1<AiEditorToolsSdk.Components.GenerativeModels.Responses.ModelListV2.ModelListFullResult>:MoveNext ()
System.Runtime.CompilerServices.AsyncMethodBuilderCore/MoveNextRunner:InvokeMoveNext (object)
System.Threading.ExecutionContext:RunInternal (System.Threading.ExecutionContext,System.Threading.ContextCallback,object,bool)
System.Threading.ExecutionContext:Run (System.Threading.ExecutionContext,System.Threading.ContextCallback,object,bool)
System.Runtime.CompilerServices.AsyncMethodBuilderCore/MoveNextRunner:Run ()
System.Threading.Tasks.AwaitTaskContinuation:InvokeAction (object)
System.Threading.Tasks.AwaitTaskContinuation:RunCallback (System.Threading.ContextCallback,object,System.Threading.Tasks.Task&)
System.Threading.Tasks.SynchronizationContextAwaitTaskContinuation:Run (System.Threading.Tasks.Task,bool)
System.Threading.Tasks.Task:FinishContinuations ()
System.Threading.Tasks.Task:FinishStageThree ()
System.Threading.Tasks.Task`1<AiEditorToolsSdk.Components.Common.Responses.Wrappers.OperationResult`1<AiEditorToolsSdk.Components.GenerativeModels.Responses.ModelListV2.ModelListFullResult>>:TrySetResult (AiEditorToolsSdk.Components.Common.Responses.Wrappers.OperationResult`1<AiEditorToolsSdk.Components.GenerativeModels.Responses.ModelListV2.ModelListFullResult>)
System.Runtime.CompilerServices.AsyncTaskMethodBuilder`1<AiEditorToolsSdk.Components.Common.Responses.Wrappers.OperationResult`1<AiEditorToolsSdk.Components.GenerativeModels.Responses.ModelListV2.ModelListFullResult>>:SetResult (AiEditorToolsSdk.Components.Common.Responses.Wrappers.OperationResult`1<AiEditorToolsSdk.Components.GenerativeModels.Responses.ModelListV2.ModelListFullResult>)
AiEditorToolsSdk.Application.Gateways.GenerativeModels.V2.GenerativeModelsGatewayV2/<GetModelsAsync>d__4:MoveNext ()
System.Runtime.CompilerServices.AsyncMethodBuilderCore/MoveNextRunner:InvokeMoveNext (object)
System.Threading.ExecutionContext:RunInternal (System.Threading.ExecutionContext,System.Threading.ContextCallback,object,bool)
System.Threading.ExecutionContext:Run (System.Threading.ExecutionContext,System.Threading.ContextCallback,object,bool)
System.Runtime.CompilerServices.AsyncMethodBuilderCore/MoveNextRunner:Run ()
System.Threading.Tasks.AwaitTaskContinuation:InvokeAction (object)
System.Threading.Tasks.AwaitTaskContinuation:RunCallback (System.Threading.ContextCallback,object,System.Threading.Tasks.Task&)
System.Threading.Tasks.SynchronizationContextAwaitTaskContinuation:Run (System.Threading.Tasks.Task,bool)
System.Threading.Tasks.Task:FinishContinuations ()
System.Threading.Tasks.Task:FinishStageThree ()
System.Threading.Tasks.Task`1<AiEditorToolsSdk.Domain.Core.Results.Result`2<SuperProxyClientV1Namespace.ModelListFullResponse, AiEditorToolsSdk.Domain.Core.Errors.ApiError>>:TrySetResult (AiEditorToolsSdk.Domain.Core.Results.Result`2<SuperProxyClientV1Namespace.ModelListFullResponse, AiEditorToolsSdk.Domain.Core.Errors.ApiError>)
System.Runtime.CompilerServices.AsyncTaskMethodBuilder`1<AiEditorToolsSdk.Domain.Core.Results.Result`2<SuperProxyClientV1Namespace.ModelListFullResponse, AiEditorToolsSdk.Domain.Core.Errors.ApiError>>:SetResult (AiEditorToolsSdk.Domain.Core.Results.Result`2<SuperProxyClientV1Namespace.ModelListFullResponse, AiEditorToolsSdk.Domain.Core.Errors.ApiError>)
AiEditorToolsSdk.Application.InternalServices.ApiClientProcessor.ApiClientProcessorService/<ProcessApiRequest>d__5`1<SuperProxyClientV1Namespace.ModelListFullResponse>:MoveNext ()
System.Runtime.CompilerServices.AsyncMethodBuilderCore/MoveNextRunner:InvokeMoveNext (object)
System.Threading.ExecutionContext:RunInternal (System.Threading.ExecutionContext,System.Threading.ContextCallback,object,bool)
System.Threading.ExecutionContext:Run (System.Threading.ExecutionContext,System.Threading.ContextCallback,object,bool)
System.Runtime.CompilerServices.AsyncMethodBuilderCore/MoveNextRunner:Run ()
System.Threading.Tasks.AwaitTaskContinuation:InvokeAction (object)
System.Threading.Tasks.AwaitTaskContinuation:RunCallback (System.Threading.ContextCallback,object,System.Threading.Tasks.Task&)
System.Threading.Tasks.SynchronizationContextAwaitTaskContinuation:Run (System.Threading.Tasks.Task,bool)
System.Threading.Tasks.Task:FinishContinuations ()
System.Threading.Tasks.Task:FinishStageThree ()
System.Threading.Tasks.Task`1<AiEditorToolsSdk.Domain.Core.Results.Result`2<SuperProxyClientV1Namespace.ModelListFullResponse, AiEditorToolsSdk.Domain.Core.Errors.ApiError>>:TrySetResult (AiEditorToolsSdk.Domain.Core.Results.Result`2<SuperProxyClientV1Namespace.ModelListFullResponse, AiEditorToolsSdk.Domain.Core.Errors.ApiError>)
System.Runtime.CompilerServices.AsyncTaskMethodBuilder`1<AiEditorToolsSdk.Domain.Core.Results.Result`2<SuperProxyClientV1Namespace.ModelListFullResponse, AiEditorToolsSdk.Domain.Core.Errors.ApiError>>:SetResult (AiEditorToolsSdk.Domain.Core.Results.Result`2<SuperProxyClientV1Namespace.ModelListFullResponse, AiEditorToolsSdk.Domain.Core.Errors.ApiError>)
AiEditorToolsSdk.Application.InternalServices.ApiClientProcessor.ApiClientProcessorService/<ProcessApiRequestImpl>d__6`1<SuperProxyClientV1Namespace.ModelListFullResponse>:MoveNext ()
System.Runtime.CompilerServices.AsyncMethodBuilderCore/MoveNextRunner:InvokeMoveNext (object)
System.Threading.ExecutionContext:RunInternal (System.Threading.ExecutionContext,System.Threading.ContextCallback,object,bool)
System.Threading.ExecutionContext:Run (System.Threading.ExecutionContext,System.Threading.ContextCallback,object,bool)
System.Runtime.CompilerServices.AsyncMethodBuilderCore/MoveNextRunner:Run ()
System.Threading.Tasks.AwaitTaskContinuation:InvokeAction (object)
System.Threading.Tasks.AwaitTaskContinuation:RunCallback (System.Threading.ContextCallback,object,System.Threading.Tasks.Task&)
System.Threading.Tasks.SynchronizationContextAwaitTaskContinuation:Run (System.Threading.Tasks.Task,bool)
System.Threading.Tasks.Task:FinishContinuations ()
System.Threading.Tasks.Task:FinishStageThree ()
System.Threading.Tasks.Task:FinishStageTwo ()
System.Threading.Tasks.Task:Finish (bool)
System.Threading.Tasks.Task:TrySetException (object)
System.Runtime.CompilerServices.AsyncTaskMethodBuilder`1<SuperProxyClientV1Namespace.ModelListFullResponse>:SetException (System.Exception)
AiEditorToolsSdk.Application.Gateways.GenerativeModels.V2.GenerativeModelsGatewayV2/<>c__DisplayClass4_0/<<GetModelsAsync>b__0>d:MoveNext ()
System.Runtime.CompilerServices.AsyncMethodBuilderCore/MoveNextRunner:InvokeMoveNext (object)
System.Threading.ExecutionContext:RunInternal (System.Threading.ExecutionContext,System.Threading.ContextCallback,object,bool)
System.Threading.ExecutionContext:Run (System.Threading.ExecutionContext,System.Threading.ContextCallback,object,bool)
System.Runtime.CompilerServices.AsyncMethodBuilderCore/MoveNextRunner:Run ()
System.Threading.Tasks.SynchronizationContextAwaitTaskContinuation/<>c:<.cctor>b__7_0 (object)
UnityEngine.UnitySynchronizationContext/WorkRequest:Invoke ()
UnityEngine.UnitySynchronizationContext:Exec ()
UnityEngine.UnitySynchronizationContext:ExecuteTasks ()

(Filename: ./Library/PackageCache/com.unity.ai.assistant@8d1e3e89e3a7/Modules/Unity.AI.ModelSelector/Services/Stores/Actions/ModelSelectorSuperProxyActions.cs Line: 495)

[Worker0] Imported GUID: 8c7c685e4c304bd4ea0a13c1e0128517 - Path: Assets/Editor/AutoFixDemoScene.cs - Importer: ScriptedImporter/UnityEditor.QuickSearchModule:UnityEditor.Search:ASIAI0B -> (ImportResultId: '4c8bd2bcd415eda5a7183b89645a2193') in 0.0773537 seconds
Error reason is 'NoSubscription' and no additional error information was provided (https://generators.ai.unity.com).
UnityEngine.Debug:ExtractStackTraceNoAlloc (byte*,int,string)
UnityEngine.StackTraceUtility:ExtractStackTrace ()
UnityEngine.DebugLogHandler:Internal_Log (UnityEngine.LogType,UnityEngine.LogOption,string,UnityEngine.Object)
UnityEngine.DebugLogHandler:LogFormat (UnityEngine.LogType,UnityEngine.Object,string,object[])
UnityEngine.Logger:Log (UnityEngine.LogType,object)
UnityEngine.Debug:Log (object)
Unity.AI.ModelSelector.Services.Stores.Actions.ModelSelectorSuperProxyActions/<>c/<<-cctor>b__8_0>d:MoveNext () (at ./Library/PackageCache/com.unity.ai.assistant@8d1e3e89e3a7/Modules/Unity.AI.ModelSelector/Services/Stores/Actions/ModelSelectorSuperProxyActions.cs:495)
System.Runtime.CompilerServices.AsyncMethodBuilderCore/MoveNextRunner:InvokeMoveNext (object)
System.Threading.ExecutionContext:RunInternal (System.Threading.ExecutionContext,System.Threading.ContextCallback,object,bool)
System.Threading.ExecutionContext:Run (System.Threading.ExecutionContext,System.Threading.ContextCallback,object,bool)
System.Runtime.CompilerServices.AsyncMethodBuilderCore/MoveNextRunner:Run ()
System.Threading.Tasks.AwaitTaskContinuation:InvokeAction (object)
System.Threading.Tasks.AwaitTaskContinuation:RunCallback (System.Threading.ContextCallback,object,System.Threading.Tasks.Task&)
System.Threading.Tasks.SynchronizationContextAwaitTaskContinuation:Run (System.Threading.Tasks.Task,bool)
System.Threading.Tasks.Task:FinishContinuations ()
System.Threading.Tasks.Task:FinishStageThree ()
System.Threading.Tasks.Task`1<AiEditorToolsSdk.Components.Common.Responses.Wrappers.OperationResult`1<AiEditorToolsSdk.Components.GenerativeModels.Responses.ModelListV2.ModelListFullResult>>:TrySetResult (AiEditorToolsSdk.Components.Common.Responses.Wrappers.OperationResult`1<AiEditorToolsSdk.Components.GenerativeModels.Responses.ModelListV2.ModelListFullResult>)
System.Runtime.CompilerServices.AsyncTaskMethodBuilder`1<AiEditorToolsSdk.Components.Common.Responses.Wrappers.OperationResult`1<AiEditorToolsSdk.Components.GenerativeModels.Responses.ModelListV2.ModelListFullResult>>:SetResult (AiEditorToolsSdk.Components.Common.Responses.Wrappers.OperationResult`1<AiEditorToolsSdk.Components.GenerativeModels.Responses.ModelListV2.ModelListFullResult>)
AiEditorToolsSdk.Components.GenerativeModels.GenerativeModelsComponentV2/<GetModelsAsync>d__5:MoveNext ()
System.Runtime.CompilerServices.AsyncMethodBuilderCore/MoveNextRunner:InvokeMoveNext (object)
System.Threading.ExecutionContext:RunInternal (System.Threading.ExecutionContext,System.Threading.ContextCallback,object,bool)
System.Threading.ExecutionContext:Run (System.Threading.ExecutionContext,System.Threading.ContextCallback,object,bool)
System.Runtime.CompilerServices.AsyncMethodBuilderCore/MoveNextRunner:Run ()
System.Threading.Tasks.AwaitTaskContinuation:InvokeAction (object)
System.Threading.Tasks.AwaitTaskContinuation:RunCallback (System.Threading.ContextCallback,object,System.Threading.Tasks.Task&)
System.Threading.Tasks.SynchronizationContextAwaitTaskContinuation:Run (System.Threading.Tasks.Task,bool)
System.Threading.Tasks.Task:FinishContinuations ()
System.Threading.Tasks.Task:FinishStageThree ()
System.Threading.Tasks.Task`1<AiEditorToolsSdk.Components.Common.Responses.Wrappers.OperationResult`1<AiEditorToolsSdk.Components.GenerativeModels.Responses.ModelListV2.ModelListFullResult>>:TrySetResult (AiEditorToolsSdk.Components.Common.Responses.Wrappers.OperationResult`1<AiEditorToolsSdk.Components.GenerativeModels.Responses.ModelListV2.ModelListFullResult>)
System.Runtime.CompilerServices.AsyncTaskMethodBuilder`1<AiEditorToolsSdk.Components.Common.Responses.Wrappers.OperationResult`1<AiEditorToolsSdk.Components.GenerativeModels.Responses.ModelListV2.ModelListFullResult>>:SetResult (AiEditorToolsSdk.Components.Common.Responses.Wrappers.OperationResult`1<AiEditorToolsSdk.Components.GenerativeModels.Responses.ModelListV2.ModelListFullResult>)
AiEditorToolsSdk.Application.InternalServices.SdkOperation.SdkOperationService/<ExecuteRequest>d__4`1<AiEditorToolsSdk.Components.GenerativeModels.Responses.ModelListV2.ModelListFullResult>:MoveNext ()
System.Runtime.CompilerServices.AsyncMethodBuilderCore/MoveNextRunner:InvokeMoveNext (object)
System.Threading.ExecutionContext:RunInternal (System.Threading.ExecutionContext,System.Threading.ContextCallback,object,bool)
System.Threading.ExecutionContext:Run (System.Threading.ExecutionContext,System.Threading.ContextCallback,object,bool)
System.Runtime.CompilerServices.AsyncMethodBuilderCore/MoveNextRunner:Run ()
System.Threading.Tasks.AwaitTaskContinuation:InvokeAction (object)
System.Threading.Tasks.AwaitTaskContinuation:RunCallback (System.Threading.ContextCallback,object,System.Threading.Tasks.Task&)
System.Threading.Tasks.SynchronizationContextAwaitTaskContinuation:Run (System.Threading.Tasks.Task,bool)
System.Threading.Tasks.Task:FinishContinuations ()
System.Threading.Tasks.Task:FinishStageThree ()
System.Threading.Tasks.Task`1<AiEditorToolsSdk.Components.Common.Responses.Wrappers.OperationResult`1<AiEditorToolsSdk.Components.GenerativeModels.Responses.ModelListV2.ModelListFullResult>>:TrySetResult (AiEditorToolsSdk.Components.Common.Responses.Wrappers.OperationResult`1<AiEditorToolsSdk.Components.GenerativeModels.Responses.ModelListV2.ModelListFullResult>)
System.Runtime.CompilerServices.AsyncTaskMethodBuilder`1<AiEditorToolsSdk.Components.Common.Responses.Wrappers.OperationResult`1<AiEditorToolsSdk.Components.GenerativeModels.Responses.ModelListV2.ModelListFullResult>>:SetResult (AiEditorToolsSdk.Components.Common.Responses.Wrappers.OperationResult`1<AiEditorToolsSdk.Components.GenerativeModels.Responses.ModelListV2.ModelListFullResult>)
AiEditorToolsSdk.Application.Gateways.GenerativeModels.V2.GenerativeModelsGatewayV2/<GetModelsAsync>d__4:MoveNext ()
System.Runtime.CompilerServices.AsyncMethodBuilderCore/MoveNextRunner:InvokeMoveNext (object)
System.Threading.ExecutionContext:RunInternal (System.Threading.ExecutionContext,System.Threading.ContextCallback,object,bool)
System.Threading.ExecutionContext:Run (System.Threading.ExecutionContext,System.Threading.ContextCallback,object,bool)
System.Runtime.CompilerServices.AsyncMethodBuilderCore/MoveNextRunner:Run ()
System.Threading.Tasks.AwaitTaskContinuation:InvokeAction (object)
System.Threading.Tasks.AwaitTaskContinuation:RunCallback (System.Threading.ContextCallback,object,System.Threading.Tasks.Task&)
System.Threading.Tasks.SynchronizationContextAwaitTaskContinuation:Run (System.Threading.Tasks.Task,bool)
System.Threading.Tasks.Task:FinishContinuations ()
System.Threading.Tasks.Task:FinishStageThree ()
System.Threading.Tasks.Task`1<AiEditorToolsSdk.Domain.Core.Results.Result`2<SuperProxyClientV1Namespace.ModelListFullResponse, AiEditorToolsSdk.Domain.Core.Errors.ApiError>>:TrySetResult (AiEditorToolsSdk.Domain.Core.Results.Result`2<SuperProxyClientV1Namespace.ModelListFullResponse, AiEditorToolsSdk.Domain.Core.Errors.ApiError>)
System.Runtime.CompilerServices.AsyncTaskMethodBuilder`1<AiEditorToolsSdk.Domain.Core.Results.Result`2<SuperProxyClientV1Namespace.ModelListFullResponse, AiEditorToolsSdk.Domain.Core.Errors.ApiError>>:SetResult (AiEditorToolsSdk.Domain.Core.Results.Result`2<SuperProxyClientV1Namespace.ModelListFullResponse, AiEditorToolsSdk.Domain.Core.Errors.ApiError>)
AiEditorToolsSdk.Application.InternalServices.ApiClientProcessor.ApiClientProcessorService/<ProcessApiRequest>d__5`1<SuperProxyClientV1Namespace.ModelListFullResponse>:MoveNext ()
System.Runtime.CompilerServices.AsyncMethodBuilderCore/MoveNextRunner:InvokeMoveNext (object)
System.Threading.ExecutionContext:RunInternal (System.Threading.ExecutionContext,System.Threading.ContextCallback,object,bool)
System.Threading.ExecutionContext:Run (System.Threading.ExecutionContext,System.Threading.ContextCallback,object,bool)
System.Runtime.CompilerServices.AsyncMethodBuilderCore/MoveNextRunner:Run ()
System.Threading.Tasks.AwaitTaskContinuation:InvokeAction (object)
System.Threading.Tasks.AwaitTaskContinuation:RunCallback (System.Threading.ContextCallback,object,System.Threading.Tasks.Task&)
System.Threading.Tasks.SynchronizationContextAwaitTaskContinuation:Run (System.Threading.Tasks.Task,bool)
System.Threading.Tasks.Task:FinishContinuations ()
System.Threading.Tasks.Task:FinishStageThree ()
System.Threading.Tasks.Task`1<AiEditorToolsSdk.Domain.Core.Results.Result`2<SuperProxyClientV1Namespace.ModelListFullResponse, AiEditorToolsSdk.Domain.Core.Errors.ApiError>>:TrySetResult (AiEditorToolsSdk.Domain.Core.Results.Result`2<SuperProxyClientV1Namespace.ModelListFullResponse, AiEditorToolsSdk.Domain.Core.Errors.ApiError>)
System.Runtime.CompilerServices.AsyncTaskMethodBuilder`1<AiEditorToolsSdk.Domain.Core.Results.Result`2<SuperProxyClientV1Namespace.ModelListFullResponse, AiEditorToolsSdk.Domain.Core.Errors.ApiError>>:SetResult (AiEditorToolsSdk.Domain.Core.Results.Result`2<SuperProxyClientV1Namespace.ModelListFullResponse, AiEditorToolsSdk.Domain.Core.Errors.ApiError>)
AiEditorToolsSdk.Application.InternalServices.ApiClientProcessor.ApiClientProcessorService/<ProcessApiRequestImpl>d__6`1<SuperProxyClientV1Namespace.ModelListFullResponse>:MoveNext ()
System.Runtime.CompilerServices.AsyncMethodBuilderCore/MoveNextRunner:InvokeMoveNext (object)
System.Threading.ExecutionContext:RunInternal (System.Threading.ExecutionContext,System.Threading.ContextCallback,object,bool)
System.Threading.ExecutionContext:Run (System.Threading.ExecutionContext,System.Threading.ContextCallback,object,bool)
System.Runtime.CompilerServices.AsyncMethodBuilderCore/MoveNextRunner:Run ()
System.Threading.Tasks.AwaitTaskContinuation:InvokeAction (object)
System.Threading.Tasks.AwaitTaskContinuation:RunCallback (System.Threading.ContextCallback,object,System.Threading.Tasks.Task&)
System.Threading.Tasks.SynchronizationContextAwaitTaskContinuation:Run (System.Threading.Tasks.Task,bool)
System.Threading.Tasks.Task:FinishContinuations ()
System.Threading.Tasks.Task:FinishStageThree ()
System.Threading.Tasks.Task:FinishStageTwo ()
System.Threading.Tasks.Task:Finish (bool)
System.Threading.Tasks.Task:TrySetException (object)
System.Runtime.CompilerServices.AsyncTaskMethodBuilder`1<SuperProxyClientV1Namespace.ModelListFullResponse>:SetException (System.Exception)
AiEditorToolsSdk.Application.Gateways.GenerativeModels.V2.GenerativeModelsGatewayV2/<>c__DisplayClass4_0/<<GetModelsAsync>b__0>d:MoveNext ()
System.Runtime.CompilerServices.AsyncMethodBuilderCore/MoveNextRunner:InvokeMoveNext (object)
System.Threading.ExecutionContext:RunInternal (System.Threading.ExecutionContext,System.Threading.ContextCallback,object,bool)
System.Threading.ExecutionContext:Run (System.Threading.ExecutionContext,System.Threading.ContextCallback,object,bool)
System.Runtime.CompilerServices.AsyncMethodBuilderCore/MoveNextRunner:Run ()
System.Threading.Tasks.SynchronizationContextAwaitTaskContinuation/<>c:<.cctor>b__7_0 (object)
UnityEngine.UnitySynchronizationContext/WorkRequest:Invoke ()
UnityEngine.UnitySynchronizationContext:Exec ()
UnityEngine.UnitySynchronizationContext:ExecuteTasks ()

(Filename: ./Library/PackageCache/com.unity.ai.assistant@8d1e3e89e3a7/Modules/Unity.AI.ModelSelector/Services/Stores/Actions/ModelSelectorSuperProxyActions.cs Line: 495)

UPID Received '27d3c1c9-2ca6-4457-9b66-da08df0230d7'.
Error reason is 'NoSubscription' and no additional error information was provided (https://generators.ai.unity.com).
UnityEngine.Debug:ExtractStackTraceNoAlloc (byte*,int,string)
UnityEngine.StackTraceUtility:ExtractStackTrace ()
UnityEngine.DebugLogHandler:Internal_Log (UnityEngine.LogType,UnityEngine.LogOption,string,UnityEngine.Object)
UnityEngine.DebugLogHandler:LogFormat (UnityEngine.LogType,UnityEngine.Object,string,object[])
UnityEngine.Logger:Log (UnityEngine.LogType,object)
UnityEngine.Debug:Log (object)
Unity.AI.ModelSelector.Services.Stores.Actions.ModelSelectorSuperProxyActions/<>c/<<-cctor>b__8_0>d:MoveNext () (at ./Library/PackageCache/com.unity.ai.assistant@8d1e3e89e3a7/Modules/Unity.AI.ModelSelector/Services/Stores/Actions/ModelSelectorSuperProxyActions.cs:495)
System.Runtime.CompilerServices.AsyncMethodBuilderCore/MoveNextRunner:InvokeMoveNext (object)
System.Threading.ExecutionContext:RunInternal (System.Threading.ExecutionContext,System.Threading.ContextCallback,object,bool)
System.Threading.ExecutionContext:Run (System.Threading.ExecutionContext,System.Threading.ContextCallback,object,bool)
System.Runtime.CompilerServices.AsyncMethodBuilderCore/MoveNextRunner:Run ()
System.Threading.Tasks.AwaitTaskContinuation:InvokeAction (object)
System.Threading.Tasks.AwaitTaskContinuation:RunCallback (System.Threading.ContextCallback,object,System.Threading.Tasks.Task&)
System.Threading.Tasks.SynchronizationContextAwaitTaskContinuation:Run (System.Threading.Tasks.Task,bool)
System.Threading.Tasks.Task:FinishContinuations ()
System.Threading.Tasks.Task:FinishStageThree ()
System.Threading.Tasks.Task`1<AiEditorToolsSdk.Components.Common.Responses.Wrappers.OperationResult`1<AiEditorToolsSdk.Components.GenerativeModels.Responses.ModelListV2.ModelListFullResult>>:TrySetResult (AiEditorToolsSdk.Components.Common.Responses.Wrappers.OperationResult`1<AiEditorToolsSdk.Components.GenerativeModels.Responses.ModelListV2.ModelListFullResult>)
System.Runtime.CompilerServices.AsyncTaskMethodBuilder`1<AiEditorToolsSdk.Components.Common.Responses.Wrappers.OperationResult`1<AiEditorToolsSdk.Components.GenerativeModels.Responses.ModelListV2.ModelListFullResult>>:SetResult (AiEditorToolsSdk.Components.Common.Responses.Wrappers.OperationResult`1<AiEditorToolsSdk.Components.GenerativeModels.Responses.ModelListV2.ModelListFullResult>)
AiEditorToolsSdk.Components.GenerativeModels.GenerativeModelsComponentV2/<GetModelsAsync>d__5:MoveNext ()
System.Runtime.CompilerServices.AsyncMethodBuilderCore/MoveNextRunner:InvokeMoveNext (object)
System.Threading.ExecutionContext:RunInternal (System.Threading.ExecutionContext,System.Threading.ContextCallback,object,bool)
System.Threading.ExecutionContext:Run (System.Threading.ExecutionContext,System.Threading.ContextCallback,object,bool)
System.Runtime.CompilerServices.AsyncMethodBuilderCore/MoveNextRunner:Run ()
System.Threading.Tasks.AwaitTaskContinuation:InvokeAction (object)
System.Threading.Tasks.AwaitTaskContinuation:RunCallback (System.Threading.ContextCallback,object,System.Threading.Tasks.Task&)
System.Threading.Tasks.SynchronizationContextAwaitTaskContinuation:Run (System.Threading.Tasks.Task,bool)
System.Threading.Tasks.Task:FinishContinuations ()
System.Threading.Tasks.Task:FinishStageThree ()
System.Threading.Tasks.Task`1<AiEditorToolsSdk.Components.Common.Responses.Wrappers.OperationResult`1<AiEditorToolsSdk.Components.GenerativeModels.Responses.ModelListV2.ModelListFullResult>>:TrySetResult (AiEditorToolsSdk.Components.Common.Responses.Wrappers.OperationResult`1<AiEditorToolsSdk.Components.GenerativeModels.Responses.ModelListV2.ModelListFullResult>)
System.Runtime.CompilerServices.AsyncTaskMethodBuilder`1<AiEditorToolsSdk.Components.Common.Responses.Wrappers.OperationResult`1<AiEditorToolsSdk.Components.GenerativeModels.Responses.ModelListV2.ModelListFullResult>>:SetResult (AiEditorToolsSdk.Components.Common.Responses.Wrappers.OperationResult`1<AiEditorToolsSdk.Components.GenerativeModels.Responses.ModelListV2.ModelListFullResult>)
AiEditorToolsSdk.Application.InternalServices.SdkOperation.SdkOperationService/<ExecuteRequest>d__4`1<AiEditorToolsSdk.Components.GenerativeModels.Responses.ModelListV2.ModelListFullResult>:MoveNext ()
System.Runtime.CompilerServices.AsyncMethodBuilderCore/MoveNextRunner:InvokeMoveNext (object)
System.Threading.ExecutionContext:RunInternal (System.Threading.ExecutionContext,System.Threading.ContextCallback,object,bool)
System.Threading.ExecutionContext:Run (System.Threading.ExecutionContext,System.Threading.ContextCallback,object,bool)
System.Runtime.CompilerServices.AsyncMethodBuilderCore/MoveNextRunner:Run ()
System.Threading.Tasks.AwaitTaskContinuation:InvokeAction (object)
System.Threading.Tasks.AwaitTaskContinuation:RunCallback (System.Threading.ContextCallback,object,System.Threading.Tasks.Task&)
System.Threading.Tasks.SynchronizationContextAwaitTaskContinuation:Run (System.Threading.Tasks.Task,bool)
System.Threading.Tasks.Task:FinishContinuations ()
System.Threading.Tasks.Task:FinishStageThree ()
System.Threading.Tasks.Task`1<AiEditorToolsSdk.Components.Common.Responses.Wrappers.OperationResult`1<AiEditorToolsSdk.Components.GenerativeModels.Responses.ModelListV2.ModelListFullResult>>:TrySetResult (AiEditorToolsSdk.Components.Common.Responses.Wrappers.OperationResult`1<AiEditorToolsSdk.Components.GenerativeModels.Responses.ModelListV2.ModelListFullResult>)
System.Runtime.CompilerServices.AsyncTaskMethodBuilder`1<AiEditorToolsSdk.Components.Common.Responses.Wrappers.OperationResult`1<AiEditorToolsSdk.Components.GenerativeModels.Responses.ModelListV2.ModelListFullResult>>:SetResult (AiEditorToolsSdk.Components.Common.Responses.Wrappers.OperationResult`1<AiEditorToolsSdk.Components.GenerativeModels.Responses.ModelListV2.ModelListFullResult>)
AiEditorToolsSdk.Application.Gateways.GenerativeModels.V2.GenerativeModelsGatewayV2/<GetModelsAsync>d__4:MoveNext ()
System.Runtime.CompilerServices.AsyncMethodBuilderCore/MoveNextRunner:InvokeMoveNext (object)
System.Threading.ExecutionContext:RunInternal (System.Threading.ExecutionContext,System.Threading.ContextCallback,object,bool)
System.Threading.ExecutionContext:Run (System.Threading.ExecutionContext,System.Threading.ContextCallback,object,bool)
System.Runtime.CompilerServices.AsyncMethodBuilderCore/MoveNextRunner:Run ()
System.Threading.Tasks.AwaitTaskContinuation:InvokeAction (object)
System.Threading.Tasks.AwaitTaskContinuation:RunCallback (System.Threading.ContextCallback,object,System.Threading.Tasks.Task&)
System.Threading.Tasks.SynchronizationContextAwaitTaskContinuation:Run (System.Threading.Tasks.Task,bool)
System.Threading.Tasks.Task:FinishContinuations ()
System.Threading.Tasks.Task:FinishStageThree ()
System.Threading.Tasks.Task`1<AiEditorToolsSdk.Domain.Core.Results.Result`2<SuperProxyClientV1Namespace.ModelListFullResponse, AiEditorToolsSdk.Domain.Core.Errors.ApiError>>:TrySetResult (AiEditorToolsSdk.Domain.Core.Results.Result`2<SuperProxyClientV1Namespace.ModelListFullResponse, AiEditorToolsSdk.Domain.Core.Errors.ApiError>)
System.Runtime.CompilerServices.AsyncTaskMethodBuilder`1<AiEditorToolsSdk.Domain.Core.Results.Result`2<SuperProxyClientV1Namespace.ModelListFullResponse, AiEditorToolsSdk.Domain.Core.Errors.ApiError>>:SetResult (AiEditorToolsSdk.Domain.Core.Results.Result`2<SuperProxyClientV1Namespace.ModelListFullResponse, AiEditorToolsSdk.Domain.Core.Errors.ApiError>)
AiEditorToolsSdk.Application.InternalServices.ApiClientProcessor.ApiClientProcessorService/<ProcessApiRequest>d__5`1<SuperProxyClientV1Namespace.ModelListFullResponse>:MoveNext ()
System.Runtime.CompilerServices.AsyncMethodBuilderCore/MoveNextRunner:InvokeMoveNext (object)
System.Threading.ExecutionContext:RunInternal (System.Threading.ExecutionContext,System.Threading.ContextCallback,object,bool)
System.Threading.ExecutionContext:Run (System.Threading.ExecutionContext,System.Threading.ContextCallback,object,bool)
System.Runtime.CompilerServices.AsyncMethodBuilderCore/MoveNextRunner:Run ()
System.Threading.Tasks.AwaitTaskContinuation:InvokeAction (object)
System.Threading.Tasks.AwaitTaskContinuation:RunCallback (System.Threading.ContextCallback,object,System.Threading.Tasks.Task&)
System.Threading.Tasks.SynchronizationContextAwaitTaskContinuation:Run (System.Threading.Tasks.Task,bool)
System.Threading.Tasks.Task:FinishContinuations ()
System.Threading.Tasks.Task:FinishStageThree ()
System.Threading.Tasks.Task`1<AiEditorToolsSdk.Domain.Core.Results.Result`2<SuperProxyClientV1Namespace.ModelListFullResponse, AiEditorToolsSdk.Domain.Core.Errors.ApiError>>:TrySetResult (AiEditorToolsSdk.Domain.Core.Results.Result`2<SuperProxyClientV1Namespace.ModelListFullResponse, AiEditorToolsSdk.Domain.Core.Errors.ApiError>)
System.Runtime.CompilerServices.AsyncTaskMethodBuilder`1<AiEditorToolsSdk.Domain.Core.Results.Result`2<SuperProxyClientV1Namespace.ModelListFullResponse, AiEditorToolsSdk.Domain.Core.Errors.ApiError>>:SetResult (AiEditorToolsSdk.Domain.Core.Results.Result`2<SuperProxyClientV1Namespace.ModelListFullResponse, AiEditorToolsSdk.Domain.Core.Errors.ApiError>)
AiEditorToolsSdk.Application.InternalServices.ApiClientProcessor.ApiClientProcessorService/<ProcessApiRequestImpl>d__6`1<SuperProxyClientV1Namespace.ModelListFullResponse>:MoveNext ()
System.Runtime.CompilerServices.AsyncMethodBuilderCore/MoveNextRunner:InvokeMoveNext (object)
System.Threading.ExecutionContext:RunInternal (System.Threading.ExecutionContext,System.Threading.ContextCallback,object,bool)
System.Threading.ExecutionContext:Run (System.Threading.ExecutionContext,System.Threading.ContextCallback,object,bool)
System.Runtime.CompilerServices.AsyncMethodBuilderCore/MoveNextRunner:Run ()
System.Threading.Tasks.AwaitTaskContinuation:InvokeAction (object)
System.Threading.Tasks.AwaitTaskContinuation:RunCallback (System.Threading.ContextCallback,object,System.Threading.Tasks.Task&)
System.Threading.Tasks.SynchronizationContextAwaitTaskContinuation:Run (System.Threading.Tasks.Task,bool)
System.Threading.Tasks.Task:FinishContinuations ()
System.Threading.Tasks.Task:FinishStageThree ()
System.Threading.Tasks.Task:FinishStageTwo ()
System.Threading.Tasks.Task:Finish (bool)
System.Threading.Tasks.Task:TrySetException (object)
System.Runtime.CompilerServices.AsyncTaskMethodBuilder`1<SuperProxyClientV1Namespace.ModelListFullResponse>:SetException (System.Exception)
AiEditorToolsSdk.Application.Gateways.GenerativeModels.V2.GenerativeModelsGatewayV2/<>c__DisplayClass4_0/<<GetModelsAsync>b__0>d:MoveNext ()
System.Runtime.CompilerServices.AsyncMethodBuilderCore/MoveNextRunner:InvokeMoveNext (object)
System.Threading.ExecutionContext:RunInternal (System.Threading.ExecutionContext,System.Threading.ContextCallback,object,bool)
System.Threading.ExecutionContext:Run (System.Threading.ExecutionContext,System.Threading.ContextCallback,object,bool)
System.Runtime.CompilerServices.AsyncMethodBuilderCore/MoveNextRunner:Run ()
System.Threading.Tasks.SynchronizationContextAwaitTaskContinuation/<>c:<.cctor>b__7_0 (object)
UnityEngine.UnitySynchronizationContext/WorkRequest:Invoke ()
UnityEngine.UnitySynchronizationContext:Exec ()
UnityEngine.UnitySynchronizationContext:ExecuteTasks ()

(Filename: ./Library/PackageCache/com.unity.ai.assistant@8d1e3e89e3a7/Modules/Unity.AI.ModelSelector/Services/Stores/Actions/ModelSelectorSuperProxyActions.cs Line: 495)

[Licensing::Client] Error: Code 404 while processing request (status: Found 0 entitlement groups and 0 free entitlements matching requested entitlement ids)
Error reason is 'NoSubscription' and no additional error information was provided (https://generators.ai.unity.com).
UnityEngine.Debug:ExtractStackTraceNoAlloc (byte*,int,string)
UnityEngine.StackTraceUtility:ExtractStackTrace ()
UnityEngine.DebugLogHandler:Internal_Log (UnityEngine.LogType,UnityEngine.LogOption,string,UnityEngine.Object)
UnityEngine.DebugLogHandler:LogFormat (UnityEngine.LogType,UnityEngine.Object,string,object[])
UnityEngine.Logger:Log (UnityEngine.LogType,object)
UnityEngine.Debug:Log (object)
Unity.AI.ModelSelector.Services.Stores.Actions.ModelSelectorSuperProxyActions/<>c/<<-cctor>b__8_0>d:MoveNext () (at ./Library/PackageCache/com.unity.ai.assistant@8d1e3e89e3a7/Modules/Unity.AI.ModelSelector/Services/Stores/Actions/ModelSelectorSuperProxyActions.cs:495)
System.Runtime.CompilerServices.AsyncMethodBuilderCore/MoveNextRunner:InvokeMoveNext (object)
System.Threading.ExecutionContext:RunInternal (System.Threading.ExecutionContext,System.Threading.ContextCallback,object,bool)
System.Threading.ExecutionContext:Run (System.Threading.ExecutionContext,System.Threading.ContextCallback,object,bool)
System.Runtime.CompilerServices.AsyncMethodBuilderCore/MoveNextRunner:Run ()
System.Threading.Tasks.AwaitTaskContinuation:InvokeAction (object)
System.Threading.Tasks.AwaitTaskContinuation:RunCallback (System.Threading.ContextCallback,object,System.Threading.Tasks.Task&)
System.Threading.Tasks.SynchronizationContextAwaitTaskContinuation:Run (System.Threading.Tasks.Task,bool)
System.Threading.Tasks.Task:FinishContinuations ()
System.Threading.Tasks.Task:FinishStageThree ()
System.Threading.Tasks.Task`1<AiEditorToolsSdk.Components.Common.Responses.Wrappers.OperationResult`1<AiEditorToolsSdk.Components.GenerativeModels.Responses.ModelListV2.ModelListFullResult>>:TrySetResult (AiEditorToolsSdk.Components.Common.Responses.Wrappers.OperationResult`1<AiEditorToolsSdk.Components.GenerativeModels.Responses.ModelListV2.ModelListFullResult>)
System.Runtime.CompilerServices.AsyncTaskMethodBuilder`1<AiEditorToolsSdk.Components.Common.Responses.Wrappers.OperationResult`1<AiEditorToolsSdk.Components.GenerativeModels.Responses.ModelListV2.ModelListFullResult>>:SetResult (AiEditorToolsSdk.Components.Common.Responses.Wrappers.OperationResult`1<AiEditorToolsSdk.Components.GenerativeModels.Responses.ModelListV2.ModelListFullResult>)
AiEditorToolsSdk.Components.GenerativeModels.GenerativeModelsComponentV2/<GetModelsAsync>d__5:MoveNext ()
System.Runtime.CompilerServices.AsyncMethodBuilderCore/MoveNextRunner:InvokeMoveNext (object)
System.Threading.ExecutionContext:RunInternal (System.Threading.ExecutionContext,System.Threading.ContextCallback,object,bool)
System.Threading.ExecutionContext:Run (System.Threading.ExecutionContext,System.Threading.ContextCallback,object,bool)
System.Runtime.CompilerServices.AsyncMethodBuilderCore/MoveNextRunner:Run ()
System.Threading.Tasks.AwaitTaskContinuation:InvokeAction (object)
System.Threading.Tasks.AwaitTaskContinuation:RunCallback (System.Threading.ContextCallback,object,System.Threading.Tasks.Task&)
System.Threading.Tasks.SynchronizationContextAwaitTaskContinuation:Run (System.Threading.Tasks.Task,bool)
System.Threading.Tasks.Task:FinishContinuations ()
System.Threading.Tasks.Task:FinishStageThree ()
System.Threading.Tasks.Task`1<AiEditorToolsSdk.Components.Common.Responses.Wrappers.OperationResult`1<AiEditorToolsSdk.Components.GenerativeModels.Responses.ModelListV2.ModelListFullResult>>:TrySetResult (AiEditorToolsSdk.Components.Common.Responses.Wrappers.OperationResult`1<AiEditorToolsSdk.Components.GenerativeModels.Responses.ModelListV2.ModelListFullResult>)
System.Runtime.CompilerServices.AsyncTaskMethodBuilder`1<AiEditorToolsSdk.Components.Common.Responses.Wrappers.OperationResult`1<AiEditorToolsSdk.Components.GenerativeModels.Responses.ModelListV2.ModelListFullResult>>:SetResult (AiEditorToolsSdk.Components.Common.Responses.Wrappers.OperationResult`1<AiEditorToolsSdk.Components.GenerativeModels.Responses.ModelListV2.ModelListFullResult>)
AiEditorToolsSdk.Application.InternalServices.SdkOperation.SdkOperationService/<ExecuteRequest>d__4`1<AiEditorToolsSdk.Components.GenerativeModels.Responses.ModelListV2.ModelListFullResult>:MoveNext ()
System.Runtime.CompilerServices.AsyncMethodBuilderCore/MoveNextRunner:InvokeMoveNext (object)
System.Threading.ExecutionContext:RunInternal (System.Threading.ExecutionContext,System.Threading.ContextCallback,object,bool)
System.Threading.ExecutionContext:Run (System.Threading.ExecutionContext,System.Threading.ContextCallback,object,bool)
System.Runtime.CompilerServices.AsyncMethodBuilderCore/MoveNextRunner:Run ()
System.Threading.Tasks.AwaitTaskContinuation:InvokeAction (object)
System.Threading.Tasks.AwaitTaskContinuation:RunCallback (System.Threading.ContextCallback,object,System.Threading.Tasks.Task&)
System.Threading.Tasks.SynchronizationContextAwaitTaskContinuation:Run (System.Threading.Tasks.Task,bool)
System.Threading.Tasks.Task:FinishContinuations ()
System.Threading.Tasks.Task:FinishStageThree ()
System.Threading.Tasks.Task`1<AiEditorToolsSdk.Components.Common.Responses.Wrappers.OperationResult`1<AiEditorToolsSdk.Components.GenerativeModels.Responses.ModelListV2.ModelListFullResult>>:TrySetResult (AiEditorToolsSdk.Components.Common.Responses.Wrappers.OperationResult`1<AiEditorToolsSdk.Components.GenerativeModels.Responses.ModelListV2.ModelListFullResult>)
System.Runtime.CompilerServices.AsyncTaskMethodBuilder`1<AiEditorToolsSdk.Components.Common.Responses.Wrappers.OperationResult`1<AiEditorToolsSdk.Components.GenerativeModels.Responses.ModelListV2.ModelListFullResult>>:SetResult (AiEditorToolsSdk.Components.Common.Responses.Wrappers.OperationResult`1<AiEditorToolsSdk.Components.GenerativeModels.Responses.ModelListV2.ModelListFullResult>)
AiEditorToolsSdk.Application.Gateways.GenerativeModels.V2.GenerativeModelsGatewayV2/<GetModelsAsync>d__4:MoveNext ()
System.Runtime.CompilerServices.AsyncMethodBuilderCore/MoveNextRunner:InvokeMoveNext (object)
System.Threading.ExecutionContext:RunInternal (System.Threading.ExecutionContext,System.Threading.ContextCallback,object,bool)
System.Threading.ExecutionContext:Run (System.Threading.ExecutionContext,System.Threading.ContextCallback,object,bool)
System.Runtime.CompilerServices.AsyncMethodBuilderCore/MoveNextRunner:Run ()
System.Threading.Tasks.AwaitTaskContinuation:InvokeAction (object)
System.Threading.Tasks.AwaitTaskContinuation:RunCallback (System.Threading.ContextCallback,object,System.Threading.Tasks.Task&)
System.Threading.Tasks.SynchronizationContextAwaitTaskContinuation:Run (System.Threading.Tasks.Task,bool)
System.Threading.Tasks.Task:FinishContinuations ()
System.Threading.Tasks.Task:FinishStageThree ()
System.Threading.Tasks.Task`1<AiEditorToolsSdk.Domain.Core.Results.Result`2<SuperProxyClientV1Namespace.ModelListFullResponse, AiEditorToolsSdk.Domain.Core.Errors.ApiError>>:TrySetResult (AiEditorToolsSdk.Domain.Core.Results.Result`2<SuperProxyClientV1Namespace.ModelListFullResponse, AiEditorToolsSdk.Domain.Core.Errors.ApiError>)
System.Runtime.CompilerServices.AsyncTaskMethodBuilder`1<AiEditorToolsSdk.Domain.Core.Results.Result`2<SuperProxyClientV1Namespace.ModelListFullResponse, AiEditorToolsSdk.Domain.Core.Errors.ApiError>>:SetResult (AiEditorToolsSdk.Domain.Core.Results.Result`2<SuperProxyClientV1Namespace.ModelListFullResponse, AiEditorToolsSdk.Domain.Core.Errors.ApiError>)
AiEditorToolsSdk.Application.InternalServices.ApiClientProcessor.ApiClientProcessorService/<ProcessApiRequest>d__5`1<SuperProxyClientV1Namespace.ModelListFullResponse>:MoveNext ()
System.Runtime.CompilerServices.AsyncMethodBuilderCore/MoveNextRunner:InvokeMoveNext (object)
System.Threading.ExecutionContext:RunInternal (System.Threading.ExecutionContext,System.Threading.ContextCallback,object,bool)
System.Threading.ExecutionContext:Run (System.Threading.ExecutionContext,System.Threading.ContextCallback,object,bool)
System.Runtime.CompilerServices.AsyncMethodBuilderCore/MoveNextRunner:Run ()
System.Threading.Tasks.AwaitTaskContinuation:InvokeAction (object)
System.Threading.Tasks.AwaitTaskContinuation:RunCallback (System.Threading.ContextCallback,object,System.Threading.Tasks.Task&)
System.Threading.Tasks.SynchronizationContextAwaitTaskContinuation:Run (System.Threading.Tasks.Task,bool)
System.Threading.Tasks.Task:FinishContinuations ()
System.Threading.Tasks.Task:FinishStageThree ()
System.Threading.Tasks.Task`1<AiEditorToolsSdk.Domain.Core.Results.Result`2<SuperProxyClientV1Namespace.ModelListFullResponse, AiEditorToolsSdk.Domain.Core.Errors.ApiError>>:TrySetResult (AiEditorToolsSdk.Domain.Core.Results.Result`2<SuperProxyClientV1Namespace.ModelListFullResponse, AiEditorToolsSdk.Domain.Core.Errors.ApiError>)
System.Runtime.CompilerServices.AsyncTaskMethodBuilder`1<AiEditorToolsSdk.Domain.Core.Results.Result`2<SuperProxyClientV1Namespace.ModelListFullResponse, AiEditorToolsSdk.Domain.Core.Errors.ApiError>>:SetResult (AiEditorToolsSdk.Domain.Core.Results.Result`2<SuperProxyClientV1Namespace.ModelListFullResponse, AiEditorToolsSdk.Domain.Core.Errors.ApiError>)
AiEditorToolsSdk.Application.InternalServices.ApiClientProcessor.ApiClientProcessorService/<ProcessApiRequestImpl>d__6`1<SuperProxyClientV1Namespace.ModelListFullResponse>:MoveNext ()
System.Runtime.CompilerServices.AsyncMethodBuilderCore/MoveNextRunner:InvokeMoveNext (object)
System.Threading.ExecutionContext:RunInternal (System.Threading.ExecutionContext,System.Threading.ContextCallback,object,bool)
System.Threading.ExecutionContext:Run (System.Threading.ExecutionContext,System.Threading.ContextCallback,object,bool)
System.Runtime.CompilerServices.AsyncMethodBuilderCore/MoveNextRunner:Run ()
System.Threading.Tasks.AwaitTaskContinuation:InvokeAction (object)
System.Threading.Tasks.AwaitTaskContinuation:RunCallback (System.Threading.ContextCallback,object,System.Threading.Tasks.Task&)
System.Threading.Tasks.SynchronizationContextAwaitTaskContinuation:Run (System.Threading.Tasks.Task,bool)
System.Threading.Tasks.Task:FinishContinuations ()
System.Threading.Tasks.Task:FinishStageThree ()
System.Threading.Tasks.Task:FinishStageTwo ()
System.Threading.Tasks.Task:Finish (bool)
System.Threading.Tasks.Task:TrySetException (object)
System.Runtime.CompilerServices.AsyncTaskMethodBuilder`1<SuperProxyClientV1Namespace.ModelListFullResponse>:SetException (System.Exception)
AiEditorToolsSdk.Application.Gateways.GenerativeModels.V2.GenerativeModelsGatewayV2/<>c__DisplayClass4_0/<<GetModelsAsync>b__0>d:MoveNext ()
System.Runtime.CompilerServices.AsyncMethodBuilderCore/MoveNextRunner:InvokeMoveNext (object)
System.Threading.ExecutionContext:RunInternal (System.Threading.ExecutionContext,System.Threading.ContextCallback,object,bool)
System.Threading.ExecutionContext:Run (System.Threading.ExecutionContext,System.Threading.ContextCallback,object,bool)
System.Runtime.CompilerServices.AsyncMethodBuilderCore/MoveNextRunner:Run ()
System.Threading.Tasks.SynchronizationContextAwaitTaskContinuation/<>c:<.cctor>b__7_0 (object)
UnityEngine.UnitySynchronizationContext/WorkRequest:Invoke ()
UnityEngine.UnitySynchronizationContext:Exec ()
UnityEngine.UnitySynchronizationContext:ExecuteTasks ()

(Filename: ./Library/PackageCache/com.unity.ai.assistant@8d1e3e89e3a7/Modules/Unity.AI.ModelSelector/Services/Stores/Actions/ModelSelectorSuperProxyActions.cs Line: 495)

Worker ready: AssetImportWorkerHW1 1
[Licensing::Client] Successfully resolved entitlement details
[Licensing::Client] Error: Code 404 while processing request (status: Found 0 entitlement groups and 0 free entitlements matching requested entitlement ids)
Asset Pipeline Refresh (id=04eeb6e967ef1964f949dd5f6ae890c3): Total: 0.011 seconds - Initiated by RefreshV2(AllowForceSynchronousImport)
[Licensing::Client] Error: Code 404 while processing request (status: Found 0 entitlement groups and 0 free entitlements matching requested entitlement ids)
ArgumentException: Arial.ttf is no longer a valid built in font. Please use LegacyRuntime.ttf
  at (wrapper managed-to-native) UnityEngine.Resources.GetBuiltinResource_Injected(System.Type,UnityEngine.Bindings.ManagedSpanWrapper&)
  at UnityEngine.Resources.GetBuiltinResource (System.Type type, System.String path) [0x00039] in <d5ea965f39d74501b56f4006ef80da34>:0 
  at UnityEngine.Resources.GetBuiltinResource[T] (System.String path) [0x00000] in <d5ea965f39d74501b56f4006ef80da34>:0 
  at AutoBuildDemoScene.CreateUIText (System.String name, UnityEngine.Transform parent, UnityEngine.Vector2 pos, UnityEngine.Vector2 size, System.Int32 fontSize) [0x00045] in C:\Users\user\Desktop\UNITY PROJECT\InertialNetcodeDemo\Assets\Editor\AutoFixDemoScene.cs:133 
  at AutoBuildDemoScene.BuildScene () [0x002b1] in C:\Users\user\Desktop\UNITY PROJECT\InertialNetcodeDemo\Assets\Editor\AutoFixDemoScene.cs:84 
UnityEngine.StackTraceUtility:ExtractStringFromExceptionInternal(Object, String&, String&)

(Filename: Assets/Editor/AutoFixDemoScene.cs Line: 133)

GPU Resident Drawer disposed.
Entering Playmode with Reload Domain disabled.
If you experience any issues, please disable "Enter Play Mode Options" in Editor Settings
Entering Playmode with Reload Scene disabled. If you experience any issues, please disable "Enter Play Mode Options" in Editor Settings
There are 2 audio listeners in the scene. Please ensure there is always exactly one audio listener in the scene.
There are 2 audio listeners in the scene. Please ensure there is always exactly one audio listener in the scene.
GPU Resident Drawer created.
There are 2 audio listeners in the scene. Please ensure there is always exactly one audio listener in the scene.
There are 2 audio listeners in the scene. Please ensure there is always exactly one audio listener in the scene.
There are 2 audio listeners in the scene. Please ensure there is always exactly one audio listener in the scene.
There are 2 audio listeners in the scene. Please ensure there is always exactly one audio listener in the scene.
There are 2 audio listeners in the scene. Please ensure there is always exactly one audio listener in the scene.
There are 2 audio listeners in the scene. Please ensure there is always exactly one audio listener in the scene.
There are 2 audio listeners in the scene. Please ensure there is always exactly one audio listener in the scene.
There are 2 audio listeners in the scene. Please ensure there is always exactly one audio listener in the scene.
There are 2 audio listeners in the scene. Please ensure there is always exactly one audio listener in the scene.
There are 2 audio listeners in the scene. Please ensure there is always exactly one audio listener in the scene.
There are 2 audio listeners in the scene. Please ensure there is always exactly one audio listener in the scene.
There are 2 audio listeners in the scene. Please ensure there is always exactly one audio listener in the scene.
There are 2 audio listeners in the scene. Please ensure there is always exactly one audio listener in the scene.
There are 2 audio listeners in the scene. Please ensure there is always exactly one audio listener in the scene.
There are 2 audio listeners in the scene. Please ensure there is always exactly one audio listener in the scene.
There are 2 audio listeners in the scene. Please ensure there is always exactly one audio listener in the scene.
There are 2 audio listeners in the scene. Please ensure there is always exactly one audio listener in the scene.
There are 2 audio listeners in the scene. Please ensure there is always exactly one audio listener in the scene.
There are 2 audio listeners in the scene. Please ensure there is always exactly one audio listener in the scene.
There are 2 audio listeners in the scene. Please ensure there is always exactly one audio listener in the scene.
There are 2 audio listeners in the scene. Please ensure there is always exactly one audio listener in the scene.
There are 2 audio listeners in the scene. Please ensure there is always exactly one audio listener in the scene.
There are 2 audio listeners in the scene. Please ensure there is always exactly one audio listener in the scene.
There are 2 audio listeners in the scene. Please ensure there is always exactly one audio listener in the scene.
There are 2 audio listeners in the scene. Please ensure there is always exactly one audio listener in the scene.
There are 2 audio listeners in the scene. Please ensure there is always exactly one audio listener in the scene.
There are 2 audio listeners in the scene. Please ensure there is always exactly one audio listener in the scene.
There are 2 audio listeners in the scene. Please ensure there is always exactly one audio listener in the scene.
There are 2 audio listeners in the scene. Please ensure there is always exactly one audio listener in the scene.
There are 2 audio listeners in the scene. Please ensure there is always exactly one audio listener in the scene.
There are 2 audio listeners in the scene. Please ensure there is always exactly one audio listener in the scene.
There are 2 audio listeners in the scene. Please ensure there is always exactly one audio listener in the scene.
There are 2 audio listeners in the scene. Please ensure there is always exactly one audio listener in the scene.
There are 2 audio listeners in the scene. Please ensure there is always exactly one audio listener in the scene.
There are 2 audio listeners in the scene. Please ensure there is always exactly one audio listener in the scene.
There are 2 audio listeners in the scene. Please ensure there is always exactly one audio listener in the scene.
There are 2 audio listeners in the scene. Please ensure there is always exactly one audio listener in the scene.
There are 2 audio listeners in the scene. Please ensure there is always exactly one audio listener in the scene.
There are 2 audio listeners in the scene. Please ensure there is always exactly one audio listener in the scene.
There are 2 audio listeners in the scene. Please ensure there is always exactly one audio listener in the scene.
There are 2 audio listeners in the scene. Please ensure there is always exactly one audio listener in the scene.
There are 2 audio listeners in the scene. Please ensure there is always exactly one audio listener in the scene.
There are 2 audio listeners in the scene. Please ensure there is always exactly one audio listener in the scene.
There are 2 audio listeners in the scene. Please ensure there is always exactly one audio listener in the scene.
There are 2 audio listeners in the scene. Please ensure there is always exactly one audio listener in the scene.
There are 2 audio listeners in the scene. Please ensure there is always exactly one audio listener in the scene.
There are 2 audio listeners in the scene. Please ensure there is always exactly one audio listener in the scene.
There are 2 audio listeners in the scene. Please ensure there is always exactly one audio listener in the scene.
There are 2 audio listeners in the scene. Please ensure there is always exactly one audio listener in the scene.
There are 2 audio listeners in the scene. Please ensure there is always exactly one audio listener in the scene.
There are 2 audio listeners in the scene. Please ensure there is always exactly one audio listener in the scene.
There are 2 audio listeners in the scene. Please ensure there is always exactly one audio listener in the scene.
There are 2 audio listeners in the scene. Please ensure there is always exactly one audio listener in the scene.
There are 2 audio listeners in the scene. Please ensure there is always exactly one audio listener in the scene.
There are 2 audio listeners in the scene. Please ensure there is always exactly one audio listener in the scene.
There are 2 audio listeners in the scene. Please ensure there is always exactly one audio listener in the scene.
There are 2 audio listeners in the scene. Please ensure there is always exactly one audio listener in the scene.
There are 2 audio listeners in the scene. Please ensure there is always exactly one audio listener in the scene.
There are 2 audio listeners in the scene. Please ensure there is always exactly one audio listener in the scene.
There are 2 audio listeners in the scene. Please ensure there is always exactly one audio listener in the scene.
There are 2 audio listeners in the scene. Please ensure there is always exactly one audio listener in the scene.
There are 2 audio listeners in the scene. Please ensure there is always exactly one audio listener in the scene.
There are 2 audio listeners in the scene. Please ensure there is always exactly one audio listener in the scene.
There are 2 audio listeners in the scene. Please ensure there is always exactly one audio listener in the scene.
There are 2 audio listeners in the scene. Please ensure there is always exactly one audio listener in the scene.
There are 2 audio listeners in the scene. Please ensure there is always exactly one audio listener in the scene.
There are 2 audio listeners in the scene. Please ensure there is always exactly one audio listener in the scene.
There are 2 audio listeners in the scene. Please ensure there is always exactly one audio listener in the scene.
There are 2 audio listeners in the scene. Please ensure there is always exactly one audio listener in the scene.
There are 2 audio listeners in the scene. Please ensure there is always exactly one audio listener in the scene.
There are 2 audio listeners in the scene. Please ensure there is always exactly one audio listener in the scene.
There are 2 audio listeners in the scene. Please ensure there is always exactly one audio listener in the scene.
There are 2 audio listeners in the scene. Please ensure there is always exactly one audio listener in the scene.
There are 2 audio listeners in the scene. Please ensure there is always exactly one audio listener in the scene.
There are 2 audio listeners in the scene. Please ensure there is always exactly one audio listener in the scene.
There are 2 audio listeners in the scene. Please ensure there is always exactly one audio listener in the scene.
There are 2 audio listeners in the scene. Please ensure there is always exactly one audio listener in the scene.
There are 2 audio listeners in the scene. Please ensure there is always exactly one audio listener in the scene.
There are 2 audio listeners in the scene. Please ensure there is always exactly one audio listener in the scene.
There are 2 audio listeners in the scene. Please ensure there is always exactly one audio listener in the scene.
There are 2 audio listeners in the scene. Please ensure there is always exactly one audio listener in the scene.
There are 2 audio listeners in the scene. Please ensure there is always exactly one audio listener in the scene.
There are 2 audio listeners in the scene. Please ensure there is always exactly one audio listener in the scene.
There are 2 audio listeners in the scene. Please ensure there is always exactly one audio listener in the scene.
There are 2 audio listeners in the scene. Please ensure there is always exactly one audio listener in the scene.
There are 2 audio listeners in the scene. Please ensure there is always exactly one audio listener in the scene.
There are 2 audio listeners in the scene. Please ensure there is always exactly one audio listener in the scene.
There are 2 audio listeners in the scene. Please ensure there is always exactly one audio listener in the scene.
There are 2 audio listeners in the scene. Please ensure there is always exactly one audio listener in the scene.
There are 2 audio listeners in the scene. Please ensure there is always exactly one audio listener in the scene.
There are 2 audio listeners in the scene. Please ensure there is always exactly one audio listener in the scene.
There are 2 audio listeners in the scene. Please ensure there is always exactly one audio listener in the scene.
There are 2 audio listeners in the scene. Please ensure there is always exactly one audio listener in the scene.
There are 2 audio listeners in the scene. Please ensure there is always exactly one audio listener in the scene.
There are 2 audio listeners in the scene. Please ensure there is always exactly one audio listener in the scene.
There are 2 audio listeners in the scene. Please ensure there is always exactly one audio listener in the scene.
There are 2 audio listeners in the scene. Please ensure there is always exactly one audio listener in the scene.
There are 2 audio listeners in the scene. Please ensure there is always exactly one audio listener in the scene.
There are 2 audio listeners in the scene. Please ensure there is always exactly one audio listener in the scene.
There are 2 audio listeners in the scene. Please ensure there is always exactly one audio listener in the scene.
There are 2 audio listeners in the scene. Please ensure there is always exactly one audio listener in the scene.
There are 2 audio listeners in the scene. Please ensure there is always exactly one audio listener in the scene.
There are 2 audio listeners in the scene. Please ensure there is always exactly one audio listener in the scene.
There are 2 audio listeners in the scene. Please ensure there is always exactly one audio listener in the scene.
There are 2 audio listeners in the scene. Please ensure there is always exactly one audio listener in the scene.
There are 2 audio listeners in the scene. Please ensure there is always exactly one audio listener in the scene.
There are 2 audio listeners in the scene. Please ensure there is always exactly one audio listener in the scene.
There are 2 audio listeners in the scene. Please ensure there is always exactly one audio listener in the scene.
There are 2 audio listeners in the scene. Please ensure there is always exactly one audio listener in the scene.
There are 2 audio listeners in the scene. Please ensure there is always exactly one audio listener in the scene.
There are 2 audio listeners in the scene. Please ensure there is always exactly one audio listener in the scene.
There are 2 audio listeners in the scene. Please ensure there is always exactly one audio listener in the scene.
There are 2 audio listeners in the scene. Please ensure there is always exactly one audio listener in the scene.
There are 2 audio listeners in the scene. Please ensure there is always exactly one audio listener in the scene.
There are 2 audio listeners in the scene. Please ensure there is always exactly one audio listener in the scene.
There are 2 audio listeners in the scene. Please ensure there is always exactly one audio listener in the scene.
There are 2 audio listeners in the scene. Please ensure there is always exactly one audio listener in the scene.
There are 2 audio listeners in the scene. Please ensure there is always exactly one audio listener in the scene.
There are 2 audio listeners in the scene. Please ensure there is always exactly one audio listener in the scene.
There are 2 audio listeners in the scene. Please ensure there is always exactly one audio listener in the scene.
There are 2 audio listeners in the scene. Please ensure there is always exactly one audio listener in the scene.
There are 2 audio listeners in the scene. Please ensure there is always exactly one audio listener in the scene.
There are 2 audio listeners in the scene. Please ensure there is always exactly one audio listener in the scene.
There are 2 audio listeners in the scene. Please ensure there is always exactly one audio listener in the scene.
There are 2 audio listeners in the scene. Please ensure there is always exactly one audio listener in the scene.
There are 2 audio listeners in the scene. Please ensure there is always exactly one audio listener in the scene.
There are 2 audio listeners in the scene. Please ensure there is always exactly one audio listener in the scene.
There are 2 audio listeners in the scene. Please ensure there is always exactly one audio listener in the scene.
There are 2 audio listeners in the scene. Please ensure there is always exactly one audio listener in the scene.
There are 2 audio listeners in the scene. Please ensure there is always exactly one audio listener in the scene.
There are 2 audio listeners in the scene. Please ensure there is always exactly one audio listener in the scene.
There are 2 audio listeners in the scene. Please ensure there is always exactly one audio listener in the scene.
There are 2 audio listeners in the scene. Please ensure there is always exactly one audio listener in the scene.
There are 2 audio listeners in the scene. Please ensure there is always exactly one audio listener in the scene.
There are 2 audio listeners in the scene. Please ensure there is always exactly one audio listener in the scene.
There are 2 audio listeners in the scene. Please ensure there is always exactly one audio listener in the scene.
There are 2 audio listeners in the scene. Please ensure there is always exactly one audio listener in the scene.
There are 2 audio listeners in the scene. Please ensure there is always exactly one audio listener in the scene.
There are 2 audio listeners in the scene. Please ensure there is always exactly one audio listener in the scene.
There are 2 audio listeners in the scene. Please ensure there is always exactly one audio listener in the scene.
There are 2 audio listeners in the scene. Please ensure there is always exactly one audio listener in the scene.
There are 2 audio listeners in the scene. Please ensure there is always exactly one audio listener in the scene.
There are 2 audio listeners in the scene. Please ensure there is always exactly one audio listener in the scene.
There are 2 audio listeners in the scene. Please ensure there is always exactly one audio listener in the scene.
There are 2 audio listeners in the scene. Please ensure there is always exactly one audio listener in the scene.
There are 2 audio listeners in the scene. Please ensure there is always exactly one audio listener in the scene.
There are 2 audio listeners in the scene. Please ensure there is always exactly one audio listener in the scene.
There are 2 audio listeners in the scene. Please ensure there is always exactly one audio listener in the scene.
There are 2 audio listeners in the scene. Please ensure there is always exactly one audio listener in the scene.
There are 2 audio listeners in the scene. Please ensure there is always exactly one audio listener in the scene.
There are 2 audio listeners in the scene. Please ensure there is always exactly one audio listener in the scene.
There are 2 audio listeners in the scene. Please ensure there is always exactly one audio listener in the scene.
There are 2 audio listeners in the scene. Please ensure there is always exactly one audio listener in the scene.
There are 2 audio listeners in the scene. Please ensure there is always exactly one audio listener in the scene.
There are 2 audio listeners in the scene. Please ensure there is always exactly one audio listener in the scene.
There are 2 audio listeners in the scene. Please ensure there is always exactly one audio listener in the scene.
There are 2 audio listeners in the scene. Please ensure there is always exactly one audio listener in the scene.
There are 2 audio listeners in the scene. Please ensure there is always exactly one audio listener in the scene.
There are 2 audio listeners in the scene. Please ensure there is always exactly one audio listener in the scene.
There are 2 audio listeners in the scene. Please ensure there is always exactly one audio listener in the scene.
There are 2 audio listeners in the scene. Please ensure there is always exactly one audio listener in the scene.
There are 2 audio listeners in the scene. Please ensure there is always exactly one audio listener in the scene.
There are 2 audio listeners in the scene. Please ensure there is always exactly one audio listener in the scene.
There are 2 audio listeners in the scene. Please ensure there is always exactly one audio listener in the scene.
There are 2 audio listeners in the scene. Please ensure there is always exactly one audio listener in the scene.
There are 2 audio listeners in the scene. Please ensure there is always exactly one audio listener in the scene.
There are 2 audio listeners in the scene. Please ensure there is always exactly one audio listener in the scene.
There are 2 audio listeners in the scene. Please ensure there is always exactly one audio listener in the scene.
There are 2 audio listeners in the scene. Please ensure there is always exactly one audio listener in the scene.
There are 2 audio listeners in the scene. Please ensure there is always exactly one audio listener in the scene.
There are 2 audio listeners in the scene. Please ensure there is always exactly one audio listener in the scene.
There are 2 audio listeners in the scene. Please ensure there is always exactly one audio listener in the scene.
There are 2 audio listeners in the scene. Please ensure there is always exactly one audio listener in the scene.
There are 2 audio listeners in the scene. Please ensure there is always exactly one audio listener in the scene.
There are 2 audio listeners in the scene. Please ensure there is always exactly one audio listener in the scene.
There are 2 audio listeners in the scene. Please ensure there is always exactly one audio listener in the scene.
There are 2 audio listeners in the scene. Please ensure there is always exactly one audio listener in the scene.
There are 2 audio listeners in the scene. Please ensure there is always exactly one audio listener in the scene.
There are 2 audio listeners in the scene. Please ensure there is always exactly one audio listener in the scene.
There are 2 audio listeners in the scene. Please ensure there is always exactly one audio listener in the scene.
There are 2 audio listeners in the scene. Please ensure there is always exactly one audio listener in the scene.
There are 2 audio listeners in the scene. Please ensure there is always exactly one audio listener in the scene.
There are 2 audio listeners in the scene. Please ensure there is always exactly one audio listener in the scene.
There are 2 audio listeners in the scene. Please ensure there is always exactly one audio listener in the scene.
There are 2 audio listeners in the scene. Please ensure there is always exactly one audio listener in the scene.
There are 2 audio listeners in the scene. Please ensure there is always exactly one audio listener in the scene.
There are 2 audio listeners in the scene. Please ensure there is always exactly one audio listener in the scene.
There are 2 audio listeners in the scene. Please ensure there is always exactly one audio listener in the scene.
There are 2 audio listeners in the scene. Please ensure there is always exactly one audio listener in the scene.
There are 2 audio listeners in the scene. Please ensure there is always exactly one audio listener in the scene.
There are 2 audio listeners in the scene. Please ensure there is always exactly one audio listener in the scene.
There are 2 audio listeners in the scene. Please ensure there is always exactly one audio listener in the scene.
There are 2 audio listeners in the scene. Please ensure there is always exactly one audio listener in the scene.
There are 2 audio listeners in the scene. Please ensure there is always exactly one audio listener in the scene.
There are 2 audio listeners in the scene. Please ensure there is always exactly one audio listener in the scene.
There are 2 audio listeners in the scene. Please ensure there is always exactly one audio listener in the scene.
There are 2 audio listeners in the scene. Please ensure there is always exactly one audio listener in the scene.
There are 2 audio listeners in the scene. Please ensure there is always exactly one audio listener in the scene.
There are 2 audio listeners in the scene. Please ensure there is always exactly one audio listener in the scene.
There are 2 audio listeners in the scene. Please ensure there is always exactly one audio listener in the scene.
There are 2 audio listeners in the scene. Please ensure there is always exactly one audio listener in the scene.
There are 2 audio listeners in the scene. Please ensure there is always exactly one audio listener in the scene.
There are 2 audio listeners in the scene. Please ensure there is always exactly one audio listener in the scene.
There are 2 audio listeners in the scene. Please ensure there is always exactly one audio listener in the scene.
There are 2 audio listeners in the scene. Please ensure there is always exactly one audio listener in the scene.
There are 2 audio listeners in the scene. Please ensure there is always exactly one audio listener in the scene.
There are 2 audio listeners in the scene. Please ensure there is always exactly one audio listener in the scene.
There are 2 audio listeners in the scene. Please ensure there is always exactly one audio listener in the scene.
There are 2 audio listeners in the scene. Please ensure there is always exactly one audio listener in the scene.
There are 2 audio listeners in the scene. Please ensure there is always exactly one audio listener in the scene.
There are 2 audio listeners in the scene. Please ensure there is always exactly one audio listener in the scene.
There are 2 audio listeners in the scene. Please ensure there is always exactly one audio listener in the scene.
There are 2 audio listeners in the scene. Please ensure there is always exactly one audio listener in the scene.
There are 2 audio listeners in the scene. Please ensure there is always exactly one audio listener in the scene.
There are 2 audio listeners in the scene. Please ensure there is always exactly one audio listener in the scene.
There are 2 audio listeners in the scene. Please ensure there is always exactly one audio listener in the scene.
There are 2 audio listeners in the scene. Please ensure there is always exactly one audio listener in the scene.
There are 2 audio listeners in the scene. Please ensure there is always exactly one audio listener in the scene.
There are 2 audio listeners in the scene. Please ensure there is always exactly one audio listener in the scene.
There are 2 audio listeners in the scene. Please ensure there is always exactly one audio listener in the scene.
There are 2 audio listeners in the scene. Please ensure there is always exactly one audio listener in the scene.
There are 2 audio listeners in the scene. Please ensure there is always exactly one audio listener in the scene.
There are 2 audio listeners in the scene. Please ensure there is always exactly one audio listener in the scene.
There are 2 audio listeners in the scene. Please ensure there is always exactly one audio listener in the scene.
There are 2 audio listeners in the scene. Please ensure there is always exactly one audio listener in the scene.
There are 2 audio listeners in the scene. Please ensure there is always exactly one audio listener in the scene.
There are 2 audio listeners in the scene. Please ensure there is always exactly one audio listener in the scene.
There are 2 audio listeners in the scene. Please ensure there is always exactly one audio listener in the scene.
There are 2 audio listeners in the scene. Please ensure there is always exactly one audio listener in the scene.
There are 2 audio listeners in the scene. Please ensure there is always exactly one audio listener in the scene.
There are 2 audio listeners in the scene. Please ensure there is always exactly one audio listener in the scene.
There are 2 audio listeners in the scene. Please ensure there is always exactly one audio listener in the scene.
There are 2 audio listeners in the scene. Please ensure there is always exactly one audio listener in the scene.
There are 2 audio listeners in the scene. Please ensure there is always exactly one audio listener in the scene.
There are 2 audio listeners in the scene. Please ensure there is always exactly one audio listener in the scene.
There are 2 audio listeners in the scene. Please ensure there is always exactly one audio listener in the scene.
There are 2 audio listeners in the scene. Please ensure there is always exactly one audio listener in the scene.
There are 2 audio listeners in the scene. Please ensure there is always exactly one audio listener in the scene.
There are 2 audio listeners in the scene. Please ensure there is always exactly one audio listener in the scene.
There are 2 audio listeners in the scene. Please ensure there is always exactly one audio listener in the scene.
There are 2 audio listeners in the scene. Please ensure there is always exactly one audio listener in the scene.
There are 2 audio listeners in the scene. Please ensure there is always exactly one audio listener in the scene.
There are 2 audio listeners in the scene. Please ensure there is always exactly one audio listener in the scene.
There are 2 audio listeners in the scene. Please ensure there is always exactly one audio listener in the scene.
There are 2 audio listeners in the scene. Please ensure there is always exactly one audio listener in the scene.
There are 2 audio listeners in the scene. Please ensure there is always exactly one audio listener in the scene.
There are 2 audio listeners in the scene. Please ensure there is always exactly one audio listener in the scene.
There are 2 audio listeners in the scene. Please ensure there is always exactly one audio listener in the scene.
There are 2 audio listeners in the scene. Please ensure there is always exactly one audio listener in the scene.
There are 2 audio listeners in the scene. Please ensure there is always exactly one audio listener in the scene.
There are 2 audio listeners in the scene. Please ensure there is always exactly one audio listener in the scene.
There are 2 audio listeners in the scene. Please ensure there is always exactly one audio listener in the scene.
There are 2 audio listeners in the scene. Please ensure there is always exactly one audio listener in the scene.
There are 2 audio listeners in the scene. Please ensure there is always exactly one audio listener in the scene.
There are 2 audio listeners in the scene. Please ensure there is always exactly one audio listener in the scene.
There are 2 audio listeners in the scene. Please ensure there is always exactly one audio listener in the scene.
There are 2 audio listeners in the scene. Please ensure there is always exactly one audio listener in the scene.
There are 2 audio listeners in the scene. Please ensure there is always exactly one audio listener in the scene.
There are 2 audio listeners in the scene. Please ensure there is always exactly one audio listener in the scene.
There are 2 audio listeners in the scene. Please ensure there is always exactly one audio listener in the scene.
There are 2 audio listeners in the scene. Please ensure there is always exactly one audio listener in the scene.
There are 2 audio listeners in the scene. Please ensure there is always exactly one audio listener in the scene.
There are 2 audio listeners in the scene. Please ensure there is always exactly one audio listener in the scene.
There are 2 audio listeners in the scene. Please ensure there is always exactly one audio listener in the scene.
There are 2 audio listeners in the scene. Please ensure there is always exactly one audio listener in the scene.
There are 2 audio listeners in the scene. Please ensure there is always exactly one audio listener in the scene.
There are 2 audio listeners in the scene. Please ensure there is always exactly one audio listener in the scene.
There are 2 audio listeners in the scene. Please ensure there is always exactly one audio listener in the scene.
There are 2 audio listeners in the scene. Please ensure there is always exactly one audio listener in the scene.
There are 2 audio listeners in the scene. Please ensure there is always exactly one audio listener in the scene.
There are 2 audio listeners in the scene. Please ensure there is always exactly one audio listener in the scene.
There are 2 audio listeners in the scene. Please ensure there is always exactly one audio listener in the scene.
There are 2 audio listeners in the scene. Please ensure there is always exactly one audio listener in the scene.
There are 2 audio listeners in the scene. Please ensure there is always exactly one audio listener in the scene.
There are 2 audio listeners in the scene. Please ensure there is always exactly one audio listener in the scene.
There are 2 audio listeners in the scene. Please ensure there is always exactly one audio listener in the scene.
There are 2 audio listeners in the scene. Please ensure there is always exactly one audio listener in the scene.
There are 2 audio listeners in the scene. Please ensure there is always exactly one audio listener in the scene.
There are 2 audio listeners in the scene. Please ensure there is always exactly one audio listener in the scene.
There are 2 audio listeners in the scene. Please ensure there is always exactly one audio listener in the scene.
There are 2 audio listeners in the scene. Please ensure there is always exactly one audio listener in the scene.
There are 2 audio listeners in the scene. Please ensure there is always exactly one audio listener in the scene.
There are 2 audio listeners in the scene. Please ensure there is always exactly one audio listener in the scene.
There are 2 audio listeners in the scene. Please ensure there is always exactly one audio listener in the scene.
There are 2 audio listeners in the scene. Please ensure there is always exactly one audio listener in the scene.
There are 2 audio listeners in the scene. Please ensure there is always exactly one audio listener in the scene.
There are 2 audio listeners in the scene. Please ensure there is always exactly one audio listener in the scene.
There are 2 audio listeners in the scene. Please ensure there is always exactly one audio listener in the scene.
There are 2 audio listeners in the scene. Please ensure there is always exactly one audio listener in the scene.
There are 2 audio listeners in the scene. Please ensure there is always exactly one audio listener in the scene.
There are 2 audio listeners in the scene. Please ensure there is always exactly one audio listener in the scene.
There are 2 audio listeners in the scene. Please ensure there is always exactly one audio listener in the scene.
There are 2 audio listeners in the scene. Please ensure there is always exactly one audio listener in the scene.
There are 2 audio listeners in the scene. Please ensure there is always exactly one audio listener in the scene.
There are 2 audio listeners in the scene. Please ensure there is always exactly one audio listener in the scene.
There are 2 audio listeners in the scene. Please ensure there is always exactly one audio listener in the scene.
There are 2 audio listeners in the scene. Please ensure there is always exactly one audio listener in the scene.
There are 2 audio listeners in the scene. Please ensure there is always exactly one audio listener in the scene.
There are 2 audio listeners in the scene. Please ensure there is always exactly one audio listener in the scene.
There are 2 audio listeners in the scene. Please ensure there is always exactly one audio listener in the scene.
There are 2 audio listeners in the scene. Please ensure there is always exactly one audio listener in the scene.
There are 2 audio listeners in the scene. Please ensure there is always exactly one audio listener in the scene.
There are 2 audio listeners in the scene. Please ensure there is always exactly one audio listener in the scene.
There are 2 audio listeners in the scene. Please ensure there is always exactly one audio listener in the scene.
There are 2 audio listeners in the scene. Please ensure there is always exactly one audio listener in the scene.
There are 2 audio listeners in the scene. Please ensure there is always exactly one audio listener in the scene.
There are 2 audio listeners in the scene. Please ensure there is always exactly one audio listener in the scene.
There are 2 audio listeners in the scene. Please ensure there is always exactly one audio listener in the scene.
There are 2 audio listeners in the scene. Please ensure there is always exactly one audio listener in the scene.
There are 2 audio listeners in the scene. Please ensure there is always exactly one audio listener in the scene.
There are 2 audio listeners in the scene. Please ensure there is always exactly one audio listener in the scene.
There are 2 audio listeners in the scene. Please ensure there is always exactly one audio listener in the scene.
There are 2 audio listeners in the scene. Please ensure there is always exactly one audio listener in the scene.
There are 2 audio listeners in the scene. Please ensure there is always exactly one audio listener in the scene.
There are 2 audio listeners in the scene. Please ensure there is always exactly one audio listener in the scene.
There are 2 audio listeners in the scene. Please ensure there is always exactly one audio listener in the scene.
There are 2 audio listeners in the scene. Please ensure there is always exactly one audio listener in the scene.
There are 2 audio listeners in the scene. Please ensure there is always exactly one audio listener in the scene.
There are 2 audio listeners in the scene. Please ensure there is always exactly one audio listener in the scene.
There are 2 audio listeners in the scene. Please ensure there is always exactly one audio listener in the scene.
There are 2 audio listeners in the scene. Please ensure there is always exactly one audio listener in the scene.
There are 2 audio listeners in the scene. Please ensure there is always exactly one audio listener in the scene.
There are 2 audio listeners in the scene. Please ensure there is always exactly one audio listener in the scene.
There are 2 audio listeners in the scene. Please ensure there is always exactly one audio listener in the scene.
There are 2 audio listeners in the scene. Please ensure there is always exactly one audio listener in the scene.
There are 2 audio listeners in the scene. Please ensure there is always exactly one audio listener in the scene.
There are 2 audio listeners in the scene. Please ensure there is always exactly one audio listener in the scene.
There are 2 audio listeners in the scene. Please ensure there is always exactly one audio listener in the scene.
There are 2 audio listeners in the scene. Please ensure there is always exactly one audio listener in the scene.
There are 2 audio listeners in the scene. Please ensure there is always exactly one audio listener in the scene.
There are 2 audio listeners in the scene. Please ensure there is always exactly one audio listener in the scene.
There are 2 audio listeners in the scene. Please ensure there is always exactly one audio listener in the scene.
There are 2 audio listeners in the scene. Please ensure there is always exactly one audio listener in the scene.
There are 2 audio listeners in the scene. Please ensure there is always exactly one audio listener in the scene.
There are 2 audio listeners in the scene. Please ensure there is always exactly one audio listener in the scene.
There are 2 audio listeners in the scene. Please ensure there is always exactly one audio listener in the scene.
There are 2 audio listeners in the scene. Please ensure there is always exactly one audio listener in the scene.
There are 2 audio listeners in the scene. Please ensure there is always exactly one audio listener in the scene.
There are 2 audio listeners in the scene. Please ensure there is always exactly one audio listener in the scene.
There are 2 audio listeners in the scene. Please ensure there is always exactly one audio listener in the scene.
There are 2 audio listeners in the scene. Please ensure there is always exactly one audio listener in the scene.
There are 2 audio listeners in the scene. Please ensure there is always exactly one audio listener in the scene.
There are 2 audio listeners in the scene. Please ensure there is always exactly one audio listener in the scene.
There are 2 audio listeners in the scene. Please ensure there is always exactly one audio listener in the scene.
There are 2 audio listeners in the scene. Please ensure there is always exactly one audio listener in the scene.
There are 2 audio listeners in the scene. Please ensure there is always exactly one audio listener in the scene.
There are 2 audio listeners in the scene. Please ensure there is always exactly one audio listener in the scene.
There are 2 audio listeners in the scene. Please ensure there is always exactly one audio listener in the scene.
There are 2 audio listeners in the scene. Please ensure there is always exactly one audio listener in the scene.
There are 2 audio listeners in the scene. Please ensure there is always exactly one audio listener in the scene.
There are 2 audio listeners in the scene. Please ensure there is always exactly one audio listener in the scene.
There are 2 audio listeners in the scene. Please ensure there is always exactly one audio listener in the scene.
There are 2 audio listeners in the scene. Please ensure there is always exactly one audio listener in the scene.
There are 2 audio listeners in the scene. Please ensure there is always exactly one audio listener in the scene.
There are 2 audio listeners in the scene. Please ensure there is always exactly one audio listener in the scene.
There are 2 audio listeners in the scene. Please ensure there is always exactly one audio listener in the scene.
There are 2 audio listeners in the scene. Please ensure there is always exactly one audio listener in the scene.
There are 2 audio listeners in the scene. Please ensure there is always exactly one audio listener in the scene.
There are 2 audio listeners in the scene. Please ensure there is always exactly one audio listener in the scene.
There are 2 audio listeners in the scene. Please ensure there is always exactly one audio listener in the scene.
There are 2 audio listeners in the scene. Please ensure there is always exactly one audio listener in the scene.
There are 2 audio listeners in the scene. Please ensure there is always exactly one audio listener in the scene.
There are 2 audio listeners in the scene. Please ensure there is always exactly one audio listener in the scene.
There are 2 audio listeners in the scene. Please ensure there is always exactly one audio listener in the scene.
There are 2 audio listeners in the scene. Please ensure there is always exactly one audio listener in the scene.
There are 2 audio listeners in the scene. Please ensure there is always exactly one audio listener in the scene.
There are 2 audio listeners in the scene. Please ensure there is always exactly one audio listener in the scene.
There are 2 audio listeners in the scene. Please ensure there is always exactly one audio listener in the scene.
There are 2 audio listeners in the scene. Please ensure there is always exactly one audio listener in the scene.
There are 2 audio listeners in the scene. Please ensure there is always exactly one audio listener in the scene.
There are 2 audio listeners in the scene. Please ensure there is always exactly one audio listener in the scene.
There are 2 audio listeners in the scene. Please ensure there is always exactly one audio listener in the scene.
There are 2 audio listeners in the scene. Please ensure there is always exactly one audio listener in the scene.
There are 2 audio listeners in the scene. Please ensure there is always exactly one audio listener in the scene.
There are 2 audio listeners in the scene. Please ensure there is always exactly one audio listener in the scene.
There are 2 audio listeners in the scene. Please ensure there is always exactly one audio listener in the scene.
There are 2 audio listeners in the scene. Please ensure there is always exactly one audio listener in the scene.
There are 2 audio listeners in the scene. Please ensure there is always exactly one audio listener in the scene.
There are 2 audio listeners in the scene. Please ensure there is always exactly one audio listener in the scene.
There are 2 audio listeners in the scene. Please ensure there is always exactly one audio listener in the scene.
There are 2 audio listeners in the scene. Please ensure there is always exactly one audio listener in the scene.
There are 2 audio listeners in the scene. Please ensure there is always exactly one audio listener in the scene.
There are 2 audio listeners in the scene. Please ensure there is always exactly one audio listener in the scene.
There are 2 audio listeners in the scene. Please ensure there is always exactly one audio listener in the scene.
There are 2 audio listeners in the scene. Please ensure there is always exactly one audio listener in the scene.
There are 2 audio listeners in the scene. Please ensure there is always exactly one audio listener in the scene.
There are 2 audio listeners in the scene. Please ensure there is always exactly one audio listener in the scene.
There are 2 audio listeners in the scene. Please ensure there is always exactly one audio listener in the scene.
There are 2 audio listeners in the scene. Please ensure there is always exactly one audio listener in the scene.
There are 2 audio listeners in the scene. Please ensure there is always exactly one audio listener in the scene.
There are 2 audio listeners in the scene. Please ensure there is always exactly one audio listener in the scene.
There are 2 audio listeners in the scene. Please ensure there is always exactly one audio listener in the scene.
There are 2 audio listeners in the scene. Please ensure there is always exactly one audio listener in the scene.
There are 2 audio listeners in the scene. Please ensure there is always exactly one audio listener in the scene.
There are 2 audio listeners in the scene. Please ensure there is always exactly one audio listener in the scene.
There are 2 audio listeners in the scene. Please ensure there is always exactly one audio listener in the scene.
There are 2 audio listeners in the scene. Please ensure there is always exactly one audio listener in the scene.
There are 2 audio listeners in the scene. Please ensure there is always exactly one audio listener in the scene.
There are 2 audio listeners in the scene. Please ensure there is always exactly one audio listener in the scene.
There are 2 audio listeners in the scene. Please ensure there is always exactly one audio listener in the scene.
There are 2 audio listeners in the scene. Please ensure there is always exactly one audio listener in the scene.
There are 2 audio listeners in the scene. Please ensure there is always exactly one audio listener in the scene.
There are 2 audio listeners in the scene. Please ensure there is always exactly one audio listener in the scene.
There are 2 audio listeners in the scene. Please ensure there is always exactly one audio listener in the scene.
There are 2 audio listeners in the scene. Please ensure there is always exactly one audio listener in the scene.
There are 2 audio listeners in the scene. Please ensure there is always exactly one audio listener in the scene.
There are 2 audio listeners in the scene. Please ensure there is always exactly one audio listener in the scene.
There are 2 audio listeners in the scene. Please ensure there is always exactly one audio listener in the scene.
There are 2 audio listeners in the scene. Please ensure there is always exactly one audio listener in the scene.
There are 2 audio listeners in the scene. Please ensure there is always exactly one audio listener in the scene.
There are 2 audio listeners in the scene. Please ensure there is always exactly one audio listener in the scene.
There are 2 audio listeners in the scene. Please ensure there is always exactly one audio listener in the scene.
There are 2 audio listeners in the scene. Please ensure there is always exactly one audio listener in the scene.
There are 2 audio listeners in the scene. Please ensure there is always exactly one audio listener in the scene.
There are 2 audio listeners in the scene. Please ensure there is always exactly one audio listener in the scene.
There are 2 audio listeners in the scene. Please ensure there is always exactly one audio listener in the scene.
There are 2 audio listeners in the scene. Please ensure there is always exactly one audio listener in the scene.
There are 2 audio listeners in the scene. Please ensure there is always exactly one audio listener in the scene.
There are 2 audio listeners in the scene. Please ensure there is always exactly one audio listener in the scene.
There are 2 audio listeners in the scene. Please ensure there is always exactly one audio listener in the scene.
There are 2 audio listeners in the scene. Please ensure there is always exactly one audio listener in the scene.
There are 2 audio listeners in the scene. Please ensure there is always exactly one audio listener in the scene.
There are 2 audio listeners in the scene. Please ensure there is always exactly one audio listener in the scene.
There are 2 audio listeners in the scene. Please ensure there is always exactly one audio listener in the scene.
There are 2 audio listeners in the scene. Please ensure there is always exactly one audio listener in the scene.
There are 2 audio listeners in the scene. Please ensure there is always exactly one audio listener in the scene.
There are 2 audio listeners in the scene. Please ensure there is always exactly one audio listener in the scene.
There are 2 audio listeners in the scene. Please ensure there is always exactly one audio listener in the scene.
There are 2 audio listeners in the scene. Please ensure there is always exactly one audio listener in the scene.
There are 2 audio listeners in the scene. Please ensure there is always exactly one audio listener in the scene.
There are 2 audio listeners in the scene. Please ensure there is always exactly one audio listener in the scene.
There are 2 audio listeners in the scene. Please ensure there is always exactly one audio listener in the scene.
There are 2 audio listeners in the scene. Please ensure there is always exactly one audio listener in the scene.
There are 2 audio listeners in the scene. Please ensure there is always exactly one audio listener in the scene.
There are 2 audio listeners in the scene. Please ensure there is always exactly one audio listener in the scene.
There are 2 audio listeners in the scene. Please ensure there is always exactly one audio listener in the scene.
There are 2 audio listeners in the scene. Please ensure there is always exactly one audio listener in the scene.
There are 2 audio listeners in the scene. Please ensure there is always exactly one audio listener in the scene.
There are 2 audio listeners in the scene. Please ensure there is always exactly one audio listener in the scene.
There are 2 audio listeners in the scene. Please ensure there is always exactly one audio listener in the scene.
There are 2 audio listeners in the scene. Please ensure there is always exactly one audio listener in the scene.
There are 2 audio listeners in the scene. Please ensure there is always exactly one audio listener in the scene.
There are 2 audio listeners in the scene. Please ensure there is always exactly one audio listener in the scene.
There are 2 audio listeners in the scene. Please ensure there is always exactly one audio listener in the scene.
There are 2 audio listeners in the scene. Please ensure there is always exactly one audio listener in the scene.
There are 2 audio listeners in the scene. Please ensure there is always exactly one audio listener in the scene.
There are 2 audio listeners in the scene. Please ensure there is always exactly one audio listener in the scene.
There are 2 audio listeners in the scene. Please ensure there is always exactly one audio listener in the scene.
There are 2 audio listeners in the scene. Please ensure there is always exactly one audio listener in the scene.
There are 2 audio listeners in the scene. Please ensure there is always exactly one audio listener in the scene.
There are 2 audio listeners in the scene. Please ensure there is always exactly one audio listener in the scene.
There are 2 audio listeners in the scene. Please ensure there is always exactly one audio listener in the scene.
There are 2 audio listeners in the scene. Please ensure there is always exactly one audio listener in the scene.
There are 2 audio listeners in the scene. Please ensure there is always exactly one audio listener in the scene.
There are 2 audio listeners in the scene. Please ensure there is always exactly one audio listener in the scene.
There are 2 audio listeners in the scene. Please ensure there is always exactly one audio listener in the scene.
There are 2 audio listeners in the scene. Please ensure there is always exactly one audio listener in the scene.
There are 2 audio listeners in the scene. Please ensure there is always exactly one audio listener in the scene.
There are 2 audio listeners in the scene. Please ensure there is always exactly one audio listener in the scene.
There are 2 audio listeners in the scene. Please ensure there is always exactly one audio listener in the scene.
There are 2 audio listeners in the scene. Please ensure there is always exactly one audio listener in the scene.
There are 2 audio listeners in the scene. Please ensure there is always exactly one audio listener in the scene.
There are 2 audio listeners in the scene. Please ensure there is always exactly one audio listener in the scene.
There are 2 audio listeners in the scene. Please ensure there is always exactly one audio listener in the scene.
There are 2 audio listeners in the scene. Please ensure there is always exactly one audio listener in the scene.
There are 2 audio listeners in the scene. Please ensure there is always exactly one audio listener in the scene.
There are 2 audio listeners in the scene. Please ensure there is always exactly one audio listener in the scene.
There are 2 audio listeners in the scene. Please ensure there is always exactly one audio listener in the scene.
There are 2 audio listeners in the scene. Please ensure there is always exactly one audio listener in the scene.
There are 2 audio listeners in the scene. Please ensure there is always exactly one audio listener in the scene.
There are 2 audio listeners in the scene. Please ensure there is always exactly one audio listener in the scene.
There are 2 audio listeners in the scene. Please ensure there is always exactly one audio listener in the scene.
There are 2 audio listeners in the scene. Please ensure there is always exactly one audio listener in the scene.
There are 2 audio listeners in the scene. Please ensure there is always exactly one audio listener in the scene.
There are 2 audio listeners in the scene. Please ensure there is always exactly one audio listener in the scene.
There are 2 audio listeners in the scene. Please ensure there is always exactly one audio listener in the scene.
There are 2 audio listeners in the scene. Please ensure there is always exactly one audio listener in the scene.
There are 2 audio listeners in the scene. Please ensure there is always exactly one audio listener in the scene.
There are 2 audio listeners in the scene. Please ensure there is always exactly one audio listener in the scene.
There are 2 audio listeners in the scene. Please ensure there is always exactly one audio listener in the scene.
There are 2 audio listeners in the scene. Please ensure there is always exactly one audio listener in the scene.
There are 2 audio listeners in the scene. Please ensure there is always exactly one audio listener in the scene.
There are 2 audio listeners in the scene. Please ensure there is always exactly one audio listener in the scene.
There are 2 audio listeners in the scene. Please ensure there is always exactly one audio listener in the scene.
There are 2 audio listeners in the scene. Please ensure there is always exactly one audio listener in the scene.
There are 2 audio listeners in the scene. Please ensure there is always exactly one audio listener in the scene.
There are 2 audio listeners in the scene. Please ensure there is always exactly one audio listener in the scene.
There are 2 audio listeners in the scene. Please ensure there is always exactly one audio listener in the scene.
There are 2 audio listeners in the scene. Please ensure there is always exactly one audio listener in the scene.
There are 2 audio listeners in the scene. Please ensure there is always exactly one audio listener in the scene.
There are 2 audio listeners in the scene. Please ensure there is always exactly one audio listener in the scene.
There are 2 audio listeners in the scene. Please ensure there is always exactly one audio listener in the scene.
There are 2 audio listeners in the scene. Please ensure there is always exactly one audio listener in the scene.
There are 2 audio listeners in the scene. Please ensure there is always exactly one audio listener in the scene.
There are 2 audio listeners in the scene. Please ensure there is always exactly one audio listener in the scene.
There are 2 audio listeners in the scene. Please ensure there is always exactly one audio listener in the scene.
There are 2 audio listeners in the scene. Please ensure there is always exactly one audio listener in the scene.
There are 2 audio listeners in the scene. Please ensure there is always exactly one audio listener in the scene.
There are 2 audio listeners in the scene. Please ensure there is always exactly one audio listener in the scene.
There are 2 audio listeners in the scene. Please ensure there is always exactly one audio listener in the scene.
There are 2 audio listeners in the scene. Please ensure there is always exactly one audio listener in the scene.
There are 2 audio listeners in the scene. Please ensure there is always exactly one audio listener in the scene.
There are 2 audio listeners in the scene. Please ensure there is always exactly one audio listener in the scene.
There are 2 audio listeners in the scene. Please ensure there is always exactly one audio listener in the scene.
There are 2 audio listeners in the scene. Please ensure there is always exactly one audio listener in the scene.
There are 2 audio listeners in the scene. Please ensure there is always exactly one audio listener in the scene.
There are 2 audio listeners in the scene. Please ensure there is always exactly one audio listener in the scene.
There are 2 audio listeners in the scene. Please ensure there is always exactly one audio listener in the scene.
There are 2 audio listeners in the scene. Please ensure there is always exactly one audio listener in the scene.
There are 2 audio listeners in the scene. Please ensure there is always exactly one audio listener in the scene.
There are 2 audio listeners in the scene. Please ensure there is always exactly one audio listener in the scene.
There are 2 audio listeners in the scene. Please ensure there is always exactly one audio listener in the scene.
There are 2 audio listeners in the scene. Please ensure there is always exactly one audio listener in the scene.
There are 2 audio listeners in the scene. Please ensure there is always exactly one audio listener in the scene.
There are 2 audio listeners in the scene. Please ensure there is always exactly one audio listener in the scene.
There are 2 audio listeners in the scene. Please ensure there is always exactly one audio listener in the scene.
There are 2 audio listeners in the scene. Please ensure there is always exactly one audio listener in the scene.
There are 2 audio listeners in the scene. Please ensure there is always exactly one audio listener in the scene.
There are 2 audio listeners in the scene. Please ensure there is always exactly one audio listener in the scene.
There are 2 audio listeners in the scene. Please ensure there is always exactly one audio listener in the scene.
There are 2 audio listeners in the scene. Please ensure there is always exactly one audio listener in the scene.
There are 2 audio listeners in the scene. Please ensure there is always exactly one audio listener in the scene.
There are 2 audio listeners in the scene. Please ensure there is always exactly one audio listener in the scene.
There are 2 audio listeners in the scene. Please ensure there is always exactly one audio listener in the scene.
There are 2 audio listeners in the scene. Please ensure there is always exactly one audio listener in the scene.
There are 2 audio listeners in the scene. Please ensure there is always exactly one audio listener in the scene.
There are 2 audio listeners in the scene. Please ensure there is always exactly one audio listener in the scene.
There are 2 audio listeners in the scene. Please ensure there is always exactly one audio listener in the scene.
There are 2 audio listeners in the scene. Please ensure there is always exactly one audio listener in the scene.
There are 2 audio listeners in the scene. Please ensure there is always exactly one audio listener in the scene.
There are 2 audio listeners in the scene. Please ensure there is always exactly one audio listener in the scene.
There are 2 audio listeners in the scene. Please ensure there is always exactly one audio listener in the scene.
There are 2 audio listeners in the scene. Please ensure there is always exactly one audio listener in the scene.
There are 2 audio listeners in the scene. Please ensure there is always exactly one audio listener in the scene.
There are 2 audio listeners in the scene. Please ensure there is always exactly one audio listener in the scene.
There are 2 audio listeners in the scene. Please ensure there is always exactly one audio listener in the scene.
There are 2 audio listeners in the scene. Please ensure there is always exactly one audio listener in the scene.
There are 2 audio listeners in the scene. Please ensure there is always exactly one audio listener in the scene.
There are 2 audio listeners in the scene. Please ensure there is always exactly one audio listener in the scene.
There are 2 audio listeners in the scene. Please ensure there is always exactly one audio listener in the scene.
There are 2 audio listeners in the scene. Please ensure there is always exactly one audio listener in the scene.
There are 2 audio listeners in the scene. Please ensure there is always exactly one audio listener in the scene.
There are 2 audio listeners in the scene. Please ensure there is always exactly one audio listener in the scene.
There are 2 audio listeners in the scene. Please ensure there is always exactly one audio listener in the scene.
There are 2 audio listeners in the scene. Please ensure there is always exactly one audio listener in the scene.
There are 2 audio listeners in the scene. Please ensure there is always exactly one audio listener in the scene.
There are 2 audio listeners in the scene. Please ensure there is always exactly one audio listener in the scene.
There are 2 audio listeners in the scene. Please ensure there is always exactly one audio listener in the scene.
There are 2 audio listeners in the scene. Please ensure there is always exactly one audio listener in the scene.
There are 2 audio listeners in the scene. Please ensure there is always exactly one audio listener in the scene.
There are 2 audio listeners in the scene. Please ensure there is always exactly one audio listener in the scene.
There are 2 audio listeners in the scene. Please ensure there is always exactly one audio listener in the scene.
There are 2 audio listeners in the scene. Please ensure there is always exactly one audio listener in the scene.
There are 2 audio listeners in the scene. Please ensure there is always exactly one audio listener in the scene.
There are 2 audio listeners in the scene. Please ensure there is always exactly one audio listener in the scene.
There are 2 audio listeners in the scene. Please ensure there is always exactly one audio listener in the scene.
There are 2 audio listeners in the scene. Please ensure there is always exactly one audio listener in the scene.
There are 2 audio listeners in the scene. Please ensure there is always exactly one audio listener in the scene.
There are 2 audio listeners in the scene. Please ensure there is always exactly one audio listener in the scene.
There are 2 audio listeners in the scene. Please ensure there is always exactly one audio listener in the scene.
There are 2 audio listeners in the scene. Please ensure there is always exactly one audio listener in the scene.
There are 2 audio listeners in the scene. Please ensure there is always exactly one audio listener in the scene.
There are 2 audio listeners in the scene. Please ensure there is always exactly one audio listener in the scene.
There are 2 audio listeners in the scene. Please ensure there is always exactly one audio listener in the scene.
There are 2 audio listeners in the scene. Please ensure there is always exactly one audio listener in the scene.
There are 2 audio listeners in the scene. Please ensure there is always exactly one audio listener in the scene.
There are 2 audio listeners in the scene. Please ensure there is always exactly one audio listener in the scene.
There are 2 audio listeners in the scene. Please ensure there is always exactly one audio listener in the scene.
There are 2 audio listeners in the scene. Please ensure there is always exactly one audio listener in the scene.
There are 2 audio listeners in the scene. Please ensure there is always exactly one audio listener in the scene.
There are 2 audio listeners in the scene. Please ensure there is always exactly one audio listener in the scene.
There are 2 audio listeners in the scene. Please ensure there is always exactly one audio listener in the scene.
There are 2 audio listeners in the scene. Please ensure there is always exactly one audio listener in the scene.
There are 2 audio listeners in the scene. Please ensure there is always exactly one audio listener in the scene.
There are 2 audio listeners in the scene. Please ensure there is always exactly one audio listener in the scene.
There are 2 audio listeners in the scene. Please ensure there is always exactly one audio listener in the scene.
There are 2 audio listeners in the scene. Please ensure there is always exactly one audio listener in the scene.
There are 2 audio listeners in the scene. Please ensure there is always exactly one audio listener in the scene.
There are 2 audio listeners in the scene. Please ensure there is always exactly one audio listener in the scene.
There are 2 audio listeners in the scene. Please ensure there is always exactly one audio listener in the scene.
There are 2 audio listeners in the scene. Please ensure there is always exactly one audio listener in the scene.
There are 2 audio listeners in the scene. Please ensure there is always exactly one audio listener in the scene.
There are 2 audio listeners in the scene. Please ensure there is always exactly one audio listener in the scene.
There are 2 audio listeners in the scene. Please ensure there is always exactly one audio listener in the scene.
There are 2 audio listeners in the scene. Please ensure there is always exactly one audio listener in the scene.
There are 2 audio listeners in the scene. Please ensure there is always exactly one audio listener in the scene.
There are 2 audio listeners in the scene. Please ensure there is always exactly one audio listener in the scene.
There are 2 audio listeners in the scene. Please ensure there is always exactly one audio listener in the scene.
There are 2 audio listeners in the scene. Please ensure there is always exactly one audio listener in the scene.
There are 2 audio listeners in the scene. Please ensure there is always exactly one audio listener in the scene.
There are 2 audio listeners in the scene. Please ensure there is always exactly one audio listener in the scene.
There are 2 audio listeners in the scene. Please ensure there is always exactly one audio listener in the scene.
There are 2 audio listeners in the scene. Please ensure there is always exactly one audio listener in the scene.
There are 2 audio listeners in the scene. Please ensure there is always exactly one audio listener in the scene.
There are 2 audio listeners in the scene. Please ensure there is always exactly one audio listener in the scene.
There are 2 audio listeners in the scene. Please ensure there is always exactly one audio listener in the scene.
There are 2 audio listeners in the scene. Please ensure there is always exactly one audio listener in the scene.
There are 2 audio listeners in the scene. Please ensure there is always exactly one audio listener in the scene.
There are 2 audio listeners in the scene. Please ensure there is always exactly one audio listener in the scene.
There are 2 audio listeners in the scene. Please ensure there is always exactly one audio listener in the scene.
There are 2 audio listeners in the scene. Please ensure there is always exactly one audio listener in the scene.
There are 2 audio listeners in the scene. Please ensure there is always exactly one audio listener in the scene.
There are 2 audio listeners in the scene. Please ensure there is always exactly one audio listener in the scene.
There are 2 audio listeners in the scene. Please ensure there is always exactly one audio listener in the scene.
There are 2 audio listeners in the scene. Please ensure there is always exactly one audio listener in the scene.
There are 2 audio listeners in the scene. Please ensure there is always exactly one audio listener in the scene.
There are 2 audio listeners in the scene. Please ensure there is always exactly one audio listener in the scene.
There are 2 audio listeners in the scene. Please ensure there is always exactly one audio listener in the scene.
There are 2 audio listeners in the scene. Please ensure there is always exactly one audio listener in the scene.
There are 2 audio listeners in the scene. Please ensure there is always exactly one audio listener in the scene.
There are 2 audio listeners in the scene. Please ensure there is always exactly one audio listener in the scene.
There are 2 audio listeners in the scene. Please ensure there is always exactly one audio listener in the scene.
There are 2 audio listeners in the scene. Please ensure there is always exactly one audio listener in the scene.
There are 2 audio listeners in the scene. Please ensure there is always exactly one audio listener in the scene.
There are 2 audio listeners in the scene. Please ensure there is always exactly one audio listener in the scene.
There are 2 audio listeners in the scene. Please ensure there is always exactly one audio listener in the scene.
There are 2 audio listeners in the scene. Please ensure there is always exactly one audio listener in the scene.
There are 2 audio listeners in the scene. Please ensure there is always exactly one audio listener in the scene.
There are 2 audio listeners in the scene. Please ensure there is always exactly one audio listener in the scene.
There are 2 audio listeners in the scene. Please ensure there is always exactly one audio listener in the scene.
There are 2 audio listeners in the scene. Please ensure there is always exactly one audio listener in the scene.
There are 2 audio listeners in the scene. Please ensure there is always exactly one audio listener in the scene.
There are 2 audio listeners in the scene. Please ensure there is always exactly one audio listener in the scene.
There are 2 audio listeners in the scene. Please ensure there is always exactly one audio listener in the scene.
There are 2 audio listeners in the scene. Please ensure there is always exactly one audio listener in the scene.
There are 2 audio listeners in the scene. Please ensure there is always exactly one audio listener in the scene.
There are 2 audio listeners in the scene. Please ensure there is always exactly one audio listener in the scene.
There are 2 audio listeners in the scene. Please ensure there is always exactly one audio listener in the scene.
There are 2 audio listeners in the scene. Please ensure there is always exactly one audio listener in the scene.
There are 2 audio listeners in the scene. Please ensure there is always exactly one audio listener in the scene.
There are 2 audio listeners in the scene. Please ensure there is always exactly one audio listener in the scene.
There are 2 audio listeners in the scene. Please ensure there is always exactly one audio listener in the scene.
There are 2 audio listeners in the scene. Please ensure there is always exactly one audio listener in the scene.
There are 2 audio listeners in the scene. Please ensure there is always exactly one audio listener in the scene.
There are 2 audio listeners in the scene. Please ensure there is always exactly one audio listener in the scene.
There are 2 audio listeners in the scene. Please ensure there is always exactly one audio listener in the scene.
There are 2 audio listeners in the scene. Please ensure there is always exactly one audio listener in the scene.
There are 2 audio listeners in the scene. Please ensure there is always exactly one audio listener in the scene.
There are 2 audio listeners in the scene. Please ensure there is always exactly one audio listener in the scene.
There are 2 audio listeners in the scene. Please ensure there is always exactly one audio listener in the scene.
There are 2 audio listeners in the scene. Please ensure there is always exactly one audio listener in the scene.
There are 2 audio listeners in the scene. Please ensure there is always exactly one audio listener in the scene.
There are 2 audio listeners in the scene. Please ensure there is always exactly one audio listener in the scene.
There are 2 audio listeners in the scene. Please ensure there is always exactly one audio listener in the scene.
There are 2 audio listeners in the scene. Please ensure there is always exactly one audio listener in the scene.
There are 2 audio listeners in the scene. Please ensure there is always exactly one audio listener in the scene.
There are 2 audio listeners in the scene. Please ensure there is always exactly one audio listener in the scene.
There are 2 audio listeners in the scene. Please ensure there is always exactly one audio listener in the scene.
There are 2 audio listeners in the scene. Please ensure there is always exactly one audio listener in the scene.
There are 2 audio listeners in the scene. Please ensure there is always exactly one audio listener in the scene.
There are 2 audio listeners in the scene. Please ensure there is always exactly one audio listener in the scene.
There are 2 audio listeners in the scene. Please ensure there is always exactly one audio listener in the scene.
There are 2 audio listeners in the scene. Please ensure there is always exactly one audio listener in the scene.
There are 2 audio listeners in the scene. Please ensure there is always exactly one audio listener in the scene.
There are 2 audio listeners in the scene. Please ensure there is always exactly one audio listener in the scene.
There are 2 audio listeners in the scene. Please ensure there is always exactly one audio listener in the scene.
There are 2 audio listeners in the scene. Please ensure there is always exactly one audio listener in the scene.
There are 2 audio listeners in the scene. Please ensure there is always exactly one audio listener in the scene.
There are 2 audio listeners in the scene. Please ensure there is always exactly one audio listener in the scene.
There are 2 audio listeners in the scene. Please ensure there is always exactly one audio listener in the scene.
There are 2 audio listeners in the scene. Please ensure there is always exactly one audio listener in the scene.
There are 2 audio listeners in the scene. Please ensure there is always exactly one audio listener in the scene.
There are 2 audio listeners in the scene. Please ensure there is always exactly one audio listener in the scene.
There are 2 audio listeners in the scene. Please ensure there is always exactly one audio listener in the scene.
There are 2 audio listeners in the scene. Please ensure there is always exactly one audio listener in the scene.
There are 2 audio listeners in the scene. Please ensure there is always exactly one audio listener in the scene.
There are 2 audio listeners in the scene. Please ensure there is always exactly one audio listener in the scene.
There are 2 audio listeners in the scene. Please ensure there is always exactly one audio listener in the scene.
There are 2 audio listeners in the scene. Please ensure there is always exactly one audio listener in the scene.
There are 2 audio listeners in the scene. Please ensure there is always exactly one audio listener in the scene.
There are 2 audio listeners in the scene. Please ensure there is always exactly one audio listener in the scene.
There are 2 audio listeners in the scene. Please ensure there is always exactly one audio listener in the scene.
There are 2 audio listeners in the scene. Please ensure there is always exactly one audio listener in the scene.
There are 2 audio listeners in the scene. Please ensure there is always exactly one audio listener in the scene.
There are 2 audio listeners in the scene. Please ensure there is always exactly one audio listener in the scene.
There are 2 audio listeners in the scene. Please ensure there is always exactly one audio listener in the scene.
There are 2 audio listeners in the scene. Please ensure there is always exactly one audio listener in the scene.
There are 2 audio listeners in the scene. Please ensure there is always exactly one audio listener in the scene.
There are 2 audio listeners in the scene. Please ensure there is always exactly one audio listener in the scene.
There are 2 audio listeners in the scene. Please ensure there is always exactly one audio listener in the scene.
There are 2 audio listeners in the scene. Please ensure there is always exactly one audio listener in the scene.
There are 2 audio listeners in the scene. Please ensure there is always exactly one audio listener in the scene.
There are 2 audio listeners in the scene. Please ensure there is always exactly one audio listener in the scene.
There are 2 audio listeners in the scene. Please ensure there is always exactly one audio listener in the scene.
There are 2 audio listeners in the scene. Please ensure there is always exactly one audio listener in the scene.
There are 2 audio listeners in the scene. Please ensure there is always exactly one audio listener in the scene.
There are 2 audio listeners in the scene. Please ensure there is always exactly one audio listener in the scene.
There are 2 audio listeners in the scene. Please ensure there is always exactly one audio listener in the scene.
There are 2 audio listeners in the scene. Please ensure there is always exactly one audio listener in the scene.
There are 2 audio listeners in the scene. Please ensure there is always exactly one audio listener in the scene.
There are 2 audio listeners in the scene. Please ensure there is always exactly one audio listener in the scene.
There are 2 audio listeners in the scene. Please ensure there is always exactly one audio listener in the scene.
There are 2 audio listeners in the scene. Please ensure there is always exactly one audio listener in the scene.
There are 2 audio listeners in the scene. Please ensure there is always exactly one audio listener in the scene.
There are 2 audio listeners in the scene. Please ensure there is always exactly one audio listener in the scene.
There are 2 audio listeners in the scene. Please ensure there is always exactly one audio listener in the scene.
There are 2 audio listeners in the scene. Please ensure there is always exactly one audio listener in the scene.
There are 2 audio listeners in the scene. Please ensure there is always exactly one audio listener in the scene.
There are 2 audio listeners in the scene. Please ensure there is always exactly one audio listener in the scene.
There are 2 audio listeners in the scene. Please ensure there is always exactly one audio listener in the scene.
There are 2 audio listeners in the scene. Please ensure there is always exactly one audio listener in the scene.
There are 2 audio listeners in the scene. Please ensure there is always exactly one audio listener in the scene.
There are 2 audio listeners in the scene. Please ensure there is always exactly one audio listener in the scene.
There are 2 audio listeners in the scene. Please ensure there is always exactly one audio listener in the scene.
There are 2 audio listeners in the scene. Please ensure there is always exactly one audio listener in the scene.
There are 2 audio listeners in the scene. Please ensure there is always exactly one audio listener in the scene.
There are 2 audio listeners in the scene. Please ensure there is always exactly one audio listener in the scene.
There are 2 audio listeners in the scene. Please ensure there is always exactly one audio listener in the scene.
There are 2 audio listeners in the scene. Please ensure there is always exactly one audio listener in the scene.
There are 2 audio listeners in the scene. Please ensure there is always exactly one audio listener in the scene.
There are 2 audio listeners in the scene. Please ensure there is always exactly one audio listener in the scene.
There are 2 audio listeners in the scene. Please ensure there is always exactly one audio listener in the scene.
There are 2 audio listeners in the scene. Please ensure there is always exactly one audio listener in the scene.
There are 2 audio listeners in the scene. Please ensure there is always exactly one audio listener in the scene.
There are 2 audio listeners in the scene. Please ensure there is always exactly one audio listener in the scene.
There are 2 audio listeners in the scene. Please ensure there is always exactly one audio listener in the scene.
There are 2 audio listeners in the scene. Please ensure there is always exactly one audio listener in the scene.
There are 2 audio listeners in the scene. Please ensure there is always exactly one audio listener in the scene.
There are 2 audio listeners in the scene. Please ensure there is always exactly one audio listener in the scene.
There are 2 audio listeners in the scene. Please ensure there is always exactly one audio listener in the scene.
There are 2 audio listeners in the scene. Please ensure there is always exactly one audio listener in the scene.
There are 2 audio listeners in the scene. Please ensure there is always exactly one audio listener in the scene.
There are 2 audio listeners in the scene. Please ensure there is always exactly one audio listener in the scene.
There are 2 audio listeners in the scene. Please ensure there is always exactly one audio listener in the scene.
There are 2 audio listeners in the scene. Please ensure there is always exactly one audio listener in the scene.
There are 2 audio listeners in the scene. Please ensure there is always exactly one audio listener in the scene.
There are 2 audio listeners in the scene. Please ensure there is always exactly one audio listener in the scene.
There are 2 audio listeners in the scene. Please ensure there is always exactly one audio listener in the scene.
There are 2 audio listeners in the scene. Please ensure there is always exactly one audio listener in the scene.
There are 2 audio listeners in the scene. Please ensure there is always exactly one audio listener in the scene.
There are 2 audio listeners in the scene. Please ensure there is always exactly one audio listener in the scene.
There are 2 audio listeners in the scene. Please ensure there is always exactly one audio listener in the scene.
There are 2 audio listeners in the scene. Please ensure there is always exactly one audio listener in the scene.
There are 2 audio listeners in the scene. Please ensure there is always exactly one audio listener in the scene.
There are 2 audio listeners in the scene. Please ensure there is always exactly one audio listener in the scene.
There are 2 audio listeners in the scene. Please ensure there is always exactly one audio listener in the scene.
There are 2 audio listeners in the scene. Please ensure there is always exactly one audio listener in the scene.
There are 2 audio listeners in the scene. Please ensure there is always exactly one audio listener in the scene.
There are 2 audio listeners in the scene. Please ensure there is always exactly one audio listener in the scene.
There are 2 audio listeners in the scene. Please ensure there is always exactly one audio listener in the scene.
There are 2 audio listeners in the scene. Please ensure there is always exactly one audio listener in the scene.
There are 2 audio listeners in the scene. Please ensure there is always exactly one audio listener in the scene.
There are 2 audio listeners in the scene. Please ensure there is always exactly one audio listener in the scene.
There are 2 audio listeners in the scene. Please ensure there is always exactly one audio listener in the scene.
There are 2 audio listeners in the scene. Please ensure there is always exactly one audio listener in the scene.
There are 2 audio listeners in the scene. Please ensure there is always exactly one audio listener in the scene.
There are 2 audio listeners in the scene. Please ensure there is always exactly one audio listener in the scene.
There are 2 audio listeners in the scene. Please ensure there is always exactly one audio listener in the scene.
There are 2 audio listeners in the scene. Please ensure there is always exactly one audio listener in the scene.
There are 2 audio listeners in the scene. Please ensure there is always exactly one audio listener in the scene.
There are 2 audio listeners in the scene. Please ensure there is always exactly one audio listener in the scene.
There are 2 audio listeners in the scene. Please ensure there is always exactly one audio listener in the scene.
There are 2 audio listeners in the scene. Please ensure there is always exactly one audio listener in the scene.
There are 2 audio listeners in the scene. Please ensure there is always exactly one audio listener in the scene.
There are 2 audio listeners in the scene. Please ensure there is always exactly one audio listener in the scene.
There are 2 audio listeners in the scene. Please ensure there is always exactly one audio listener in the scene.
There are 2 audio listeners in the scene. Please ensure there is always exactly one audio listener in the scene.
There are 2 audio listeners in the scene. Please ensure there is always exactly one audio listener in the scene.
There are 2 audio listeners in the scene. Please ensure there is always exactly one audio listener in the scene.
There are 2 audio listeners in the scene. Please ensure there is always exactly one audio listener in the scene.
There are 2 audio listeners in the scene. Please ensure there is always exactly one audio listener in the scene.
There are 2 audio listeners in the scene. Please ensure there is always exactly one audio listener in the scene.
There are 2 audio listeners in the scene. Please ensure there is always exactly one audio listener in the scene.
There are 2 audio listeners in the scene. Please ensure there is always exactly one audio listener in the scene.
There are 2 audio listeners in the scene. Please ensure there is always exactly one audio listener in the scene.
There are 2 audio listeners in the scene. Please ensure there is always exactly one audio listener in the scene.
There are 2 audio listeners in the scene. Please ensure there is always exactly one audio listener in the scene.
There are 2 audio listeners in the scene. Please ensure there is always exactly one audio listener in the scene.
There are 2 audio listeners in the scene. Please ensure there is always exactly one audio listener in the scene.
There are 2 audio listeners in the scene. Please ensure there is always exactly one audio listener in the scene.
There are 2 audio listeners in the scene. Please ensure there is always exactly one audio listener in the scene.
There are 2 audio listeners in the scene. Please ensure there is always exactly one audio listener in the scene.
There are 2 audio listeners in the scene. Please ensure there is always exactly one audio listener in the scene.
There are 2 audio listeners in the scene. Please ensure there is always exactly one audio listener in the scene.
There are 2 audio listeners in the scene. Please ensure there is always exactly one audio listener in the scene.
There are 2 audio listeners in the scene. Please ensure there is always exactly one audio listener in the scene.
There are 2 audio listeners in the scene. Please ensure there is always exactly one audio listener in the scene.
There are 2 audio listeners in the scene. Please ensure there is always exactly one audio listener in the scene.
There are 2 audio listeners in the scene. Please ensure there is always exactly one audio listener in the scene.
There are 2 audio listeners in the scene. Please ensure there is always exactly one audio listener in the scene.
There are 2 audio listeners in the scene. Please ensure there is always exactly one audio listener in the scene.
There are 2 audio listeners in the scene. Please ensure there is always exactly one audio listener in the scene.
There are 2 audio listeners in the scene. Please ensure there is always exactly one audio listener in the scene.
There are 2 audio listeners in the scene. Please ensure there is always exactly one audio listener in the scene.
There are 2 audio listeners in the scene. Please ensure there is always exactly one audio listener in the scene.
There are 2 audio listeners in the scene. Please ensure there is always exactly one audio listener in the scene.
There are 2 audio listeners in the scene. Please ensure there is always exactly one audio listener in the scene.
There are 2 audio listeners in the scene. Please ensure there is always exactly one audio listener in the scene.
There are 2 audio listeners in the scene. Please ensure there is always exactly one audio listener in the scene.
There are 2 audio listeners in the scene. Please ensure there is always exactly one audio listener in the scene.
There are 2 audio listeners in the scene. Please ensure there is always exactly one audio listener in the scene.
There are 2 audio listeners in the scene. Please ensure there is always exactly one audio listener in the scene.
There are 2 audio listeners in the scene. Please ensure there is always exactly one audio listener in the scene.
There are 2 audio listeners in the scene. Please ensure there is always exactly one audio listener in the scene.
There are 2 audio listeners in the scene. Please ensure there is always exactly one audio listener in the scene.
There are 2 audio listeners in the scene. Please ensure there is always exactly one audio listener in the scene.
There are 2 audio listeners in the scene. Please ensure there is always exactly one audio listener in the scene.
There are 2 audio listeners in the scene. Please ensure there is always exactly one audio listener in the scene.
There are 2 audio listeners in the scene. Please ensure there is always exactly one audio listener in the scene.
There are 2 audio listeners in the scene. Please ensure there is always exactly one audio listener in the scene.
There are 2 audio listeners in the scene. Please ensure there is always exactly one audio listener in the scene.
There are 2 audio listeners in the scene. Please ensure there is always exactly one audio listener in the scene.
There are 2 audio listeners in the scene. Please ensure there is always exactly one audio listener in the scene.
There are 2 audio listeners in the scene. Please ensure there is always exactly one audio listener in the scene.
There are 2 audio listeners in the scene. Please ensure there is always exactly one audio listener in the scene.
There are 2 audio listeners in the scene. Please ensure there is always exactly one audio listener in the scene.
There are 2 audio listeners in the scene. Please ensure there is always exactly one audio listener in the scene.
There are 2 audio listeners in the scene. Please ensure there is always exactly one audio listener in the scene.
There are 2 audio listeners in the scene. Please ensure there is always exactly one audio listener in the scene.
There are 2 audio listeners in the scene. Please ensure there is always exactly one audio listener in the scene.
There are 2 audio listeners in the scene. Please ensure there is always exactly one audio listener in the scene.
There are 2 audio listeners in the scene. Please ensure there is always exactly one audio listener in the scene.
There are 2 audio listeners in the scene. Please ensure there is always exactly one audio listener in the scene.
There are 2 audio listeners in the scene. Please ensure there is always exactly one audio listener in the scene.
There are 2 audio listeners in the scene. Please ensure there is always exactly one audio listener in the scene.
There are 2 audio listeners in the scene. Please ensure there is always exactly one audio listener in the scene.
There are 2 audio listeners in the scene. Please ensure there is always exactly one audio listener in the scene.
There are 2 audio listeners in the scene. Please ensure there is always exactly one audio listener in the scene.
There are 2 audio listeners in the scene. Please ensure there is always exactly one audio listener in the scene.
There are 2 audio listeners in the scene. Please ensure there is always exactly one audio listener in the scene.
There are 2 audio listeners in the scene. Please ensure there is always exactly one audio listener in the scene.
There are 2 audio listeners in the scene. Please ensure there is always exactly one audio listener in the scene.
There are 2 audio listeners in the scene. Please ensure there is always exactly one audio listener in the scene.
There are 2 audio listeners in the scene. Please ensure there is always exactly one audio listener in the scene.
There are 2 audio listeners in the scene. Please ensure there is always exactly one audio listener in the scene.
There are 2 audio listeners in the scene. Please ensure there is always exactly one audio listener in the scene.
There are 2 audio listeners in the scene. Please ensure there is always exactly one audio listener in the scene.
There are 2 audio listeners in the scene. Please ensure there is always exactly one audio listener in the scene.
There are 2 audio listeners in the scene. Please ensure there is always exactly one audio listener in the scene.
There are 2 audio listeners in the scene. Please ensure there is always exactly one audio listener in the scene.
There are 2 audio listeners in the scene. Please ensure there is always exactly one audio listener in the scene.
There are 2 audio listeners in the scene. Please ensure there is always exactly one audio listener in the scene.
There are 2 audio listeners in the scene. Please ensure there is always exactly one audio listener in the scene.
There are 2 audio listeners in the scene. Please ensure there is always exactly one audio listener in the scene.
There are 2 audio listeners in the scene. Please ensure there is always exactly one audio listener in the scene.
There are 2 audio listeners in the scene. Please ensure there is always exactly one audio listener in the scene.
There are 2 audio listeners in the scene. Please ensure there is always exactly one audio listener in the scene.
There are 2 audio listeners in the scene. Please ensure there is always exactly one audio listener in the scene.
There are 2 audio listeners in the scene. Please ensure there is always exactly one audio listener in the scene.
There are 2 audio listeners in the scene. Please ensure there is always exactly one audio listener in the scene.
There are 2 audio listeners in the scene. Please ensure there is always exactly one audio listener in the scene.
There are 2 audio listeners in the scene. Please ensure there is always exactly one audio listener in the scene.
There are 2 audio listeners in the scene. Please ensure there is always exactly one audio listener in the scene.
There are 2 audio listeners in the scene. Please ensure there is always exactly one audio listener in the scene.
There are 2 audio listeners in the scene. Please ensure there is always exactly one audio listener in the scene.
There are 2 audio listeners in the scene. Please ensure there is always exactly one audio listener in the scene.
There are 2 audio listeners in the scene. Please ensure there is always exactly one audio listener in the scene.
There are 2 audio listeners in the scene. Please ensure there is always exactly one audio listener in the scene.
There are 2 audio listeners in the scene. Please ensure there is always exactly one audio listener in the scene.
There are 2 audio listeners in the scene. Please ensure there is always exactly one audio listener in the scene.
There are 2 audio listeners in the scene. Please ensure there is always exactly one audio listener in the scene.
There are 2 audio listeners in the scene. Please ensure there is always exactly one audio listener in the scene.
There are 2 audio listeners in the scene. Please ensure there is always exactly one audio listener in the scene.
There are 2 audio listeners in the scene. Please ensure there is always exactly one audio listener in the scene.
There are 2 audio listeners in the scene. Please ensure there is always exactly one audio listener in the scene.
There are 2 audio listeners in the scene. Please ensure there is always exactly one audio listener in the scene.
There are 2 audio listeners in the scene. Please ensure there is always exactly one audio listener in the scene.
There are 2 audio listeners in the scene. Please ensure there is always exactly one audio listener in the scene.
There are 2 audio listeners in the scene. Please ensure there is always exactly one audio listener in the scene.
There are 2 audio listeners in the scene. Please ensure there is always exactly one audio listener in the scene.
There are 2 audio listeners in the scene. Please ensure there is always exactly one audio listener in the scene.
There are 2 audio listeners in the scene. Please ensure there is always exactly one audio listener in the scene.
There are 2 audio listeners in the scene. Please ensure there is always exactly one audio listener in the scene.
There are 2 audio listeners in the scene. Please ensure there is always exactly one audio listener in the scene.
There are 2 audio listeners in the scene. Please ensure there is always exactly one audio listener in the scene.
There are 2 audio listeners in the scene. Please ensure there is always exactly one audio listener in the scene.
There are 2 audio listeners in the scene. Please ensure there is always exactly one audio listener in the scene.
There are 2 audio listeners in the scene. Please ensure there is always exactly one audio listener in the scene.
There are 2 audio listeners in the scene. Please ensure there is always exactly one audio listener in the scene.
There are 2 audio listeners in the scene. Please ensure there is always exactly one audio listener in the scene.
There are 2 audio listeners in the scene. Please ensure there is always exactly one audio listener in the scene.
There are 2 audio listeners in the scene. Please ensure there is always exactly one audio listener in the scene.
There are 2 audio listeners in the scene. Please ensure there is always exactly one audio listener in the scene.
There are 2 audio listeners in the scene. Please ensure there is always exactly one audio listener in the scene.
There are 2 audio listeners in the scene. Please ensure there is always exactly one audio listener in the scene.
There are 2 audio listeners in the scene. Please ensure there is always exactly one audio listener in the scene.
There are 2 audio listeners in the scene. Please ensure there is always exactly one audio listener in the scene.
There are 2 audio listeners in the scene. Please ensure there is always exactly one audio listener in the scene.
There are 2 audio listeners in the scene. Please ensure there is always exactly one audio listener in the scene.
There are 2 audio listeners in the scene. Please ensure there is always exactly one audio listener in the scene.
There are 2 audio listeners in the scene. Please ensure there is always exactly one audio listener in the scene.
There are 2 audio listeners in the scene. Please ensure there is always exactly one audio listener in the scene.
There are 2 audio listeners in the scene. Please ensure there is always exactly one audio listener in the scene.
There are 2 audio listeners in the scene. Please ensure there is always exactly one audio listener in the scene.
There are 2 audio listeners in the scene. Please ensure there is always exactly one audio listener in the scene.
There are 2 audio listeners in the scene. Please ensure there is always exactly one audio listener in the scene.
There are 2 audio listeners in the scene. Please ensure there is always exactly one audio listener in the scene.
There are 2 audio listeners in the scene. Please ensure there is always exactly one audio listener in the scene.
There are 2 audio listeners in the scene. Please ensure there is always exactly one audio listener in the scene.
There are 2 audio listeners in the scene. Please ensure there is always exactly one audio listener in the scene.
There are 2 audio listeners in the scene. Please ensure there is always exactly one audio listener in the scene.
There are 2 audio listeners in the scene. Please ensure there is always exactly one audio listener in the scene.
There are 2 audio listeners in the scene. Please ensure there is always exactly one audio listener in the scene.
There are 2 audio listeners in the scene. Please ensure there is always exactly one audio listener in the scene.
There are 2 audio listeners in the scene. Please ensure there is always exactly one audio listener in the scene.
There are 2 audio listeners in the scene. Please ensure there is always exactly one audio listener in the scene.
There are 2 audio listeners in the scene. Please ensure there is always exactly one audio listener in the scene.
There are 2 audio listeners in the scene. Please ensure there is always exactly one audio listener in the scene.
There are 2 audio listeners in the scene. Please ensure there is always exactly one audio listener in the scene.
There are 2 audio listeners in the scene. Please ensure there is always exactly one audio listener in the scene.
There are 2 audio listeners in the scene. Please ensure there is always exactly one audio listener in the scene.
There are 2 audio listeners in the scene. Please ensure there is always exactly one audio listener in the scene.
There are 2 audio listeners in the scene. Please ensure there is always exactly one audio listener in the scene.
There are 2 audio listeners in the scene. Please ensure there is always exactly one audio listener in the scene.
There are 2 audio listeners in the scene. Please ensure there is always exactly one audio listener in the scene.
There are 2 audio listeners in the scene. Please ensure there is always exactly one audio listener in the scene.
There are 2 audio listeners in the scene. Please ensure there is always exactly one audio listener in the scene.
There are 2 audio listeners in the scene. Please ensure there is always exactly one audio listener in the scene.
There are 2 audio listeners in the scene. Please ensure there is always exactly one audio listener in the scene.
There are 2 audio listeners in the scene. Please ensure there is always exactly one audio listener in the scene.
There are 2 audio listeners in the scene. Please ensure there is always exactly one audio listener in the scene.
There are 2 audio listeners in the scene. Please ensure there is always exactly one audio listener in the scene.
There are 2 audio listeners in the scene. Please ensure there is always exactly one audio listener in the scene.
There are 2 audio listeners in the scene. Please ensure there is always exactly one audio listener in the scene.
There are 2 audio listeners in the scene. Please ensure there is always exactly one audio listener in the scene.
There are 2 audio listeners in the scene. Please ensure there is always exactly one audio listener in the scene.
There are 2 audio listeners in the scene. Please ensure there is always exactly one audio listener in the scene.
There are 2 audio listeners in the scene. Please ensure there is always exactly one audio listener in the scene.
There are 2 audio listeners in the scene. Please ensure there is always exactly one audio listener in the scene.
There are 2 audio listeners in the scene. Please ensure there is always exactly one audio listener in the scene.
There are 2 audio listeners in the scene. Please ensure there is always exactly one audio listener in the scene.
There are 2 audio listeners in the scene. Please ensure there is always exactly one audio listener in the scene.
There are 2 audio listeners in the scene. Please ensure there is always exactly one audio listener in the scene.
There are 2 audio listeners in the scene. Please ensure there is always exactly one audio listener in the scene.
There are 2 audio listeners in the scene. Please ensure there is always exactly one audio listener in the scene.
There are 2 audio listeners in the scene. Please ensure there is always exactly one audio listener in the scene.
There are 2 audio listeners in the scene. Please ensure there is always exactly one audio listener in the scene.
There are 2 audio listeners in the scene. Please ensure there is always exactly one audio listener in the scene.
There are 2 audio listeners in the scene. Please ensure there is always exactly one audio listener in the scene.
There are 2 audio listeners in the scene. Please ensure there is always exactly one audio listener in the scene.
There are 2 audio listeners in the scene. Please ensure there is always exactly one audio listener in the scene.
There are 2 audio listeners in the scene. Please ensure there is always exactly one audio listener in the scene.
There are 2 audio listeners in the scene. Please ensure there is always exactly one audio listener in the scene.
There are 2 audio listeners in the scene. Please ensure there is always exactly one audio listener in the scene.
There are 2 audio listeners in the scene. Please ensure there is always exactly one audio listener in the scene.
There are 2 audio listeners in the scene. Please ensure there is always exactly one audio listener in the scene.
There are 2 audio listeners in the scene. Please ensure there is always exactly one audio listener in the scene.
There are 2 audio listeners in the scene. Please ensure there is always exactly one audio listener in the scene.
There are 2 audio listeners in the scene. Please ensure there is always exactly one audio listener in the scene.
There are 2 audio listeners in the scene. Please ensure there is always exactly one audio listener in the scene.
There are 2 audio listeners in the scene. Please ensure there is always exactly one audio listener in the scene.
There are 2 audio listeners in the scene. Please ensure there is always exactly one audio listener in the scene.
There are 2 audio listeners in the scene. Please ensure there is always exactly one audio listener in the scene.
There are 2 audio listeners in the scene. Please ensure there is always exactly one audio listener in the scene.
There are 2 audio listeners in the scene. Please ensure there is always exactly one audio listener in the scene.
There are 2 audio listeners in the scene. Please ensure there is always exactly one audio listener in the scene.
There are 2 audio listeners in the scene. Please ensure there is always exactly one audio listener in the scene.
There are 2 audio listeners in the scene. Please ensure there is always exactly one audio listener in the scene.
There are 2 audio listeners in the scene. Please ensure there is always exactly one audio listener in the scene.
There are 2 audio listeners in the scene. Please ensure there is always exactly one audio listener in the scene.
There are 2 audio listeners in the scene. Please ensure there is always exactly one audio listener in the scene.
There are 2 audio listeners in the scene. Please ensure there is always exactly one audio listener in the scene.
There are 2 audio listeners in the scene. Please ensure there is always exactly one audio listener in the scene.
There are 2 audio listeners in the scene. Please ensure there is always exactly one audio listener in the scene.
There are 2 audio listeners in the scene. Please ensure there is always exactly one audio listener in the scene.
There are 2 audio listeners in the scene. Please ensure there is always exactly one audio listener in the scene.
There are 2 audio listeners in the scene. Please ensure there is always exactly one audio listener in the scene.
There are 2 audio listeners in the scene. Please ensure there is always exactly one audio listener in the scene.
There are 2 audio listeners in the scene. Please ensure there is always exactly one audio listener in the scene.
There are 2 audio listeners in the scene. Please ensure there is always exactly one audio listener in the scene.
There are 2 audio listeners in the scene. Please ensure there is always exactly one audio listener in the scene.
There are 2 audio listeners in the scene. Please ensure there is always exactly one audio listener in the scene.
There are 2 audio listeners in the scene. Please ensure there is always exactly one audio listener in the scene.
There are 2 audio listeners in the scene. Please ensure there is always exactly one audio listener in the scene.
There are 2 audio listeners in the scene. Please ensure there is always exactly one audio listener in the scene.
There are 2 audio listeners in the scene. Please ensure there is always exactly one audio listener in the scene.
There are 2 audio listeners in the scene. Please ensure there is always exactly one audio listener in the scene.
There are 2 audio listeners in the scene. Please ensure there is always exactly one audio listener in the scene.
There are 2 audio listeners in the scene. Please ensure there is always exactly one audio listener in the scene.
There are 2 audio listeners in the scene. Please ensure there is always exactly one audio listener in the scene.
There are 2 audio listeners in the scene. Please ensure there is always exactly one audio listener in the scene.
There are 2 audio listeners in the scene. Please ensure there is always exactly one audio listener in the scene.
There are 2 audio listeners in the scene. Please ensure there is always exactly one audio listener in the scene.
There are 2 audio listeners in the scene. Please ensure there is always exactly one audio listener in the scene.
There are 2 audio listeners in the scene. Please ensure there is always exactly one audio listener in the scene.
There are 2 audio listeners in the scene. Please ensure there is always exactly one audio listener in the scene.
There are 2 audio listeners in the scene. Please ensure there is always exactly one audio listener in the scene.
There are 2 audio listeners in the scene. Please ensure there is always exactly one audio listener in the scene.
There are 2 audio listeners in the scene. Please ensure there is always exactly one audio listener in the scene.
There are 2 audio listeners in the scene. Please ensure there is always exactly one audio listener in the scene.
There are 2 audio listeners in the scene. Please ensure there is always exactly one audio listener in the scene.
There are 2 audio listeners in the scene. Please ensure there is always exactly one audio listener in the scene.
There are 2 audio listeners in the scene. Please ensure there is always exactly one audio listener in the scene.
There are 2 audio listeners in the scene. Please ensure there is always exactly one audio listener in the scene.
There are 2 audio listeners in the scene. Please ensure there is always exactly one audio listener in the scene.
There are 2 audio listeners in the scene. Please ensure there is always exactly one audio listener in the scene.
There are 2 audio listeners in the scene. Please ensure there is always exactly one audio listener in the scene.
There are 2 audio listeners in the scene. Please ensure there is always exactly one audio listener in the scene.
There are 2 audio listeners in the scene. Please ensure there is always exactly one audio listener in the scene.
There are 2 audio listeners in the scene. Please ensure there is always exactly one audio listener in the scene.
There are 2 audio listeners in the scene. Please ensure there is always exactly one audio listener in the scene.
There are 2 audio listeners in the scene. Please ensure there is always exactly one audio listener in the scene.
There are 2 audio listeners in the scene. Please ensure there is always exactly one audio listener in the scene.
There are 2 audio listeners in the scene. Please ensure there is always exactly one audio listener in the scene.
There are 2 audio listeners in the scene. Please ensure there is always exactly one audio listener in the scene.
There are 2 audio listeners in the scene. Please ensure there is always exactly one audio listener in the scene.
There are 2 audio listeners in the scene. Please ensure there is always exactly one audio listener in the scene.
There are 2 audio listeners in the scene. Please ensure there is always exactly one audio listener in the scene.
There are 2 audio listeners in the scene. Please ensure there is always exactly one audio listener in the scene.
There are 2 audio listeners in the scene. Please ensure there is always exactly one audio listener in the scene.
There are 2 audio listeners in the scene. Please ensure there is always exactly one audio listener in the scene.
There are 2 audio listeners in the scene. Please ensure there is always exactly one audio listener in the scene.
There are 2 audio listeners in the scene. Please ensure there is always exactly one audio listener in the scene.
There are 2 audio listeners in the scene. Please ensure there is always exactly one audio listener in the scene.
There are 2 audio listeners in the scene. Please ensure there is always exactly one audio listener in the scene.
There are 2 audio listeners in the scene. Please ensure there is always exactly one audio listener in the scene.
There are 2 audio listeners in the scene. Please ensure there is always exactly one audio listener in the scene.
There are 2 audio listeners in the scene. Please ensure there is always exactly one audio listener in the scene.
There are 2 audio listeners in the scene. Please ensure there is always exactly one audio listener in the scene.
There are 2 audio listeners in the scene. Please ensure there is always exactly one audio listener in the scene.
There are 2 audio listeners in the scene. Please ensure there is always exactly one audio listener in the scene.
There are 2 audio listeners in the scene. Please ensure there is always exactly one audio listener in the scene.
There are 2 audio listeners in the scene. Please ensure there is always exactly one audio listener in the scene.
There are 2 audio listeners in the scene. Please ensure there is always exactly one audio listener in the scene.
There are 2 audio listeners in the scene. Please ensure there is always exactly one audio listener in the scene.
There are 2 audio listeners in the scene. Please ensure there is always exactly one audio listener in the scene.
There are 2 audio listeners in the scene. Please ensure there is always exactly one audio listener in the scene.
There are 2 audio listeners in the scene. Please ensure there is always exactly one audio listener in the scene.
There are 2 audio listeners in the scene. Please ensure there is always exactly one audio listener in the scene.
There are 2 audio listeners in the scene. Please ensure there is always exactly one audio listener in the scene.
There are 2 audio listeners in the scene. Please ensure there is always exactly one audio listener in the scene.
There are 2 audio listeners in the scene. Please ensure there is always exactly one audio listener in the scene.
There are 2 audio listeners in the scene. Please ensure there is always exactly one audio listener in the scene.
There are 2 audio listeners in the scene. Please ensure there is always exactly one audio listener in the scene.
There are 2 audio listeners in the scene. Please ensure there is always exactly one audio listener in the scene.
There are 2 audio listeners in the scene. Please ensure there is always exactly one audio listener in the scene.
There are 2 audio listeners in the scene. Please ensure there is always exactly one audio listener in the scene.
There are 2 audio listeners in the scene. Please ensure there is always exactly one audio listener in the scene.
There are 2 audio listeners in the scene. Please ensure there is always exactly one audio listener in the scene.
There are 2 audio listeners in the scene. Please ensure there is always exactly one audio listener in the scene.
There are 2 audio listeners in the scene. Please ensure there is always exactly one audio listener in the scene.
There are 2 audio listeners in the scene. Please ensure there is always exactly one audio listener in the scene.
There are 2 audio listeners in the scene. Please ensure there is always exactly one audio listener in the scene.
There are 2 audio listeners in the scene. Please ensure there is always exactly one audio listener in the scene.
There are 2 audio listeners in the scene. Please ensure there is always exactly one audio listener in the scene.
There are 2 audio listeners in the scene. Please ensure there is always exactly one audio listener in the scene.
There are 2 audio listeners in the scene. Please ensure there is always exactly one audio listener in the scene.
There are 2 audio listeners in the scene. Please ensure there is always exactly one audio listener in the scene.
There are 2 audio listeners in the scene. Please ensure there is always exactly one audio listener in the scene.
There are 2 audio listeners in the scene. Please ensure there is always exactly one audio listener in the scene.
There are 2 audio listeners in the scene. Please ensure there is always exactly one audio listener in the scene.
There are 2 audio listeners in the scene. Please ensure there is always exactly one audio listener in the scene.
There are 2 audio listeners in the scene. Please ensure there is always exactly one audio listener in the scene.
There are 2 audio listeners in the scene. Please ensure there is always exactly one audio listener in the scene.
There are 2 audio listeners in the scene. Please ensure there is always exactly one audio listener in the scene.
There are 2 audio listeners in the scene. Please ensure there is always exactly one audio listener in the scene.
There are 2 audio listeners in the scene. Please ensure there is always exactly one audio listener in the scene.
There are 2 audio listeners in the scene. Please ensure there is always exactly one audio listener in the scene.
There are 2 audio listeners in the scene. Please ensure there is always exactly one audio listener in the scene.
There are 2 audio listeners in the scene. Please ensure there is always exactly one audio listener in the scene.
There are 2 audio listeners in the scene. Please ensure there is always exactly one audio listener in the scene.
There are 2 audio listeners in the scene. Please ensure there is always exactly one audio listener in the scene.
There are 2 audio listeners in the scene. Please ensure there is always exactly one audio listener in the scene.
There are 2 audio listeners in the scene. Please ensure there is always exactly one audio listener in the scene.
There are 2 audio listeners in the scene. Please ensure there is always exactly one audio listener in the scene.
There are 2 audio listeners in the scene. Please ensure there is always exactly one audio listener in the scene.
There are 2 audio listeners in the scene. Please ensure there is always exactly one audio listener in the scene.
There are 2 audio listeners in the scene. Please ensure there is always exactly one audio listener in the scene.
There are 2 audio listeners in the scene. Please ensure there is always exactly one audio listener in the scene.
There are 2 audio listeners in the scene. Please ensure there is always exactly one audio listener in the scene.
There are 2 audio listeners in the scene. Please ensure there is always exactly one audio listener in the scene.
There are 2 audio listeners in the scene. Please ensure there is always exactly one audio listener in the scene.
There are 2 audio listeners in the scene. Please ensure there is always exactly one audio listener in the scene.
There are 2 audio listeners in the scene. Please ensure there is always exactly one audio listener in the scene.
There are 2 audio listeners in the scene. Please ensure there is always exactly one audio listener in the scene.
There are 2 audio listeners in the scene. Please ensure there is always exactly one audio listener in the scene.
There are 2 audio listeners in the scene. Please ensure there is always exactly one audio listener in the scene.
There are 2 audio listeners in the scene. Please ensure there is always exactly one audio listener in the scene.
There are 2 audio listeners in the scene. Please ensure there is always exactly one audio listener in the scene.
There are 2 audio listeners in the scene. Please ensure there is always exactly one audio listener in the scene.
There are 2 audio listeners in the scene. Please ensure there is always exactly one audio listener in the scene.
There are 2 audio listeners in the scene. Please ensure there is always exactly one audio listener in the scene.
There are 2 audio listeners in the scene. Please ensure there is always exactly one audio listener in the scene.
There are 2 audio listeners in the scene. Please ensure there is always exactly one audio listener in the scene.
There are 2 audio listeners in the scene. Please ensure there is always exactly one audio listener in the scene.
There are 2 audio listeners in the scene. Please ensure there is always exactly one audio listener in the scene.
There are 2 audio listeners in the scene. Please ensure there is always exactly one audio listener in the scene.
There are 2 audio listeners in the scene. Please ensure there is always exactly one audio listener in the scene.
There are 2 audio listeners in the scene. Please ensure there is always exactly one audio listener in the scene.
There are 2 audio listeners in the scene. Please ensure there is always exactly one audio listener in the scene.
There are 2 audio listeners in the scene. Please ensure there is always exactly one audio listener in the scene.
There are 2 audio listeners in the scene. Please ensure there is always exactly one audio listener in the scene.
There are 2 audio listeners in the scene. Please ensure there is always exactly one audio listener in the scene.
There are 2 audio listeners in the scene. Please ensure there is always exactly one audio listener in the scene.
There are 2 audio listeners in the scene. Please ensure there is always exactly one audio listener in the scene.
There are 2 audio listeners in the scene. Please ensure there is always exactly one audio listener in the scene.
There are 2 audio listeners in the scene. Please ensure there is always exactly one audio listener in the scene.
There are 2 audio listeners in the scene. Please ensure there is always exactly one audio listener in the scene.
There are 2 audio listeners in the scene. Please ensure there is always exactly one audio listener in the scene.
There are 2 audio listeners in the scene. Please ensure there is always exactly one audio listener in the scene.
There are 2 audio listeners in the scene. Please ensure there is always exactly one audio listener in the scene.
There are 2 audio listeners in the scene. Please ensure there is always exactly one audio listener in the scene.
There are 2 audio listeners in the scene. Please ensure there is always exactly one audio listener in the scene.
There are 2 audio listeners in the scene. Please ensure there is always exactly one audio listener in the scene.
There are 2 audio listeners in the scene. Please ensure there is always exactly one audio listener in the scene.
There are 2 audio listeners in the scene. Please ensure there is always exactly one audio listener in the scene.
There are 2 audio listeners in the scene. Please ensure there is always exactly one audio listener in the scene.
There are 2 audio listeners in the scene. Please ensure there is always exactly one audio listener in the scene.
There are 2 audio listeners in the scene. Please ensure there is always exactly one audio listener in the scene.
There are 2 audio listeners in the scene. Please ensure there is always exactly one audio listener in the scene.
There are 2 audio listeners in the scene. Please ensure there is always exactly one audio listener in the scene.
There are 2 audio listeners in the scene. Please ensure there is always exactly one audio listener in the scene.
There are 2 audio listeners in the scene. Please ensure there is always exactly one audio listener in the scene.
There are 2 audio listeners in the scene. Please ensure there is always exactly one audio listener in the scene.
There are 2 audio listeners in the scene. Please ensure there is always exactly one audio listener in the scene.
There are 2 audio listeners in the scene. Please ensure there is always exactly one audio listener in the scene.
There are 2 audio listeners in the scene. Please ensure there is always exactly one audio listener in the scene.
There are 2 audio listeners in the scene. Please ensure there is always exactly one audio listener in the scene.
There are 2 audio listeners in the scene. Please ensure there is always exactly one audio listener in the scene.
There are 2 audio listeners in the scene. Please ensure there is always exactly one audio listener in the scene.
There are 2 audio listeners in the scene. Please ensure there is always exactly one audio listener in the scene.
There are 2 audio listeners in the scene. Please ensure there is always exactly one audio listener in the scene.
There are 2 audio listeners in the scene. Please ensure there is always exactly one audio listener in the scene.
There are 2 audio listeners in the scene. Please ensure there is always exactly one audio listener in the scene.
There are 2 audio listeners in the scene. Please ensure there is always exactly one audio listener in the scene.
There are 2 audio listeners in the scene. Please ensure there is always exactly one audio listener in the scene.
There are 2 audio listeners in the scene. Please ensure there is always exactly one audio listener in the scene.
There are 2 audio listeners in the scene. Please ensure there is always exactly one audio listener in the scene.
There are 2 audio listeners in the scene. Please ensure there is always exactly one audio listener in the scene.
There are 2 audio listeners in the scene. Please ensure there is always exactly one audio listener in the scene.
There are 2 audio listeners in the scene. Please ensure there is always exactly one audio listener in the scene.
There are 2 audio listeners in the scene. Please ensure there is always exactly one audio listener in the scene.
There are 2 audio listeners in the scene. Please ensure there is always exactly one audio listener in the scene.
There are 2 audio listeners in the scene. Please ensure there is always exactly one audio listener in the scene.
There are 2 audio listeners in the scene. Please ensure there is always exactly one audio listener in the scene.
There are 2 audio listeners in the scene. Please ensure there is always exactly one audio listener in the scene.
There are 2 audio listeners in the scene. Please ensure there is always exactly one audio listener in the scene.
There are 2 audio listeners in the scene. Please ensure there is always exactly one audio listener in the scene.
There are 2 audio listeners in the scene. Please ensure there is always exactly one audio listener in the scene.
There are 2 audio listeners in the scene. Please ensure there is always exactly one audio listener in the scene.
There are 2 audio listeners in the scene. Please ensure there is always exactly one audio listener in the scene.
There are 2 audio listeners in the scene. Please ensure there is always exactly one audio listener in the scene.
There are 2 audio listeners in the scene. Please ensure there is always exactly one audio listener in the scene.
There are 2 audio listeners in the scene. Please ensure there is always exactly one audio listener in the scene.
There are 2 audio listeners in the scene. Please ensure there is always exactly one audio listener in the scene.
There are 2 audio listeners in the scene. Please ensure there is always exactly one audio listener in the scene.
There are 2 audio listeners in the scene. Please ensure there is always exactly one audio listener in the scene.
There are 2 audio listeners in the scene. Please ensure there is always exactly one audio listener in the scene.
There are 2 audio listeners in the scene. Please ensure there is always exactly one audio listener in the scene.
There are 2 audio listeners in the scene. Please ensure there is always exactly one audio listener in the scene.
There are 2 audio listeners in the scene. Please ensure there is always exactly one audio listener in the scene.
There are 2 audio listeners in the scene. Please ensure there is always exactly one audio listener in the scene.
There are 2 audio listeners in the scene. Please ensure there is always exactly one audio listener in the scene.
There are 2 audio listeners in the scene. Please ensure there is always exactly one audio listener in the scene.
There are 2 audio listeners in the scene. Please ensure there is always exactly one audio listener in the scene.
There are 2 audio listeners in the scene. Please ensure there is always exactly one audio listener in the scene.
There are 2 audio listeners in the scene. Please ensure there is always exactly one audio listener in the scene.
There are 2 audio listeners in the scene. Please ensure there is always exactly one audio listener in the scene.
There are 2 audio listeners in the scene. Please ensure there is always exactly one audio listener in the scene.
There are 2 audio listeners in the scene. Please ensure there is always exactly one audio listener in the scene.
There are 2 audio listeners in the scene. Please ensure there is always exactly one audio listener in the scene.
There are 2 audio listeners in the scene. Please ensure there is always exactly one audio listener in the scene.
There are 2 audio listeners in the scene. Please ensure there is always exactly one audio listener in the scene.
There are 2 audio listeners in the scene. Please ensure there is always exactly one audio listener in the scene.
There are 2 audio listeners in the scene. Please ensure there is always exactly one audio listener in the scene.
There are 2 audio listeners in the scene. Please ensure there is always exactly one audio listener in the scene.
There are 2 audio listeners in the scene. Please ensure there is always exactly one audio listener in the scene.
There are 2 audio listeners in the scene. Please ensure there is always exactly one audio listener in the scene.
There are 2 audio listeners in the scene. Please ensure there is always exactly one audio listener in the scene.
There are 2 audio listeners in the scene. Please ensure there is always exactly one audio listener in the scene.
There are 2 audio listeners in the scene. Please ensure there is always exactly one audio listener in the scene.
There are 2 audio listeners in the scene. Please ensure there is always exactly one audio listener in the scene.
There are 2 audio listeners in the scene. Please ensure there is always exactly one audio listener in the scene.
There are 2 audio listeners in the scene. Please ensure there is always exactly one audio listener in the scene.
There are 2 audio listeners in the scene. Please ensure there is always exactly one audio listener in the scene.
There are 2 audio listeners in the scene. Please ensure there is always exactly one audio listener in the scene.
There are 2 audio listeners in the scene. Please ensure there is always exactly one audio listener in the scene.
There are 2 audio listeners in the scene. Please ensure there is always exactly one audio listener in the scene.
There are 2 audio listeners in the scene. Please ensure there is always exactly one audio listener in the scene.
There are 2 audio listeners in the scene. Please ensure there is always exactly one audio listener in the scene.
There are 2 audio listeners in the scene. Please ensure there is always exactly one audio listener in the scene.
There are 2 audio listeners in the scene. Please ensure there is always exactly one audio listener in the scene.
There are 2 audio listeners in the scene. Please ensure there is always exactly one audio listener in the scene.
There are 2 audio listeners in the scene. Please ensure there is always exactly one audio listener in the scene.
There are 2 audio listeners in the scene. Please ensure there is always exactly one audio listener in the scene.
There are 2 audio listeners in the scene. Please ensure there is always exactly one audio listener in the scene.
There are 2 audio listeners in the scene. Please ensure there is always exactly one audio listener in the scene.
There are 2 audio listeners in the scene. Please ensure there is always exactly one audio listener in the scene.
There are 2 audio listeners in the scene. Please ensure there is always exactly one audio listener in the scene.
There are 2 audio listeners in the scene. Please ensure there is always exactly one audio listener in the scene.
There are 2 audio listeners in the scene. Please ensure there is always exactly one audio listener in the scene.
There are 2 audio listeners in the scene. Please ensure there is always exactly one audio listener in the scene.
There are 2 audio listeners in the scene. Please ensure there is always exactly one audio listener in the scene.
There are 2 audio listeners in the scene. Please ensure there is always exactly one audio listener in the scene.
There are 2 audio listeners in the scene. Please ensure there is always exactly one audio listener in the scene.
There are 2 audio listeners in the scene. Please ensure there is always exactly one audio listener in the scene.
There are 2 audio listeners in the scene. Please ensure there is always exactly one audio listener in the scene.
There are 2 audio listeners in the scene. Please ensure there is always exactly one audio listener in the scene.
There are 2 audio listeners in the scene. Please ensure there is always exactly one audio listener in the scene.
There are 2 audio listeners in the scene. Please ensure there is always exactly one audio listener in the scene.
There are 2 audio listeners in the scene. Please ensure there is always exactly one audio listener in the scene.
There are 2 audio listeners in the scene. Please ensure there is always exactly one audio listener in the scene.
There are 2 audio listeners in the scene. Please ensure there is always exactly one audio listener in the scene.
There are 2 audio listeners in the scene. Please ensure there is always exactly one audio listener in the scene.
There are 2 audio listeners in the scene. Please ensure there is always exactly one audio listener in the scene.
There are 2 audio listeners in the scene. Please ensure there is always exactly one audio listener in the scene.
There are 2 audio listeners in the scene. Please ensure there is always exactly one audio listener in the scene.
There are 2 audio listeners in the scene. Please ensure there is always exactly one audio listener in the scene.
There are 2 audio listeners in the scene. Please ensure there is always exactly one audio listener in the scene.
There are 2 audio listeners in the scene. Please ensure there is always exactly one audio listener in the scene.
There are 2 audio listeners in the scene. Please ensure there is always exactly one audio listener in the scene.
There are 2 audio listeners in the scene. Please ensure there is always exactly one audio listener in the scene.
There are 2 audio listeners in the scene. Please ensure there is always exactly one audio listener in the scene.
There are 2 audio listeners in the scene. Please ensure there is always exactly one audio listener in the scene.
There are 2 audio listeners in the scene. Please ensure there is always exactly one audio listener in the scene.
There are 2 audio listeners in the scene. Please ensure there is always exactly one audio listener in the scene.
There are 2 audio listeners in the scene. Please ensure there is always exactly one audio listener in the scene.
There are 2 audio listeners in the scene. Please ensure there is always exactly one audio listener in the scene.
There are 2 audio listeners in the scene. Please ensure there is always exactly one audio listener in the scene.
There are 2 audio listeners in the scene. Please ensure there is always exactly one audio listener in the scene.
There are 2 audio listeners in the scene. Please ensure there is always exactly one audio listener in the scene.
There are 2 audio listeners in the scene. Please ensure there is always exactly one audio listener in the scene.
There are 2 audio listeners in the scene. Please ensure there is always exactly one audio listener in the scene.
There are 2 audio listeners in the scene. Please ensure there is always exactly one audio listener in the scene.
There are 2 audio listeners in the scene. Please ensure there is always exactly one audio listener in the scene.
There are 2 audio listeners in the scene. Please ensure there is always exactly one audio listener in the scene.
There are 2 audio listeners in the scene. Please ensure there is always exactly one audio listener in the scene.
There are 2 audio listeners in the scene. Please ensure there is always exactly one audio listener in the scene.
There are 2 audio listeners in the scene. Please ensure there is always exactly one audio listener in the scene.
There are 2 audio listeners in the scene. Please ensure there is always exactly one audio listener in the scene.
There are 2 audio listeners in the scene. Please ensure there is always exactly one audio listener in the scene.
There are 2 audio listeners in the scene. Please ensure there is always exactly one audio listener in the scene.
There are 2 audio listeners in the scene. Please ensure there is always exactly one audio listener in the scene.
There are 2 audio listeners in the scene. Please ensure there is always exactly one audio listener in the scene.
There are 2 audio listeners in the scene. Please ensure there is always exactly one audio listener in the scene.
There are 2 audio listeners in the scene. Please ensure there is always exactly one audio listener in the scene.
There are 2 audio listeners in the scene. Please ensure there is always exactly one audio listener in the scene.
There are 2 audio listeners in the scene. Please ensure there is always exactly one audio listener in the scene.
There are 2 audio listeners in the scene. Please ensure there is always exactly one audio listener in the scene.
There are 2 audio listeners in the scene. Please ensure there is always exactly one audio listener in the scene.
There are 2 audio listeners in the scene. Please ensure there is always exactly one audio listener in the scene.
There are 2 audio listeners in the scene. Please ensure there is always exactly one audio listener in the scene.
There are 2 audio listeners in the scene. Please ensure there is always exactly one audio listener in the scene.
There are 2 audio listeners in the scene. Please ensure there is always exactly one audio listener in the scene.
There are 2 audio listeners in the scene. Please ensure there is always exactly one audio listener in the scene.
There are 2 audio listeners in the scene. Please ensure there is always exactly one audio listener in the scene.
There are 2 audio listeners in the scene. Please ensure there is always exactly one audio listener in the scene.
There are 2 audio listeners in the scene. Please ensure there is always exactly one audio listener in the scene.
There are 2 audio listeners in the scene. Please ensure there is always exactly one audio listener in the scene.
There are 2 audio listeners in the scene. Please ensure there is always exactly one audio listener in the scene.
There are 2 audio listeners in the scene. Please ensure there is always exactly one audio listener in the scene.
There are 2 audio listeners in the scene. Please ensure there is always exactly one audio listener in the scene.
There are 2 audio listeners in the scene. Please ensure there is always exactly one audio listener in the scene.
There are 2 audio listeners in the scene. Please ensure there is always exactly one audio listener in the scene.
There are 2 audio listeners in the scene. Please ensure there is always exactly one audio listener in the scene.
There are 2 audio listeners in the scene. Please ensure there is always exactly one audio listener in the scene.
There are 2 audio listeners in the scene. Please ensure there is always exactly one audio listener in the scene.
There are 2 audio listeners in the scene. Please ensure there is always exactly one audio listener in the scene.
There are 2 audio listeners in the scene. Please ensure there is always exactly one audio listener in the scene.
There are 2 audio listeners in the scene. Please ensure there is always exactly one audio listener in the scene.
There are 2 audio listeners in the scene. Please ensure there is always exactly one audio listener in the scene.
There are 2 audio listeners in the scene. Please ensure there is always exactly one audio listener in the scene.
There are 2 audio listeners in the scene. Please ensure there is always exactly one audio listener in the scene.
There are 2 audio listeners in the scene. Please ensure there is always exactly one audio listener in the scene.
There are 2 audio listeners in the scene. Please ensure there is always exactly one audio listener in the scene.
There are 2 audio listeners in the scene. Please ensure there is always exactly one audio listener in the scene.
There are 2 audio listeners in the scene. Please ensure there is always exactly one audio listener in the scene.
There are 2 audio listeners in the scene. Please ensure there is always exactly one audio listener in the scene.
There are 2 audio listeners in the scene. Please ensure there is always exactly one audio listener in the scene.
There are 2 audio listeners in the scene. Please ensure there is always exactly one audio listener in the scene.
There are 2 audio listeners in the scene. Please ensure there is always exactly one audio listener in the scene.
There are 2 audio listeners in the scene. Please ensure there is always exactly one audio listener in the scene.
There are 2 audio listeners in the scene. Please ensure there is always exactly one audio listener in the scene.
There are 2 audio listeners in the scene. Please ensure there is always exactly one audio listener in the scene.
There are 2 audio listeners in the scene. Please ensure there is always exactly one audio listener in the scene.
There are 2 audio listeners in the scene. Please ensure there is always exactly one audio listener in the scene.
There are 2 audio listeners in the scene. Please ensure there is always exactly one audio listener in the scene.
There are 2 audio listeners in the scene. Please ensure there is always exactly one audio listener in the scene.
There are 2 audio listeners in the scene. Please ensure there is always exactly one audio listener in the scene.
There are 2 audio listeners in the scene. Please ensure there is always exactly one audio listener in the scene.
There are 2 audio listeners in the scene. Please ensure there is always exactly one audio listener in the scene.
There are 2 audio listeners in the scene. Please ensure there is always exactly one audio listener in the scene.
There are 2 audio listeners in the scene. Please ensure there is always exactly one audio listener in the scene.
There are 2 audio listeners in the scene. Please ensure there is always exactly one audio listener in the scene.
There are 2 audio listeners in the scene. Please ensure there is always exactly one audio listener in the scene.
There are 2 audio listeners in the scene. Please ensure there is always exactly one audio listener in the scene.
There are 2 audio listeners in the scene. Please ensure there is always exactly one audio listener in the scene.
There are 2 audio listeners in the scene. Please ensure there is always exactly one audio listener in the scene.
There are 2 audio listeners in the scene. Please ensure there is always exactly one audio listener in the scene.
There are 2 audio listeners in the scene. Please ensure there is always exactly one audio listener in the scene.
There are 2 audio listeners in the scene. Please ensure there is always exactly one audio listener in the scene.
There are 2 audio listeners in the scene. Please ensure there is always exactly one audio listener in the scene.
There are 2 audio listeners in the scene. Please ensure there is always exactly one audio listener in the scene.
There are 2 audio listeners in the scene. Please ensure there is always exactly one audio listener in the scene.
There are 2 audio listeners in the scene. Please ensure there is always exactly one audio listener in the scene.
There are 2 audio listeners in the scene. Please ensure there is always exactly one audio listener in the scene.
There are 2 audio listeners in the scene. Please ensure there is always exactly one audio listener in the scene.
There are 2 audio listeners in the scene. Please ensure there is always exactly one audio listener in the scene.
There are 2 audio listeners in the scene. Please ensure there is always exactly one audio listener in the scene.
There are 2 audio listeners in the scene. Please ensure there is always exactly one audio listener in the scene.
There are 2 audio listeners in the scene. Please ensure there is always exactly one audio listener in the scene.
There are 2 audio listeners in the scene. Please ensure there is always exactly one audio listener in the scene.
There are 2 audio listeners in the scene. Please ensure there is always exactly one audio listener in the scene.
There are 2 audio listeners in the scene. Please ensure there is always exactly one audio listener in the scene.
There are 2 audio listeners in the scene. Please ensure there is always exactly one audio listener in the scene.
There are 2 audio listeners in the scene. Please ensure there is always exactly one audio listener in the scene.
There are 2 audio listeners in the scene. Please ensure there is always exactly one audio listener in the scene.
There are 2 audio listeners in the scene. Please ensure there is always exactly one audio listener in the scene.
There are 2 audio listeners in the scene. Please ensure there is always exactly one audio listener in the scene.
There are 2 audio listeners in the scene. Please ensure there is always exactly one audio listener in the scene.
There are 2 audio listeners in the scene. Please ensure there is always exactly one audio listener in the scene.
There are 2 audio listeners in the scene. Please ensure there is always exactly one audio listener in the scene.
There are 2 audio listeners in the scene. Please ensure there is always exactly one audio listener in the scene.
There are 2 audio listeners in the scene. Please ensure there is always exactly one audio listener in the scene.
There are 2 audio listeners in the scene. Please ensure there is always exactly one audio listener in the scene.
There are 2 audio listeners in the scene. Please ensure there is always exactly one audio listener in the scene.
There are 2 audio listeners in the scene. Please ensure there is always exactly one audio listener in the scene.
There are 2 audio listeners in the scene. Please ensure there is always exactly one audio listener in the scene.
There are 2 audio listeners in the scene. Please ensure there is always exactly one audio listener in the scene.
There are 2 audio listeners in the scene. Please ensure there is always exactly one audio listener in the scene.
There are 2 audio listeners in the scene. Please ensure there is always exactly one audio listener in the scene.
There are 2 audio listeners in the scene. Please ensure there is always exactly one audio listener in the scene.
There are 2 audio listeners in the scene. Please ensure there is always exactly one audio listener in the scene.
There are 2 audio listeners in the scene. Please ensure there is always exactly one audio listener in the scene.
There are 2 audio listeners in the scene. Please ensure there is always exactly one audio listener in the scene.
There are 2 audio listeners in the scene. Please ensure there is always exactly one audio listener in the scene.
There are 2 audio listeners in the scene. Please ensure there is always exactly one audio listener in the scene.
There are 2 audio listeners in the scene. Please ensure there is always exactly one audio listener in the scene.
There are 2 audio listeners in the scene. Please ensure there is always exactly one audio listener in the scene.
There are 2 audio listeners in the scene. Please ensure there is always exactly one audio listener in the scene.
There are 2 audio listeners in the scene. Please ensure there is always exactly one audio listener in the scene.
There are 2 audio listeners in the scene. Please ensure there is always exactly one audio listener in the scene.
There are 2 audio listeners in the scene. Please ensure there is always exactly one audio listener in the scene.
There are 2 audio listeners in the scene. Please ensure there is always exactly one audio listener in the scene.
There are 2 audio listeners in the scene. Please ensure there is always exactly one audio listener in the scene.
There are 2 audio listeners in the scene. Please ensure there is always exactly one audio listener in the scene.
There are 2 audio listeners in the scene. Please ensure there is always exactly one audio listener in the scene.
There are 2 audio listeners in the scene. Please ensure there is always exactly one audio listener in the scene.
There are 2 audio listeners in the scene. Please ensure there is always exactly one audio listener in the scene.
There are 2 audio listeners in the scene. Please ensure there is always exactly one audio listener in the scene.
There are 2 audio listeners in the scene. Please ensure there is always exactly one audio listener in the scene.
There are 2 audio listeners in the scene. Please ensure there is always exactly one audio listener in the scene.
There are 2 audio listeners in the scene. Please ensure there is always exactly one audio listener in the scene.
There are 2 audio listeners in the scene. Please ensure there is always exactly one audio listener in the scene.
There are 2 audio listeners in the scene. Please ensure there is always exactly one audio listener in the scene.
There are 2 audio listeners in the scene. Please ensure there is always exactly one audio listener in the scene.
There are 2 audio listeners in the scene. Please ensure there is always exactly one audio listener in the scene.
There are 2 audio listeners in the scene. Please ensure there is always exactly one audio listener in the scene.
There are 2 audio listeners in the scene. Please ensure there is always exactly one audio listener in the scene.
There are 2 audio listeners in the scene. Please ensure there is always exactly one audio listener in the scene.
There are 2 audio listeners in the scene. Please ensure there is always exactly one audio listener in the scene.
There are 2 audio listeners in the scene. Please ensure there is always exactly one audio listener in the scene.
There are 2 audio listeners in the scene. Please ensure there is always exactly one audio listener in the scene.
There are 2 audio listeners in the scene. Please ensure there is always exactly one audio listener in the scene.
There are 2 audio listeners in the scene. Please ensure there is always exactly one audio listener in the scene.
There are 2 audio listeners in the scene. Please ensure there is always exactly one audio listener in the scene.
There are 2 audio listeners in the scene. Please ensure there is always exactly one audio listener in the scene.
There are 2 audio listeners in the scene. Please ensure there is always exactly one audio listener in the scene.
There are 2 audio listeners in the scene. Please ensure there is always exactly one audio listener in the scene.
There are 2 audio listeners in the scene. Please ensure there is always exactly one audio listener in the scene.
There are 2 audio listeners in the scene. Please ensure there is always exactly one audio listener in the scene.
There are 2 audio listeners in the scene. Please ensure there is always exactly one audio listener in the scene.
There are 2 audio listeners in the scene. Please ensure there is always exactly one audio listener in the scene.
There are 2 audio listeners in the scene. Please ensure there is always exactly one audio listener in the scene.
There are 2 audio listeners in the scene. Please ensure there is always exactly one audio listener in the scene.
There are 2 audio listeners in the scene. Please ensure there is always exactly one audio listener in the scene.
There are 2 audio listeners in the scene. Please ensure there is always exactly one audio listener in the scene.
There are 2 audio listeners in the scene. Please ensure there is always exactly one audio listener in the scene.
There are 2 audio listeners in the scene. Please ensure there is always exactly one audio listener in the scene.
There are 2 audio listeners in the scene. Please ensure there is always exactly one audio listener in the scene.
There are 2 audio listeners in the scene. Please ensure there is always exactly one audio listener in the scene.
There are 2 audio listeners in the scene. Please ensure there is always exactly one audio listener in the scene.
There are 2 audio listeners in the scene. Please ensure there is always exactly one audio listener in the scene.
There are 2 audio listeners in the scene. Please ensure there is always exactly one audio listener in the scene.
There are 2 audio listeners in the scene. Please ensure there is always exactly one audio listener in the scene.
There are 2 audio listeners in the scene. Please ensure there is always exactly one audio listener in the scene.
There are 2 audio listeners in the scene. Please ensure there is always exactly one audio listener in the scene.
There are 2 audio listeners in the scene. Please ensure there is always exactly one audio listener in the scene.
There are 2 audio listeners in the scene. Please ensure there is always exactly one audio listener in the scene.
There are 2 audio listeners in the scene. Please ensure there is always exactly one audio listener in the scene.
There are 2 audio listeners in the scene. Please ensure there is always exactly one audio listener in the scene.
There are 2 audio listeners in the scene. Please ensure there is always exactly one audio listener in the scene.
There are 2 audio listeners in the scene. Please ensure there is always exactly one audio listener in the scene.
There are 2 audio listeners in the scene. Please ensure there is always exactly one audio listener in the scene.
There are 2 audio listeners in the scene. Please ensure there is always exactly one audio listener in the scene.
There are 2 audio listeners in the scene. Please ensure there is always exactly one audio listener in the scene.
There are 2 audio listeners in the scene. Please ensure there is always exactly one audio listener in the scene.
There are 2 audio listeners in the scene. Please ensure there is always exactly one audio listener in the scene.
There are 2 audio listeners in the scene. Please ensure there is always exactly one audio listener in the scene.
There are 2 audio listeners in the scene. Please ensure there is always exactly one audio listener in the scene.
There are 2 audio listeners in the scene. Please ensure there is always exactly one audio listener in the scene.
There are 2 audio listeners in the scene. Please ensure there is always exactly one audio listener in the scene.
There are 2 audio listeners in the scene. Please ensure there is always exactly one audio listener in the scene.
There are 2 audio listeners in the scene. Please ensure there is always exactly one audio listener in the scene.
There are 2 audio listeners in the scene. Please ensure there is always exactly one audio listener in the scene.
There are 2 audio listeners in the scene. Please ensure there is always exactly one audio listener in the scene.
There are 2 audio listeners in the scene. Please ensure there is always exactly one audio listener in the scene.
There are 2 audio listeners in the scene. Please ensure there is always exactly one audio listener in the scene.
There are 2 audio listeners in the scene. Please ensure there is always exactly one audio listener in the scene.
There are 2 audio listeners in the scene. Please ensure there is always exactly one audio listener in the scene.
There are 2 audio listeners in the scene. Please ensure there is always exactly one audio listener in the scene.
There are 2 audio listeners in the scene. Please ensure there is always exactly one audio listener in the scene.
There are 2 audio listeners in the scene. Please ensure there is always exactly one audio listener in the scene.
There are 2 audio listeners in the scene. Please ensure there is always exactly one audio listener in the scene.
There are 2 audio listeners in the scene. Please ensure there is always exactly one audio listener in the scene.
There are 2 audio listeners in the scene. Please ensure there is always exactly one audio listener in the scene.
There are 2 audio listeners in the scene. Please ensure there is always exactly one audio listener in the scene.
There are 2 audio listeners in the scene. Please ensure there is always exactly one audio listener in the scene.
There are 2 audio listeners in the scene. Please ensure there is always exactly one audio listener in the scene.
There are 2 audio listeners in the scene. Please ensure there is always exactly one audio listener in the scene.
There are 2 audio listeners in the scene. Please ensure there is always exactly one audio listener in the scene.
There are 2 audio listeners in the scene. Please ensure there is always exactly one audio listener in the scene.
There are 2 audio listeners in the scene. Please ensure there is always exactly one audio listener in the scene.
There are 2 audio listeners in the scene. Please ensure there is always exactly one audio listener in the scene.
There are 2 audio listeners in the scene. Please ensure there is always exactly one audio listener in the scene.
There are 2 audio listeners in the scene. Please ensure there is always exactly one audio listener in the scene.
There are 2 audio listeners in the scene. Please ensure there is always exactly one audio listener in the scene.
There are 2 audio listeners in the scene. Please ensure there is always exactly one audio listener in the scene.
There are 2 audio listeners in the scene. Please ensure there is always exactly one audio listener in the scene.
There are 2 audio listeners in the scene. Please ensure there is always exactly one audio listener in the scene.
There are 2 audio listeners in the scene. Please ensure there is always exactly one audio listener in the scene.
There are 2 audio listeners in the scene. Please ensure there is always exactly one audio listener in the scene.
There are 2 audio listeners in the scene. Please ensure there is always exactly one audio listener in the scene.
There are 2 audio listeners in the scene. Please ensure there is always exactly one audio listener in the scene.
There are 2 audio listeners in the scene. Please ensure there is always exactly one audio listener in the scene.
There are 2 audio listeners in the scene. Please ensure there is always exactly one audio listener in the scene.
There are 2 audio listeners in the scene. Please ensure there is always exactly one audio listener in the scene.
There are 2 audio listeners in the scene. Please ensure there is always exactly one audio listener in the scene.
There are 2 audio listeners in the scene. Please ensure there is always exactly one audio listener in the scene.
There are 2 audio listeners in the scene. Please ensure there is always exactly one audio listener in the scene.
There are 2 audio listeners in the scene. Please ensure there is always exactly one audio listener in the scene.
There are 2 audio listeners in the scene. Please ensure there is always exactly one audio listener in the scene.
There are 2 audio listeners in the scene. Please ensure there is always exactly one audio listener in the scene.
There are 2 audio listeners in the scene. Please ensure there is always exactly one audio listener in the scene.
There are 2 audio listeners in the scene. Please ensure there is always exactly one audio listener in the scene.
There are 2 audio listeners in the scene. Please ensure there is always exactly one audio listener in the scene.
There are 2 audio listeners in the scene. Please ensure there is always exactly one audio listener in the scene.
There are 2 audio listeners in the scene. Please ensure there is always exactly one audio listener in the scene.
There are 2 audio listeners in the scene. Please ensure there is always exactly one audio listener in the scene.
There are 2 audio listeners in the scene. Please ensure there is always exactly one audio listener in the scene.
There are 2 audio listeners in the scene. Please ensure there is always exactly one audio listener in the scene.
There are 2 audio listeners in the scene. Please ensure there is always exactly one audio listener in the scene.
There are 2 audio listeners in the scene. Please ensure there is always exactly one audio listener in the scene.
There are 2 audio listeners in the scene. Please ensure there is always exactly one audio listener in the scene.
There are 2 audio listeners in the scene. Please ensure there is always exactly one audio listener in the scene.
There are 2 audio listeners in the scene. Please ensure there is always exactly one audio listener in the scene.
There are 2 audio listeners in the scene. Please ensure there is always exactly one audio listener in the scene.
There are 2 audio listeners in the scene. Please ensure there is always exactly one audio listener in the scene.
There are 2 audio listeners in the scene. Please ensure there is always exactly one audio listener in the scene.
There are 2 audio listeners in the scene. Please ensure there is always exactly one audio listener in the scene.
There are 2 audio listeners in the scene. Please ensure there is always exactly one audio listener in the scene.
There are 2 audio listeners in the scene. Please ensure there is always exactly one audio listener in the scene.
There are 2 audio listeners in the scene. Please ensure there is always exactly one audio listener in the scene.
There are 2 audio listeners in the scene. Please ensure there is always exactly one audio listener in the scene.
There are 2 audio listeners in the scene. Please ensure there is always exactly one audio listener in the scene.
There are 2 audio listeners in the scene. Please ensure there is always exactly one audio listener in the scene.
There are 2 audio listeners in the scene. Please ensure there is always exactly one audio listener in the scene.
There are 2 audio listeners in the scene. Please ensure there is always exactly one audio listener in the scene.
There are 2 audio listeners in the scene. Please ensure there is always exactly one audio listener in the scene.
There are 2 audio listeners in the scene. Please ensure there is always exactly one audio listener in the scene.
There are 2 audio listeners in the scene. Please ensure there is always exactly one audio listener in the scene.
There are 2 audio listeners in the scene. Please ensure there is always exactly one audio listener in the scene.
There are 2 audio listeners in the scene. Please ensure there is always exactly one audio listener in the scene.
There are 2 audio listeners in the scene. Please ensure there is always exactly one audio listener in the scene.
There are 2 audio listeners in the scene. Please ensure there is always exactly one audio listener in the scene.
There are 2 audio listeners in the scene. Please ensure there is always exactly one audio listener in the scene.
There are 2 audio listeners in the scene. Please ensure there is always exactly one audio listener in the scene.
There are 2 audio listeners in the scene. Please ensure there is always exactly one audio listener in the scene.
There are 2 audio listeners in the scene. Please ensure there is always exactly one audio listener in the scene.
There are 2 audio listeners in the scene. Please ensure there is always exactly one audio listener in the scene.
There are 2 audio listeners in the scene. Please ensure there is always exactly one audio listener in the scene.
There are 2 audio listeners in the scene. Please ensure there is always exactly one audio listener in the scene.
There are 2 audio listeners in the scene. Please ensure there is always exactly one audio listener in the scene.
There are 2 audio listeners in the scene. Please ensure there is always exactly one audio listener in the scene.
There are 2 audio listeners in the scene. Please ensure there is always exactly one audio listener in the scene.
There are 2 audio listeners in the scene. Please ensure there is always exactly one audio listener in the scene.
There are 2 audio listeners in the scene. Please ensure there is always exactly one audio listener in the scene.
There are 2 audio listeners in the scene. Please ensure there is always exactly one audio listener in the scene.
There are 2 audio listeners in the scene. Please ensure there is always exactly one audio listener in the scene.
There are 2 audio listeners in the scene. Please ensure there is always exactly one audio listener in the scene.
There are 2 audio listeners in the scene. Please ensure there is always exactly one audio listener in the scene.
There are 2 audio listeners in the scene. Please ensure there is always exactly one audio listener in the scene.
There are 2 audio listeners in the scene. Please ensure there is always exactly one audio listener in the scene.
There are 2 audio listeners in the scene. Please ensure there is always exactly one audio listener in the scene.
There are 2 audio listeners in the scene. Please ensure there is always exactly one audio listener in the scene.
There are 2 audio listeners in the scene. Please ensure there is always exactly one audio listener in the scene.
There are 2 audio listeners in the scene. Please ensure there is always exactly one audio listener in the scene.
There are 2 audio listeners in the scene. Please ensure there is always exactly one audio listener in the scene.
There are 2 audio listeners in the scene. Please ensure there is always exactly one audio listener in the scene.
There are 2 audio listeners in the scene. Please ensure there is always exactly one audio listener in the scene.
There are 2 audio listeners in the scene. Please ensure there is always exactly one audio listener in the scene.
There are 2 audio listeners in the scene. Please ensure there is always exactly one audio listener in the scene.
There are 2 audio listeners in the scene. Please ensure there is always exactly one audio listener in the scene.
There are 2 audio listeners in the scene. Please ensure there is always exactly one audio listener in the scene.
There are 2 audio listeners in the scene. Please ensure there is always exactly one audio listener in the scene.
There are 2 audio listeners in the scene. Please ensure there is always exactly one audio listener in the scene.
There are 2 audio listeners in the scene. Please ensure there is always exactly one audio listener in the scene.
There are 2 audio listeners in the scene. Please ensure there is always exactly one audio listener in the scene.
There are 2 audio listeners in the scene. Please ensure there is always exactly one audio listener in the scene.
There are 2 audio listeners in the scene. Please ensure there is always exactly one audio listener in the scene.
There are 2 audio listeners in the scene. Please ensure there is always exactly one audio listener in the scene.
There are 2 audio listeners in the scene. Please ensure there is always exactly one audio listener in the scene.
There are 2 audio listeners in the scene. Please ensure there is always exactly one audio listener in the scene.
There are 2 audio listeners in the scene. Please ensure there is always exactly one audio listener in the scene.
There are 2 audio listeners in the scene. Please ensure there is always exactly one audio listener in the scene.
There are 2 audio listeners in the scene. Please ensure there is always exactly one audio listener in the scene.
There are 2 audio listeners in the scene. Please ensure there is always exactly one audio listener in the scene.
There are 2 audio listeners in the scene. Please ensure there is always exactly one audio listener in the scene.
There are 2 audio listeners in the scene. Please ensure there is always exactly one audio listener in the scene.
There are 2 audio listeners in the scene. Please ensure there is always exactly one audio listener in the scene.
There are 2 audio listeners in the scene. Please ensure there is always exactly one audio listener in the scene.
There are 2 audio listeners in the scene. Please ensure there is always exactly one audio listener in the scene.
There are 2 audio listeners in the scene. Please ensure there is always exactly one audio listener in the scene.
There are 2 audio listeners in the scene. Please ensure there is always exactly one audio listener in the scene.
There are 2 audio listeners in the scene. Please ensure there is always exactly one audio listener in the scene.
There are 2 audio listeners in the scene. Please ensure there is always exactly one audio listener in the scene.
There are 2 audio listeners in the scene. Please ensure there is always exactly one audio listener in the scene.
There are 2 audio listeners in the scene. Please ensure there is always exactly one audio listener in the scene.
There are 2 audio listeners in the scene. Please ensure there is always exactly one audio listener in the scene.
There are 2 audio listeners in the scene. Please ensure there is always exactly one audio listener in the scene.
There are 2 audio listeners in the scene. Please ensure there is always exactly one audio listener in the scene.
There are 2 audio listeners in the scene. Please ensure there is always exactly one audio listener in the scene.
There are 2 audio listeners in the scene. Please ensure there is always exactly one audio listener in the scene.
There are 2 audio listeners in the scene. Please ensure there is always exactly one audio listener in the scene.
There are 2 audio listeners in the scene. Please ensure there is always exactly one audio listener in the scene.
There are 2 audio listeners in the scene. Please ensure there is always exactly one audio listener in the scene.
There are 2 audio listeners in the scene. Please ensure there is always exactly one audio listener in the scene.
There are 2 audio listeners in the scene. Please ensure there is always exactly one audio listener in the scene.
There are 2 audio listeners in the scene. Please ensure there is always exactly one audio listener in the scene.
There are 2 audio listeners in the scene. Please ensure there is always exactly one audio listener in the scene.
There are 2 audio listeners in the scene. Please ensure there is always exactly one audio listener in the scene.
There are 2 audio listeners in the scene. Please ensure there is always exactly one audio listener in the scene.
There are 2 audio listeners in the scene. Please ensure there is always exactly one audio listener in the scene.
There are 2 audio listeners in the scene. Please ensure there is always exactly one audio listener in the scene.
There are 2 audio listeners in the scene. Please ensure there is always exactly one audio listener in the scene.
There are 2 audio listeners in the scene. Please ensure there is always exactly one audio listener in the scene.
There are 2 audio listeners in the scene. Please ensure there is always exactly one audio listener in the scene.
There are 2 audio listeners in the scene. Please ensure there is always exactly one audio listener in the scene.
There are 2 audio listeners in the scene. Please ensure there is always exactly one audio listener in the scene.
There are 2 audio listeners in the scene. Please ensure there is always exactly one audio listener in the scene.
There are 2 audio listeners in the scene. Please ensure there is always exactly one audio listener in the scene.
There are 2 audio listeners in the scene. Please ensure there is always exactly one audio listener in the scene.
There are 2 audio listeners in the scene. Please ensure there is always exactly one audio listener in the scene.
There are 2 audio listeners in the scene. Please ensure there is always exactly one audio listener in the scene.
There are 2 audio listeners in the scene. Please ensure there is always exactly one audio listener in the scene.
There are 2 audio listeners in the scene. Please ensure there is always exactly one audio listener in the scene.
There are 2 audio listeners in the scene. Please ensure there is always exactly one audio listener in the scene.
There are 2 audio listeners in the scene. Please ensure there is always exactly one audio listener in the scene.
There are 2 audio listeners in the scene. Please ensure there is always exactly one audio listener in the scene.
There are 2 audio listeners in the scene. Please ensure there is always exactly one audio listener in the scene.
There are 2 audio listeners in the scene. Please ensure there is always exactly one audio listener in the scene.
There are 2 audio listeners in the scene. Please ensure there is always exactly one audio listener in the scene.
There are 2 audio listeners in the scene. Please ensure there is always exactly one audio listener in the scene.
There are 2 audio listeners in the scene. Please ensure there is always exactly one audio listener in the scene.
There are 2 audio listeners in the scene. Please ensure there is always exactly one audio listener in the scene.
There are 2 audio listeners in the scene. Please ensure there is always exactly one audio listener in the scene.
There are 2 audio listeners in the scene. Please ensure there is always exactly one audio listener in the scene.
There are 2 audio listeners in the scene. Please ensure there is always exactly one audio listener in the scene.
There are 2 audio listeners in the scene. Please ensure there is always exactly one audio listener in the scene.
There are 2 audio listeners in the scene. Please ensure there is always exactly one audio listener in the scene.
There are 2 audio listeners in the scene. Please ensure there is always exactly one audio listener in the scene.
There are 2 audio listeners in the scene. Please ensure there is always exactly one audio listener in the scene.
There are 2 audio listeners in the scene. Please ensure there is always exactly one audio listener in the scene.
There are 2 audio listeners in the scene. Please ensure there is always exactly one audio listener in the scene.
There are 2 audio listeners in the scene. Please ensure there is always exactly one audio listener in the scene.
There are 2 audio listeners in the scene. Please ensure there is always exactly one audio listener in the scene.
There are 2 audio listeners in the scene. Please ensure there is always exactly one audio listener in the scene.
There are 2 audio listeners in the scene. Please ensure there is always exactly one audio listener in the scene.
There are 2 audio listeners in the scene. Please ensure there is always exactly one audio listener in the scene.
There are 2 audio listeners in the scene. Please ensure there is always exactly one audio listener in the scene.
There are 2 audio listeners in the scene. Please ensure there is always exactly one audio listener in the scene.
There are 2 audio listeners in the scene. Please ensure there is always exactly one audio listener in the scene.
There are 2 audio listeners in the scene. Please ensure there is always exactly one audio listener in the scene.
There are 2 audio listeners in the scene. Please ensure there is always exactly one audio listener in the scene.
There are 2 audio listeners in the scene. Please ensure there is always exactly one audio listener in the scene.
There are 2 audio listeners in the scene. Please ensure there is always exactly one audio listener in the scene.
There are 2 audio listeners in the scene. Please ensure there is always exactly one audio listener in the scene.
There are 2 audio listeners in the scene. Please ensure there is always exactly one audio listener in the scene.
There are 2 audio listeners in the scene. Please ensure there is always exactly one audio listener in the scene.
There are 2 audio listeners in the scene. Please ensure there is always exactly one audio listener in the scene.
There are 2 audio listeners in the scene. Please ensure there is always exactly one audio listener in the scene.
There are 2 audio listeners in the scene. Please ensure there is always exactly one audio listener in the scene.
There are 2 audio listeners in the scene. Please ensure there is always exactly one audio listener in the scene.
There are 2 audio listeners in the scene. Please ensure there is always exactly one audio listener in the scene.
There are 2 audio listeners in the scene. Please ensure there is always exactly one audio listener in the scene.
There are 2 audio listeners in the scene. Please ensure there is always exactly one audio listener in the scene.
There are 2 audio listeners in the scene. Please ensure there is always exactly one audio listener in the scene.
There are 2 audio listeners in the scene. Please ensure there is always exactly one audio listener in the scene.
There are 2 audio listeners in the scene. Please ensure there is always exactly one audio listener in the scene.
There are 2 audio listeners in the scene. Please ensure there is always exactly one audio listener in the scene.
There are 2 audio listeners in the scene. Please ensure there is always exactly one audio listener in the scene.
There are 2 audio listeners in the scene. Please ensure there is always exactly one audio listener in the scene.
There are 2 audio listeners in the scene. Please ensure there is always exactly one audio listener in the scene.
There are 2 audio listeners in the scene. Please ensure there is always exactly one audio listener in the scene.
There are 2 audio listeners in the scene. Please ensure there is always exactly one audio listener in the scene.
There are 2 audio listeners in the scene. Please ensure there is always exactly one audio listener in the scene.
There are 2 audio listeners in the scene. Please ensure there is always exactly one audio listener in the scene.
There are 2 audio listeners in the scene. Please ensure there is always exactly one audio listener in the scene.
There are 2 audio listeners in the scene. Please ensure there is always exactly one audio listener in the scene.
There are 2 audio listeners in the scene. Please ensure there is always exactly one audio listener in the scene.
There are 2 audio listeners in the scene. Please ensure there is always exactly one audio listener in the scene.
There are 2 audio listeners in the scene. Please ensure there is always exactly one audio listener in the scene.
There are 2 audio listeners in the scene. Please ensure there is always exactly one audio listener in the scene.
There are 2 audio listeners in the scene. Please ensure there is always exactly one audio listener in the scene.
There are 2 audio listeners in the scene. Please ensure there is always exactly one audio listener in the scene.
There are 2 audio listeners in the scene. Please ensure there is always exactly one audio listener in the scene.
There are 2 audio listeners in the scene. Please ensure there is always exactly one audio listener in the scene.
There are 2 audio listeners in the scene. Please ensure there is always exactly one audio listener in the scene.
There are 2 audio listeners in the scene. Please ensure there is always exactly one audio listener in the scene.
There are 2 audio listeners in the scene. Please ensure there is always exactly one audio listener in the scene.
There are 2 audio listeners in the scene. Please ensure there is always exactly one audio listener in the scene.
There are 2 audio listeners in the scene. Please ensure there is always exactly one audio listener in the scene.
There are 2 audio listeners in the scene. Please ensure there is always exactly one audio listener in the scene.
There are 2 audio listeners in the scene. Please ensure there is always exactly one audio listener in the scene.
There are 2 audio listeners in the scene. Please ensure there is always exactly one audio listener in the scene.
There are 2 audio listeners in the scene. Please ensure there is always exactly one audio listener in the scene.
There are 2 audio listeners in the scene. Please ensure there is always exactly one audio listener in the scene.
There are 2 audio listeners in the scene. Please ensure there is always exactly one audio listener in the scene.
There are 2 audio listeners in the scene. Please ensure there is always exactly one audio listener in the scene.
There are 2 audio listeners in the scene. Please ensure there is always exactly one audio listener in the scene.
There are 2 audio listeners in the scene. Please ensure there is always exactly one audio listener in the scene.
There are 2 audio listeners in the scene. Please ensure there is always exactly one audio listener in the scene.
There are 2 audio listeners in the scene. Please ensure there is always exactly one audio listener in the scene.
There are 2 audio listeners in the scene. Please ensure there is always exactly one audio listener in the scene.
There are 2 audio listeners in the scene. Please ensure there is always exactly one audio listener in the scene.
There are 2 audio listeners in the scene. Please ensure there is always exactly one audio listener in the scene.
There are 2 audio listeners in the scene. Please ensure there is always exactly one audio listener in the scene.
There are 2 audio listeners in the scene. Please ensure there is always exactly one audio listener in the scene.
There are 2 audio listeners in the scene. Please ensure there is always exactly one audio listener in the scene.
There are 2 audio listeners in the scene. Please ensure there is always exactly one audio listener in the scene.
There are 2 audio listeners in the scene. Please ensure there is always exactly one audio listener in the scene.
There are 2 audio listeners in the scene. Please ensure there is always exactly one audio listener in the scene.
There are 2 audio listeners in the scene. Please ensure there is always exactly one audio listener in the scene.
There are 2 audio listeners in the scene. Please ensure there is always exactly one audio listener in the scene.
There are 2 audio listeners in the scene. Please ensure there is always exactly one audio listener in the scene.
There are 2 audio listeners in the scene. Please ensure there is always exactly one audio listener in the scene.
There are 2 audio listeners in the scene. Please ensure there is always exactly one audio listener in the scene.
There are 2 audio listeners in the scene. Please ensure there is always exactly one audio listener in the scene.
There are 2 audio listeners in the scene. Please ensure there is always exactly one audio listener in the scene.
There are 2 audio listeners in the scene. Please ensure there is always exactly one audio listener in the scene.
There are 2 audio listeners in the scene. Please ensure there is always exactly one audio listener in the scene.
There are 2 audio listeners in the scene. Please ensure there is always exactly one audio listener in the scene.
There are 2 audio listeners in the scene. Please ensure there is always exactly one audio listener in the scene.
There are 2 audio listeners in the scene. Please ensure there is always exactly one audio listener in the scene.
There are 2 audio listeners in the scene. Please ensure there is always exactly one audio listener in the scene.
There are 2 audio listeners in the scene. Please ensure there is always exactly one audio listener in the scene.
There are 2 audio listeners in the scene. Please ensure there is always exactly one audio listener in the scene.
There are 2 audio listeners in the scene. Please ensure there is always exactly one audio listener in the scene.
There are 2 audio listeners in the scene. Please ensure there is always exactly one audio listener in the scene.
There are 2 audio listeners in the scene. Please ensure there is always exactly one audio listener in the scene.
There are 2 audio listeners in the scene. Please ensure there is always exactly one audio listener in the scene.
There are 2 audio listeners in the scene. Please ensure there is always exactly one audio listener in the scene.
There are 2 audio listeners in the scene. Please ensure there is always exactly one audio listener in the scene.
There are 2 audio listeners in the scene. Please ensure there is always exactly one audio listener in the scene.
There are 2 audio listeners in the scene. Please ensure there is always exactly one audio listener in the scene.
There are 2 audio listeners in the scene. Please ensure there is always exactly one audio listener in the scene.
There are 2 audio listeners in the scene. Please ensure there is always exactly one audio listener in the scene.
There are 2 audio listeners in the scene. Please ensure there is always exactly one audio listener in the scene.
There are 2 audio listeners in the scene. Please ensure there is always exactly one audio listener in the scene.
There are 2 audio listeners in the scene. Please ensure there is always exactly one audio listener in the scene.
There are 2 audio listeners in the scene. Please ensure there is always exactly one audio listener in the scene.
There are 2 audio listeners in the scene. Please ensure there is always exactly one audio listener in the scene.
There are 2 audio listeners in the scene. Please ensure there is always exactly one audio listener in the scene.
There are 2 audio listeners in the scene. Please ensure there is always exactly one audio listener in the scene.
There are 2 audio listeners in the scene. Please ensure there is always exactly one audio listener in the scene.
There are 2 audio listeners in the scene. Please ensure there is always exactly one audio listener in the scene.
There are 2 audio listeners in the scene. Please ensure there is always exactly one audio listener in the scene.
There are 2 audio listeners in the scene. Please ensure there is always exactly one audio listener in the scene.
There are 2 audio listeners in the scene. Please ensure there is always exactly one audio listener in the scene.
There are 2 audio listeners in the scene. Please ensure there is always exactly one audio listener in the scene.
There are 2 audio listeners in the scene. Please ensure there is always exactly one audio listener in the scene.
There are 2 audio listeners in the scene. Please ensure there is always exactly one audio listener in the scene.
There are 2 audio listeners in the scene. Please ensure there is always exactly one audio listener in the scene.
There are 2 audio listeners in the scene. Please ensure there is always exactly one audio listener in the scene.
There are 2 audio listeners in the scene. Please ensure there is always exactly one audio listener in the scene.
There are 2 audio listeners in the scene. Please ensure there is always exactly one audio listener in the scene.
There are 2 audio listeners in the scene. Please ensure there is always exactly one audio listener in the scene.
There are 2 audio listeners in the scene. Please ensure there is always exactly one audio listener in the scene.
There are 2 audio listeners in the scene. Please ensure there is always exactly one audio listener in the scene.
There are 2 audio listeners in the scene. Please ensure there is always exactly one audio listener in the scene.
There are 2 audio listeners in the scene. Please ensure there is always exactly one audio listener in the scene.
There are 2 audio listeners in the scene. Please ensure there is always exactly one audio listener in the scene.
There are 2 audio listeners in the scene. Please ensure there is always exactly one audio listener in the scene.
There are 2 audio listeners in the scene. Please ensure there is always exactly one audio listener in the scene.
There are 2 audio listeners in the scene. Please ensure there is always exactly one audio listener in the scene.
There are 2 audio listeners in the scene. Please ensure there is always exactly one audio listener in the scene.
There are 2 audio listeners in the scene. Please ensure there is always exactly one audio listener in the scene.
There are 2 audio listeners in the scene. Please ensure there is always exactly one audio listener in the scene.
There are 2 audio listeners in the scene. Please ensure there is always exactly one audio listener in the scene.
There are 2 audio listeners in the scene. Please ensure there is always exactly one audio listener in the scene.
There are 2 audio listeners in the scene. Please ensure there is always exactly one audio listener in the scene.
There are 2 audio listeners in the scene. Please ensure there is always exactly one audio listener in the scene.
There are 2 audio listeners in the scene. Please ensure there is always exactly one audio listener in the scene.
There are 2 audio listeners in the scene. Please ensure there is always exactly one audio listener in the scene.
There are 2 audio listeners in the scene. Please ensure there is always exactly one audio listener in the scene.
There are 2 audio listeners in the scene. Please ensure there is always exactly one audio listener in the scene.
There are 2 audio listeners in the scene. Please ensure there is always exactly one audio listener in the scene.
There are 2 audio listeners in the scene. Please ensure there is always exactly one audio listener in the scene.
There are 2 audio listeners in the scene. Please ensure there is always exactly one audio listener in the scene.
There are 2 audio listeners in the scene. Please ensure there is always exactly one audio listener in the scene.
There are 2 audio listeners in the scene. Please ensure there is always exactly one audio listener in the scene.
There are 2 audio listeners in the scene. Please ensure there is always exactly one audio listener in the scene.
There are 2 audio listeners in the scene. Please ensure there is always exactly one audio listener in the scene.
There are 2 audio listeners in the scene. Please ensure there is always exactly one audio listener in the scene.
There are 2 audio listeners in the scene. Please ensure there is always exactly one audio listener in the scene.
There are 2 audio listeners in the scene. Please ensure there is always exactly one audio listener in the scene.
There are 2 audio listeners in the scene. Please ensure there is always exactly one audio listener in the scene.
There are 2 audio listeners in the scene. Please ensure there is always exactly one audio listener in the scene.
There are 2 audio listeners in the scene. Please ensure there is always exactly one audio listener in the scene.
There are 2 audio listeners in the scene. Please ensure there is always exactly one audio listener in the scene.
There are 2 audio listeners in the scene. Please ensure there is always exactly one audio listener in the scene.
There are 2 audio listeners in the scene. Please ensure there is always exactly one audio listener in the scene.
There are 2 audio listeners in the scene. Please ensure there is always exactly one audio listener in the scene.
There are 2 audio listeners in the scene. Please ensure there is always exactly one audio listener in the scene.
There are 2 audio listeners in the scene. Please ensure there is always exactly one audio listener in the scene.
There are 2 audio listeners in the scene. Please ensure there is always exactly one audio listener in the scene.
There are 2 audio listeners in the scene. Please ensure there is always exactly one audio listener in the scene.
There are 2 audio listeners in the scene. Please ensure there is always exactly one audio listener in the scene.
There are 2 audio listeners in the scene. Please ensure there is always exactly one audio listener in the scene.
There are 2 audio listeners in the scene. Please ensure there is always exactly one audio listener in the scene.
There are 2 audio listeners in the scene. Please ensure there is always exactly one audio listener in the scene.
There are 2 audio listeners in the scene. Please ensure there is always exactly one audio listener in the scene.
There are 2 audio listeners in the scene. Please ensure there is always exactly one audio listener in the scene.
There are 2 audio listeners in the scene. Please ensure there is always exactly one audio listener in the scene.
There are 2 audio listeners in the scene. Please ensure there is always exactly one audio listener in the scene.
There are 2 audio listeners in the scene. Please ensure there is always exactly one audio listener in the scene.
There are 2 audio listeners in the scene. Please ensure there is always exactly one audio listener in the scene.
There are 2 audio listeners in the scene. Please ensure there is always exactly one audio listener in the scene.
There are 2 audio listeners in the scene. Please ensure there is always exactly one audio listener in the scene.
There are 2 audio listeners in the scene. Please ensure there is always exactly one audio listener in the scene.
There are 2 audio listeners in the scene. Please ensure there is always exactly one audio listener in the scene.
There are 2 audio listeners in the scene. Please ensure there is always exactly one audio listener in the scene.
There are 2 audio listeners in the scene. Please ensure there is always exactly one audio listener in the scene.
There are 2 audio listeners in the scene. Please ensure there is always exactly one audio listener in the scene.
There are 2 audio listeners in the scene. Please ensure there is always exactly one audio listener in the scene.
There are 2 audio listeners in the scene. Please ensure there is always exactly one audio listener in the scene.
There are 2 audio listeners in the scene. Please ensure there is always exactly one audio listener in the scene.
There are 2 audio listeners in the scene. Please ensure there is always exactly one audio listener in the scene.
There are 2 audio listeners in the scene. Please ensure there is always exactly one audio listener in the scene.
There are 2 audio listeners in the scene. Please ensure there is always exactly one audio listener in the scene.
There are 2 audio listeners in the scene. Please ensure there is always exactly one audio listener in the scene.
There are 2 audio listeners in the scene. Please ensure there is always exactly one audio listener in the scene.
There are 2 audio listeners in the scene. Please ensure there is always exactly one audio listener in the scene.
There are 2 audio listeners in the scene. Please ensure there is always exactly one audio listener in the scene.
There are 2 audio listeners in the scene. Please ensure there is always exactly one audio listener in the scene.
There are 2 audio listeners in the scene. Please ensure there is always exactly one audio listener in the scene.
There are 2 audio listeners in the scene. Please ensure there is always exactly one audio listener in the scene.
There are 2 audio listeners in the scene. Please ensure there is always exactly one audio listener in the scene.
There are 2 audio listeners in the scene. Please ensure there is always exactly one audio listener in the scene.
There are 2 audio listeners in the scene. Please ensure there is always exactly one audio listener in the scene.
There are 2 audio listeners in the scene. Please ensure there is always exactly one audio listener in the scene.
There are 2 audio listeners in the scene. Please ensure there is always exactly one audio listener in the scene.
There are 2 audio listeners in the scene. Please ensure there is always exactly one audio listener in the scene.
There are 2 audio listeners in the scene. Please ensure there is always exactly one audio listener in the scene.
There are 2 audio listeners in the scene. Please ensure there is always exactly one audio listener in the scene.
There are 2 audio listeners in the scene. Please ensure there is always exactly one audio listener in the scene.
There are 2 audio listeners in the scene. Please ensure there is always exactly one audio listener in the scene.
There are 2 audio listeners in the scene. Please ensure there is always exactly one audio listener in the scene.
There are 2 audio listeners in the scene. Please ensure there is always exactly one audio listener in the scene.
There are 2 audio listeners in the scene. Please ensure there is always exactly one audio listener in the scene.
There are 2 audio listeners in the scene. Please ensure there is always exactly one audio listener in the scene.
There are 2 audio listeners in the scene. Please ensure there is always exactly one audio listener in the scene.
There are 2 audio listeners in the scene. Please ensure there is always exactly one audio listener in the scene.
There are 2 audio listeners in the scene. Please ensure there is always exactly one audio listener in the scene.
There are 2 audio listeners in the scene. Please ensure there is always exactly one audio listener in the scene.
There are 2 audio listeners in the scene. Please ensure there is always exactly one audio listener in the scene.
There are 2 audio listeners in the scene. Please ensure there is always exactly one audio listener in the scene.
There are 2 audio listeners in the scene. Please ensure there is always exactly one audio listener in the scene.
There are 2 audio listeners in the scene. Please ensure there is always exactly one audio listener in the scene.
There are 2 audio listeners in the scene. Please ensure there is always exactly one audio listener in the scene.
There are 2 audio listeners in the scene. Please ensure there is always exactly one audio listener in the scene.
There are 2 audio listeners in the scene. Please ensure there is always exactly one audio listener in the scene.
There are 2 audio listeners in the scene. Please ensure there is always exactly one audio listener in the scene.
There are 2 audio listeners in the scene. Please ensure there is always exactly one audio listener in the scene.
There are 2 audio listeners in the scene. Please ensure there is always exactly one audio listener in the scene.
There are 2 audio listeners in the scene. Please ensure there is always exactly one audio listener in the scene.
There are 2 audio listeners in the scene. Please ensure there is always exactly one audio listener in the scene.
There are 2 audio listeners in the scene. Please ensure there is always exactly one audio listener in the scene.
There are 2 audio listeners in the scene. Please ensure there is always exactly one audio listener in the scene.
There are 2 audio listeners in the scene. Please ensure there is always exactly one audio listener in the scene.
There are 2 audio listeners in the scene. Please ensure there is always exactly one audio listener in the scene.
There are 2 audio listeners in the scene. Please ensure there is always exactly one audio listener in the scene.
There are 2 audio listeners in the scene. Please ensure there is always exactly one audio listener in the scene.
There are 2 audio listeners in the scene. Please ensure there is always exactly one audio listener in the scene.
There are 2 audio listeners in the scene. Please ensure there is always exactly one audio listener in the scene.
There are 2 audio listeners in the scene. Please ensure there is always exactly one audio listener in the scene.
There are 2 audio listeners in the scene. Please ensure there is always exactly one audio listener in the scene.
There are 2 audio listeners in the scene. Please ensure there is always exactly one audio listener in the scene.
There are 2 audio listeners in the scene. Please ensure there is always exactly one audio listener in the scene.
There are 2 audio listeners in the scene. Please ensure there is always exactly one audio listener in the scene.
There are 2 audio listeners in the scene. Please ensure there is always exactly one audio listener in the scene.
There are 2 audio listeners in the scene. Please ensure there is always exactly one audio listener in the scene.
There are 2 audio listeners in the scene. Please ensure there is always exactly one audio listener in the scene.
There are 2 audio listeners in the scene. Please ensure there is always exactly one audio listener in the scene.
There are 2 audio listeners in the scene. Please ensure there is always exactly one audio listener in the scene.
There are 2 audio listeners in the scene. Please ensure there is always exactly one audio listener in the scene.
There are 2 audio listeners in the scene. Please ensure there is always exactly one audio listener in the scene.
There are 2 audio listeners in the scene. Please ensure there is always exactly one audio listener in the scene.
There are 2 audio listeners in the scene. Please ensure there is always exactly one audio listener in the scene.
There are 2 audio listeners in the scene. Please ensure there is always exactly one audio listener in the scene.
There are 2 audio listeners in the scene. Please ensure there is always exactly one audio listener in the scene.
There are 2 audio listeners in the scene. Please ensure there is always exactly one audio listener in the scene.
There are 2 audio listeners in the scene. Please ensure there is always exactly one audio listener in the scene.
There are 2 audio listeners in the scene. Please ensure there is always exactly one audio listener in the scene.
There are 2 audio listeners in the scene. Please ensure there is always exactly one audio listener in the scene.
There are 2 audio listeners in the scene. Please ensure there is always exactly one audio listener in the scene.
There are 2 audio listeners in the scene. Please ensure there is always exactly one audio listener in the scene.
There are 2 audio listeners in the scene. Please ensure there is always exactly one audio listener in the scene.
There are 2 audio listeners in the scene. Please ensure there is always exactly one audio listener in the scene.
There are 2 audio listeners in the scene. Please ensure there is always exactly one audio listener in the scene.
There are 2 audio listeners in the scene. Please ensure there is always exactly one audio listener in the scene.
There are 2 audio listeners in the scene. Please ensure there is always exactly one audio listener in the scene.
There are 2 audio listeners in the scene. Please ensure there is always exactly one audio listener in the scene.
There are 2 audio listeners in the scene. Please ensure there is always exactly one audio listener in the scene.
There are 2 audio listeners in the scene. Please ensure there is always exactly one audio listener in the scene.
There are 2 audio listeners in the scene. Please ensure there is always exactly one audio listener in the scene.
There are 2 audio listeners in the scene. Please ensure there is always exactly one audio listener in the scene.
There are 2 audio listeners in the scene. Please ensure there is always exactly one audio listener in the scene.
There are 2 audio listeners in the scene. Please ensure there is always exactly one audio listener in the scene.
There are 2 audio listeners in the scene. Please ensure there is always exactly one audio listener in the scene.
There are 2 audio listeners in the scene. Please ensure there is always exactly one audio listener in the scene.
There are 2 audio listeners in the scene. Please ensure there is always exactly one audio listener in the scene.
There are 2 audio listeners in the scene. Please ensure there is always exactly one audio listener in the scene.
There are 2 audio listeners in the scene. Please ensure there is always exactly one audio listener in the scene.
There are 2 audio listeners in the scene. Please ensure there is always exactly one audio listener in the scene.
There are 2 audio listeners in the scene. Please ensure there is always exactly one audio listener in the scene.
There are 2 audio listeners in the scene. Please ensure there is always exactly one audio listener in the scene.
There are 2 audio listeners in the scene. Please ensure there is always exactly one audio listener in the scene.
There are 2 audio listeners in the scene. Please ensure there is always exactly one audio listener in the scene.
There are 2 audio listeners in the scene. Please ensure there is always exactly one audio listener in the scene.
There are 2 audio listeners in the scene. Please ensure there is always exactly one audio listener in the scene.
There are 2 audio listeners in the scene. Please ensure there is always exactly one audio listener in the scene.
There are 2 audio listeners in the scene. Please ensure there is always exactly one audio listener in the scene.
There are 2 audio listeners in the scene. Please ensure there is always exactly one audio listener in the scene.
There are 2 audio listeners in the scene. Please ensure there is always exactly one audio listener in the scene.
There are 2 audio listeners in the scene. Please ensure there is always exactly one audio listener in the scene.
There are 2 audio listeners in the scene. Please ensure there is always exactly one audio listener in the scene.
There are 2 audio listeners in the scene. Please ensure there is always exactly one audio listener in the scene.
There are 2 audio listeners in the scene. Please ensure there is always exactly one audio listener in the scene.
There are 2 audio listeners in the scene. Please ensure there is always exactly one audio listener in the scene.
There are 2 audio listeners in the scene. Please ensure there is always exactly one audio listener in the scene.
There are 2 audio listeners in the scene. Please ensure there is always exactly one audio listener in the scene.
There are 2 audio listeners in the scene. Please ensure there is always exactly one audio listener in the scene.
There are 2 audio listeners in the scene. Please ensure there is always exactly one audio listener in the scene.
There are 2 audio listeners in the scene. Please ensure there is always exactly one audio listener in the scene.
There are 2 audio listeners in the scene. Please ensure there is always exactly one audio listener in the scene.
There are 2 audio listeners in the scene. Please ensure there is always exactly one audio listener in the scene.
There are 2 audio listeners in the scene. Please ensure there is always exactly one audio listener in the scene.
There are 2 audio listeners in the scene. Please ensure there is always exactly one audio listener in the scene.
There are 2 audio listeners in the scene. Please ensure there is always exactly one audio listener in the scene.
There are 2 audio listeners in the scene. Please ensure there is always exactly one audio listener in the scene.
There are 2 audio listeners in the scene. Please ensure there is always exactly one audio listener in the scene.
There are 2 audio listeners in the scene. Please ensure there is always exactly one audio listener in the scene.
There are 2 audio listeners in the scene. Please ensure there is always exactly one audio listener in the scene.
There are 2 audio listeners in the scene. Please ensure there is always exactly one audio listener in the scene.
There are 2 audio listeners in the scene. Please ensure there is always exactly one audio listener in the scene.
There are 2 audio listeners in the scene. Please ensure there is always exactly one audio listener in the scene.
There are 2 audio listeners in the scene. Please ensure there is always exactly one audio listener in the scene.
There are 2 audio listeners in the scene. Please ensure there is always exactly one audio listener in the scene.
There are 2 audio listeners in the scene. Please ensure there is always exactly one audio listener in the scene.
There are 2 audio listeners in the scene. Please ensure there is always exactly one audio listener in the scene.
There are 2 audio listeners in the scene. Please ensure there is always exactly one audio listener in the scene.
There are 2 audio listeners in the scene. Please ensure there is always exactly one audio listener in the scene.
There are 2 audio listeners in the scene. Please ensure there is always exactly one audio listener in the scene.
There are 2 audio listeners in the scene. Please ensure there is always exactly one audio listener in the scene.
There are 2 audio listeners in the scene. Please ensure there is always exactly one audio listener in the scene.
There are 2 audio listeners in the scene. Please ensure there is always exactly one audio listener in the scene.
There are 2 audio listeners in the scene. Please ensure there is always exactly one audio listener in the scene.
There are 2 audio listeners in the scene. Please ensure there is always exactly one audio listener in the scene.
There are 2 audio listeners in the scene. Please ensure there is always exactly one audio listener in the scene.
There are 2 audio listeners in the scene. Please ensure there is always exactly one audio listener in the scene.
There are 2 audio listeners in the scene. Please ensure there is always exactly one audio listener in the scene.
There are 2 audio listeners in the scene. Please ensure there is always exactly one audio listener in the scene.
There are 2 audio listeners in the scene. Please ensure there is always exactly one audio listener in the scene.
There are 2 audio listeners in the scene. Please ensure there is always exactly one audio listener in the scene.
There are 2 audio listeners in the scene. Please ensure there is always exactly one audio listener in the scene.
There are 2 audio listeners in the scene. Please ensure there is always exactly one audio listener in the scene.
There are 2 audio listeners in the scene. Please ensure there is always exactly one audio listener in the scene.
There are 2 audio listeners in the scene. Please ensure there is always exactly one audio listener in the scene.
There are 2 audio listeners in the scene. Please ensure there is always exactly one audio listener in the scene.
There are 2 audio listeners in the scene. Please ensure there is always exactly one audio listener in the scene.
There are 2 audio listeners in the scene. Please ensure there is always exactly one audio listener in the scene.
There are 2 audio listeners in the scene. Please ensure there is always exactly one audio listener in the scene.
There are 2 audio listeners in the scene. Please ensure there is always exactly one audio listener in the scene.
There are 2 audio listeners in the scene. Please ensure there is always exactly one audio listener in the scene.
There are 2 audio listeners in the scene. Please ensure there is always exactly one audio listener in the scene.
There are 2 audio listeners in the scene. Please ensure there is always exactly one audio listener in the scene.
There are 2 audio listeners in the scene. Please ensure there is always exactly one audio listener in the scene.
There are 2 audio listeners in the scene. Please ensure there is always exactly one audio listener in the scene.
There are 2 audio listeners in the scene. Please ensure there is always exactly one audio listener in the scene.
There are 2 audio listeners in the scene. Please ensure there is always exactly one audio listener in the scene.
There are 2 audio listeners in the scene. Please ensure there is always exactly one audio listener in the scene.
There are 2 audio listeners in the scene. Please ensure there is always exactly one audio listener in the scene.
There are 2 audio listeners in the scene. Please ensure there is always exactly one audio listener in the scene.
There are 2 audio listeners in the scene. Please ensure there is always exactly one audio listener in the scene.
There are 2 audio listeners in the scene. Please ensure there is always exactly one audio listener in the scene.
There are 2 audio listeners in the scene. Please ensure there is always exactly one audio listener in the scene.
There are 2 audio listeners in the scene. Please ensure there is always exactly one audio listener in the scene.
There are 2 audio listeners in the scene. Please ensure there is always exactly one audio listener in the scene.
There are 2 audio listeners in the scene. Please ensure there is always exactly one audio listener in the scene.
There are 2 audio listeners in the scene. Please ensure there is always exactly one audio listener in the scene.
There are 2 audio listeners in the scene. Please ensure there is always exactly one audio listener in the scene.
There are 2 audio listeners in the scene. Please ensure there is always exactly one audio listener in the scene.
There are 2 audio listeners in the scene. Please ensure there is always exactly one audio listener in the scene.
There are 2 audio listeners in the scene. Please ensure there is always exactly one audio listener in the scene.
There are 2 audio listeners in the scene. Please ensure there is always exactly one audio listener in the scene.
There are 2 audio listeners in the scene. Please ensure there is always exactly one audio listener in the scene.
There are 2 audio listeners in the scene. Please ensure there is always exactly one audio listener in the scene.
There are 2 audio listeners in the scene. Please ensure there is always exactly one audio listener in the scene.
There are 2 audio listeners in the scene. Please ensure there is always exactly one audio listener in the scene.
There are 2 audio listeners in the scene. Please ensure there is always exactly one audio listener in the scene.
There are 2 audio listeners in the scene. Please ensure there is always exactly one audio listener in the scene.
There are 2 audio listeners in the scene. Please ensure there is always exactly one audio listener in the scene.
There are 2 audio listeners in the scene. Please ensure there is always exactly one audio listener in the scene.
There are 2 audio listeners in the scene. Please ensure there is always exactly one audio listener in the scene.
There are 2 audio listeners in the scene. Please ensure there is always exactly one audio listener in the scene.
There are 2 audio listeners in the scene. Please ensure there is always exactly one audio listener in the scene.
There are 2 audio listeners in the scene. Please ensure there is always exactly one audio listener in the scene.
There are 2 audio listeners in the scene. Please ensure there is always exactly one audio listener in the scene.
There are 2 audio listeners in the scene. Please ensure there is always exactly one audio listener in the scene.
There are 2 audio listeners in the scene. Please ensure there is always exactly one audio listener in the scene.
There are 2 audio listeners in the scene. Please ensure there is always exactly one audio listener in the scene.
There are 2 audio listeners in the scene. Please ensure there is always exactly one audio listener in the scene.
There are 2 audio listeners in the scene. Please ensure there is always exactly one audio listener in the scene.
There are 2 audio listeners in the scene. Please ensure there is always exactly one audio listener in the scene.
There are 2 audio listeners in the scene. Please ensure there is always exactly one audio listener in the scene.
There are 2 audio listeners in the scene. Please ensure there is always exactly one audio listener in the scene.
There are 2 audio listeners in the scene. Please ensure there is always exactly one audio listener in the scene.
There are 2 audio listeners in the scene. Please ensure there is always exactly one audio listener in the scene.
There are 2 audio listeners in the scene. Please ensure there is always exactly one audio listener in the scene.
There are 2 audio listeners in the scene. Please ensure there is always exactly one audio listener in the scene.
There are 2 audio listeners in the scene. Please ensure there is always exactly one audio listener in the scene.
There are 2 audio listeners in the scene. Please ensure there is always exactly one audio listener in the scene.
There are 2 audio listeners in the scene. Please ensure there is always exactly one audio listener in the scene.
There are 2 audio listeners in the scene. Please ensure there is always exactly one audio listener in the scene.
There are 2 audio listeners in the scene. Please ensure there is always exactly one audio listener in the scene.
There are 2 audio listeners in the scene. Please ensure there is always exactly one audio listener in the scene.
There are 2 audio listeners in the scene. Please ensure there is always exactly one audio listener in the scene.
There are 2 audio listeners in the scene. Please ensure there is always exactly one audio listener in the scene.
There are 2 audio listeners in the scene. Please ensure there is always exactly one audio listener in the scene.
There are 2 audio listeners in the scene. Please ensure there is always exactly one audio listener in the scene.
There are 2 audio listeners in the scene. Please ensure there is always exactly one audio listener in the scene.
There are 2 audio listeners in the scene. Please ensure there is always exactly one audio listener in the scene.
There are 2 audio listeners in the scene. Please ensure there is always exactly one audio listener in the scene.
There are 2 audio listeners in the scene. Please ensure there is always exactly one audio listener in the scene.
There are 2 audio listeners in the scene. Please ensure there is always exactly one audio listener in the scene.
There are 2 audio listeners in the scene. Please ensure there is always exactly one audio listener in the scene.
There are 2 audio listeners in the scene. Please ensure there is always exactly one audio listener in the scene.
There are 2 audio listeners in the scene. Please ensure there is always exactly one audio listener in the scene.
There are 2 audio listeners in the scene. Please ensure there is always exactly one audio listener in the scene.
There are 2 audio listeners in the scene. Please ensure there is always exactly one audio listener in the scene.
There are 2 audio listeners in the scene. Please ensure there is always exactly one audio listener in the scene.
There are 2 audio listeners in the scene. Please ensure there is always exactly one audio listener in the scene.
There are 2 audio listeners in the scene. Please ensure there is always exactly one audio listener in the scene.
There are 2 audio listeners in the scene. Please ensure there is always exactly one audio listener in the scene.
There are 2 audio listeners in the scene. Please ensure there is always exactly one audio listener in the scene.
There are 2 audio listeners in the scene. Please ensure there is always exactly one audio listener in the scene.
There are 2 audio listeners in the scene. Please ensure there is always exactly one audio listener in the scene.
There are 2 audio listeners in the scene. Please ensure there is always exactly one audio listener in the scene.
There are 2 audio listeners in the scene. Please ensure there is always exactly one audio listener in the scene.
There are 2 audio listeners in the scene. Please ensure there is always exactly one audio listener in the scene.
There are 2 audio listeners in the scene. Please ensure there is always exactly one audio listener in the scene.
There are 2 audio listeners in the scene. Please ensure there is always exactly one audio listener in the scene.
There are 2 audio listeners in the scene. Please ensure there is always exactly one audio listener in the scene.
There are 2 audio listeners in the scene. Please ensure there is always exactly one audio listener in the scene.
There are 2 audio listeners in the scene. Please ensure there is always exactly one audio listener in the scene.
There are 2 audio listeners in the scene. Please ensure there is always exactly one audio listener in the scene.
There are 2 audio listeners in the scene. Please ensure there is always exactly one audio listener in the scene.
There are 2 audio listeners in the scene. Please ensure there is always exactly one audio listener in the scene.
There are 2 audio listeners in the scene. Please ensure there is always exactly one audio listener in the scene.
There are 2 audio listeners in the scene. Please ensure there is always exactly one audio listener in the scene.
There are 2 audio listeners in the scene. Please ensure there is always exactly one audio listener in the scene.
There are 2 audio listeners in the scene. Please ensure there is always exactly one audio listener in the scene.
There are 2 audio listeners in the scene. Please ensure there is always exactly one audio listener in the scene.
There are 2 audio listeners in the scene. Please ensure there is always exactly one audio listener in the scene.
There are 2 audio listeners in the scene. Please ensure there is always exactly one audio listener in the scene.
There are 2 audio listeners in the scene. Please ensure there is always exactly one audio listener in the scene.
There are 2 audio listeners in the scene. Please ensure there is always exactly one audio listener in the scene.
There are 2 audio listeners in the scene. Please ensure there is always exactly one audio listener in the scene.
There are 2 audio listeners in the scene. Please ensure there is always exactly one audio listener in the scene.
There are 2 audio listeners in the scene. Please ensure there is always exactly one audio listener in the scene.
There are 2 audio listeners in the scene. Please ensure there is always exactly one audio listener in the scene.
There are 2 audio listeners in the scene. Please ensure there is always exactly one audio listener in the scene.
There are 2 audio listeners in the scene. Please ensure there is always exactly one audio listener in the scene.
There are 2 audio listeners in the scene. Please ensure there is always exactly one audio listener in the scene.
There are 2 audio listeners in the scene. Please ensure there is always exactly one audio listener in the scene.
There are 2 audio listeners in the scene. Please ensure there is always exactly one audio listener in the scene.
There are 2 audio listeners in the scene. Please ensure there is always exactly one audio listener in the scene.
There are 2 audio listeners in the scene. Please ensure there is always exactly one audio listener in the scene.
There are 2 audio listeners in the scene. Please ensure there is always exactly one audio listener in the scene.
There are 2 audio listeners in the scene. Please ensure there is always exactly one audio listener in the scene.
There are 2 audio listeners in the scene. Please ensure there is always exactly one audio listener in the scene.
There are 2 audio listeners in the scene. Please ensure there is always exactly one audio listener in the scene.
There are 2 audio listeners in the scene. Please ensure there is always exactly one audio listener in the scene.
There are 2 audio listeners in the scene. Please ensure there is always exactly one audio listener in the scene.
There are 2 audio listeners in the scene. Please ensure there is always exactly one audio listener in the scene.
There are 2 audio listeners in the scene. Please ensure there is always exactly one audio listener in the scene.
There are 2 audio listeners in the scene. Please ensure there is always exactly one audio listener in the scene.
There are 2 audio listeners in the scene. Please ensure there is always exactly one audio listener in the scene.
There are 2 audio listeners in the scene. Please ensure there is always exactly one audio listener in the scene.
There are 2 audio listeners in the scene. Please ensure there is always exactly one audio listener in the scene.
There are 2 audio listeners in the scene. Please ensure there is always exactly one audio listener in the scene.
There are 2 audio listeners in the scene. Please ensure there is always exactly one audio listener in the scene.
There are 2 audio listeners in the scene. Please ensure there is always exactly one audio listener in the scene.
There are 2 audio listeners in the scene. Please ensure there is always exactly one audio listener in the scene.
There are 2 audio listeners in the scene. Please ensure there is always exactly one audio listener in the scene.
There are 2 audio listeners in the scene. Please ensure there is always exactly one audio listener in the scene.
There are 2 audio listeners in the scene. Please ensure there is always exactly one audio listener in the scene.
There are 2 audio listeners in the scene. Please ensure there is always exactly one audio listener in the scene.
There are 2 audio listeners in the scene. Please ensure there is always exactly one audio listener in the scene.
There are 2 audio listeners in the scene. Please ensure there is always exactly one audio listener in the scene.
There are 2 audio listeners in the scene. Please ensure there is always exactly one audio listener in the scene.
There are 2 audio listeners in the scene. Please ensure there is always exactly one audio listener in the scene.
There are 2 audio listeners in the scene. Please ensure there is always exactly one audio listener in the scene.
There are 2 audio listeners in the scene. Please ensure there is always exactly one audio listener in the scene.
There are 2 audio listeners in the scene. Please ensure there is always exactly one audio listener in the scene.
There are 2 audio listeners in the scene. Please ensure there is always exactly one audio listener in the scene.
There are 2 audio listeners in the scene. Please ensure there is always exactly one audio listener in the scene.
There are 2 audio listeners in the scene. Please ensure there is always exactly one audio listener in the scene.
There are 2 audio listeners in the scene. Please ensure there is always exactly one audio listener in the scene.
There are 2 audio listeners in the scene. Please ensure there is always exactly one audio listener in the scene.
There are 2 audio listeners in the scene. Please ensure there is always exactly one audio listener in the scene.
There are 2 audio listeners in the scene. Please ensure there is always exactly one audio listener in the scene.
There are 2 audio listeners in the scene. Please ensure there is always exactly one audio listener in the scene.
There are 2 audio listeners in the scene. Please ensure there is always exactly one audio listener in the scene.
There are 2 audio listeners in the scene. Please ensure there is always exactly one audio listener in the scene.
There are 2 audio listeners in the scene. Please ensure there is always exactly one audio listener in the scene.
There are 2 audio listeners in the scene. Please ensure there is always exactly one audio listener in the scene.
There are 2 audio listeners in the scene. Please ensure there is always exactly one audio listener in the scene.
There are 2 audio listeners in the scene. Please ensure there is always exactly one audio listener in the scene.
There are 2 audio listeners in the scene. Please ensure there is always exactly one audio listener in the scene.
There are 2 audio listeners in the scene. Please ensure there is always exactly one audio listener in the scene.
There are 2 audio listeners in the scene. Please ensure there is always exactly one audio listener in the scene.
There are 2 audio listeners in the scene. Please ensure there is always exactly one audio listener in the scene.
There are 2 audio listeners in the scene. Please ensure there is always exactly one audio listener in the scene.
There are 2 audio listeners in the scene. Please ensure there is always exactly one audio listener in the scene.
There are 2 audio listeners in the scene. Please ensure there is always exactly one audio listener in the scene.
There are 2 audio listeners in the scene. Please ensure there is always exactly one audio listener in the scene.
There are 2 audio listeners in the scene. Please ensure there is always exactly one audio listener in the scene.
There are 2 audio listeners in the scene. Please ensure there is always exactly one audio listener in the scene.
There are 2 audio listeners in the scene. Please ensure there is always exactly one audio listener in the scene.
There are 2 audio listeners in the scene. Please ensure there is always exactly one audio listener in the scene.
There are 2 audio listeners in the scene. Please ensure there is always exactly one audio listener in the scene.
There are 2 audio listeners in the scene. Please ensure there is always exactly one audio listener in the scene.
There are 2 audio listeners in the scene. Please ensure there is always exactly one audio listener in the scene.
There are 2 audio listeners in the scene. Please ensure there is always exactly one audio listener in the scene.
There are 2 audio listeners in the scene. Please ensure there is always exactly one audio listener in the scene.
There are 2 audio listeners in the scene. Please ensure there is always exactly one audio listener in the scene.
There are 2 audio listeners in the scene. Please ensure there is always exactly one audio listener in the scene.
There are 2 audio listeners in the scene. Please ensure there is always exactly one audio listener in the scene.
There are 2 audio listeners in the scene. Please ensure there is always exactly one audio listener in the scene.
There are 2 audio listeners in the scene. Please ensure there is always exactly one audio listener in the scene.
There are 2 audio listeners in the scene. Please ensure there is always exactly one audio listener in the scene.
There are 2 audio listeners in the scene. Please ensure there is always exactly one audio listener in the scene.
There are 2 audio listeners in the scene. Please ensure there is always exactly one audio listener in the scene.
There are 2 audio listeners in the scene. Please ensure there is always exactly one audio listener in the scene.
There are 2 audio listeners in the scene. Please ensure there is always exactly one audio listener in the scene.
There are 2 audio listeners in the scene. Please ensure there is always exactly one audio listener in the scene.
There are 2 audio listeners in the scene. Please ensure there is always exactly one audio listener in the scene.
There are 2 audio listeners in the scene. Please ensure there is always exactly one audio listener in the scene.
There are 2 audio listeners in the scene. Please ensure there is always exactly one audio listener in the scene.
There are 2 audio listeners in the scene. Please ensure there is always exactly one audio listener in the scene.
There are 2 audio listeners in the scene. Please ensure there is always exactly one audio listener in the scene.
There are 2 audio listeners in the scene. Please ensure there is always exactly one audio listener in the scene.
There are 2 audio listeners in the scene. Please ensure there is always exactly one audio listener in the scene.
There are 2 audio listeners in the scene. Please ensure there is always exactly one audio listener in the scene.
There are 2 audio listeners in the scene. Please ensure there is always exactly one audio listener in the scene.
There are 2 audio listeners in the scene. Please ensure there is always exactly one audio listener in the scene.
There are 2 audio listeners in the scene. Please ensure there is always exactly one audio listener in the scene.
There are 2 audio listeners in the scene. Please ensure there is always exactly one audio listener in the scene.
There are 2 audio listeners in the scene. Please ensure there is always exactly one audio listener in the scene.
There are 2 audio listeners in the scene. Please ensure there is always exactly one audio listener in the scene.
There are 2 audio listeners in the scene. Please ensure there is always exactly one audio listener in the scene.
There are 2 audio listeners in the scene. Please ensure there is always exactly one audio listener in the scene.
There are 2 audio listeners in the scene. Please ensure there is always exactly one audio listener in the scene.
There are 2 audio listeners in the scene. Please ensure there is always exactly one audio listener in the scene.
There are 2 audio listeners in the scene. Please ensure there is always exactly one audio listener in the scene.
There are 2 audio listeners in the scene. Please ensure there is always exactly one audio listener in the scene.
There are 2 audio listeners in the scene. Please ensure there is always exactly one audio listener in the scene.
There are 2 audio listeners in the scene. Please ensure there is always exactly one audio listener in the scene.
There are 2 audio listeners in the scene. Please ensure there is always exactly one audio listener in the scene.
There are 2 audio listeners in the scene. Please ensure there is always exactly one audio listener in the scene.
There are 2 audio listeners in the scene. Please ensure there is always exactly one audio listener in the scene.
There are 2 audio listeners in the scene. Please ensure there is always exactly one audio listener in the scene.
There are 2 audio listeners in the scene. Please ensure there is always exactly one audio listener in the scene.
There are 2 audio listeners in the scene. Please ensure there is always exactly one audio listener in the scene.
There are 2 audio listeners in the scene. Please ensure there is always exactly one audio listener in the scene.
There are 2 audio listeners in the scene. Please ensure there is always exactly one audio listener in the scene.
There are 2 audio listeners in the scene. Please ensure there is always exactly one audio listener in the scene.
There are 2 audio listeners in the scene. Please ensure there is always exactly one audio listener in the scene.
There are 2 audio listeners in the scene. Please ensure there is always exactly one audio listener in the scene.
There are 2 audio listeners in the scene. Please ensure there is always exactly one audio listener in the scene.
There are 2 audio listeners in the scene. Please ensure there is always exactly one audio listener in the scene.
There are 2 audio listeners in the scene. Please ensure there is always exactly one audio listener in the scene.
There are 2 audio listeners in the scene. Please ensure there is always exactly one audio listener in the scene.
There are 2 audio listeners in the scene. Please ensure there is always exactly one audio listener in the scene.
There are 2 audio listeners in the scene. Please ensure there is always exactly one audio listener in the scene.
There are 2 audio listeners in the scene. Please ensure there is always exactly one audio listener in the scene.
There are 2 audio listeners in the scene. Please ensure there is always exactly one audio listener in the scene.
There are 2 audio listeners in the scene. Please ensure there is always exactly one audio listener in the scene.
There are 2 audio listeners in the scene. Please ensure there is always exactly one audio listener in the scene.
There are 2 audio listeners in the scene. Please ensure there is always exactly one audio listener in the scene.
There are 2 audio listeners in the scene. Please ensure there is always exactly one audio listener in the scene.
There are 2 audio listeners in the scene. Please ensure there is always exactly one audio listener in the scene.
There are 2 audio listeners in the scene. Please ensure there is always exactly one audio listener in the scene.
There are 2 audio listeners in the scene. Please ensure there is always exactly one audio listener in the scene.
There are 2 audio listeners in the scene. Please ensure there is always exactly one audio listener in the scene.
There are 2 audio listeners in the scene. Please ensure there is always exactly one audio listener in the scene.
There are 2 audio listeners in the scene. Please ensure there is always exactly one audio listener in the scene.
There are 2 audio listeners in the scene. Please ensure there is always exactly one audio listener in the scene.
There are 2 audio listeners in the scene. Please ensure there is always exactly one audio listener in the scene.
There are 2 audio listeners in the scene. Please ensure there is always exactly one audio listener in the scene.
There are 2 audio listeners in the scene. Please ensure there is always exactly one audio listener in the scene.
There are 2 audio listeners in the scene. Please ensure there is always exactly one audio listener in the scene.
There are 2 audio listeners in the scene. Please ensure there is always exactly one audio listener in the scene.
There are 2 audio listeners in the scene. Please ensure there is always exactly one audio listener in the scene.
There are 2 audio listeners in the scene. Please ensure there is always exactly one audio listener in the scene.
There are 2 audio listeners in the scene. Please ensure there is always exactly one audio listener in the scene.
There are 2 audio listeners in the scene. Please ensure there is always exactly one audio listener in the scene.
There are 2 audio listeners in the scene. Please ensure there is always exactly one audio listener in the scene.
There are 2 audio listeners in the scene. Please ensure there is always exactly one audio listener in the scene.
There are 2 audio listeners in the scene. Please ensure there is always exactly one audio listener in the scene.
There are 2 audio listeners in the scene. Please ensure there is always exactly one audio listener in the scene.
There are 2 audio listeners in the scene. Please ensure there is always exactly one audio listener in the scene.
There are 2 audio listeners in the scene. Please ensure there is always exactly one audio listener in the scene.
There are 2 audio listeners in the scene. Please ensure there is always exactly one audio listener in the scene.
There are 2 audio listeners in the scene. Please ensure there is always exactly one audio listener in the scene.
There are 2 audio listeners in the scene. Please ensure there is always exactly one audio listener in the scene.
There are 2 audio listeners in the scene. Please ensure there is always exactly one audio listener in the scene.
There are 2 audio listeners in the scene. Please ensure there is always exactly one audio listener in the scene.
There are 2 audio listeners in the scene. Please ensure there is always exactly one audio listener in the scene.
There are 2 audio listeners in the scene. Please ensure there is always exactly one audio listener in the scene.
There are 2 audio listeners in the scene. Please ensure there is always exactly one audio listener in the scene.
There are 2 audio listeners in the scene. Please ensure there is always exactly one audio listener in the scene.
There are 2 audio listeners in the scene. Please ensure there is always exactly one audio listener in the scene.
There are 2 audio listeners in the scene. Please ensure there is always exactly one audio listener in the scene.
There are 2 audio listeners in the scene. Please ensure there is always exactly one audio listener in the scene.
There are 2 audio listeners in the scene. Please ensure there is always exactly one audio listener in the scene.
There are 2 audio listeners in the scene. Please ensure there is always exactly one audio listener in the scene.
There are 2 audio listeners in the scene. Please ensure there is always exactly one audio listener in the scene.
There are 2 audio listeners in the scene. Please ensure there is always exactly one audio listener in the scene.
There are 2 audio listeners in the scene. Please ensure there is always exactly one audio listener in the scene.
There are 2 audio listeners in the scene. Please ensure there is always exactly one audio listener in the scene.
There are 2 audio listeners in the scene. Please ensure there is always exactly one audio listener in the scene.
There are 2 audio listeners in the scene. Please ensure there is always exactly one audio listener in the scene.
There are 2 audio listeners in the scene. Please ensure there is always exactly one audio listener in the scene.
There are 2 audio listeners in the scene. Please ensure there is always exactly one audio listener in the scene.
There are 2 audio listeners in the scene. Please ensure there is always exactly one audio listener in the scene.
There are 2 audio listeners in the scene. Please ensure there is always exactly one audio listener in the scene.
There are 2 audio listeners in the scene. Please ensure there is always exactly one audio listener in the scene.
There are 2 audio listeners in the scene. Please ensure there is always exactly one audio listener in the scene.
There are 2 audio listeners in the scene. Please ensure there is always exactly one audio listener in the scene.
There are 2 audio listeners in the scene. Please ensure there is always exactly one audio listener in the scene.
There are 2 audio listeners in the scene. Please ensure there is always exactly one audio listener in the scene.
There are 2 audio listeners in the scene. Please ensure there is always exactly one audio listener in the scene.
There are 2 audio listeners in the scene. Please ensure there is always exactly one audio listener in the scene.
There are 2 audio listeners in the scene. Please ensure there is always exactly one audio listener in the scene.
There are 2 audio listeners in the scene. Please ensure there is always exactly one audio listener in the scene.
There are 2 audio listeners in the scene. Please ensure there is always exactly one audio listener in the scene.
There are 2 audio listeners in the scene. Please ensure there is always exactly one audio listener in the scene.
There are 2 audio listeners in the scene. Please ensure there is always exactly one audio listener in the scene.
There are 2 audio listeners in the scene. Please ensure there is always exactly one audio listener in the scene.
There are 2 audio listeners in the scene. Please ensure there is always exactly one audio listener in the scene.
There are 2 audio listeners in the scene. Please ensure there is always exactly one audio listener in the scene.
There are 2 audio listeners in the scene. Please ensure there is always exactly one audio listener in the scene.
There are 2 audio listeners in the scene. Please ensure there is always exactly one audio listener in the scene.
There are 2 audio listeners in the scene. Please ensure there is always exactly one audio listener in the scene.
There are 2 audio listeners in the scene. Please ensure there is always exactly one audio listener in the scene.
There are 2 audio listeners in the scene. Please ensure there is always exactly one audio listener in the scene.
There are 2 audio listeners in the scene. Please ensure there is always exactly one audio listener in the scene.
There are 2 audio listeners in the scene. Please ensure there is always exactly one audio listener in the scene.
There are 2 audio listeners in the scene. Please ensure there is always exactly one audio listener in the scene.
There are 2 audio listeners in the scene. Please ensure there is always exactly one audio listener in the scene.
There are 2 audio listeners in the scene. Please ensure there is always exactly one audio listener in the scene.
There are 2 audio listeners in the scene. Please ensure there is always exactly one audio listener in the scene.
There are 2 audio listeners in the scene. Please ensure there is always exactly one audio listener in the scene.
There are 2 audio listeners in the scene. Please ensure there is always exactly one audio listener in the scene.
There are 2 audio listeners in the scene. Please ensure there is always exactly one audio listener in the scene.
There are 2 audio listeners in the scene. Please ensure there is always exactly one audio listener in the scene.
There are 2 audio listeners in the scene. Please ensure there is always exactly one audio listener in the scene.
There are 2 audio listeners in the scene. Please ensure there is always exactly one audio listener in the scene.
There are 2 audio listeners in the scene. Please ensure there is always exactly one audio listener in the scene.
There are 2 audio listeners in the scene. Please ensure there is always exactly one audio listener in the scene.
There are 2 audio listeners in the scene. Please ensure there is always exactly one audio listener in the scene.
There are 2 audio listeners in the scene. Please ensure there is always exactly one audio listener in the scene.
There are 2 audio listeners in the scene. Please ensure there is always exactly one audio listener in the scene.
There are 2 audio listeners in the scene. Please ensure there is always exactly one audio listener in the scene.
There are 2 audio listeners in the scene. Please ensure there is always exactly one audio listener in the scene.
There are 2 audio listeners in the scene. Please ensure there is always exactly one audio listener in the scene.
There are 2 audio listeners in the scene. Please ensure there is always exactly one audio listener in the scene.
There are 2 audio listeners in the scene. Please ensure there is always exactly one audio listener in the scene.
There are 2 audio listeners in the scene. Please ensure there is always exactly one audio listener in the scene.
There are 2 audio listeners in the scene. Please ensure there is always exactly one audio listener in the scene.
There are 2 audio listeners in the scene. Please ensure there is always exactly one audio listener in the scene.
There are 2 audio listeners in the scene. Please ensure there is always exactly one audio listener in the scene.
There are 2 audio listeners in the scene. Please ensure there is always exactly one audio listener in the scene.
There are 2 audio listeners in the scene. Please ensure there is always exactly one audio listener in the scene.
There are 2 audio listeners in the scene. Please ensure there is always exactly one audio listener in the scene.
There are 2 audio listeners in the scene. Please ensure there is always exactly one audio listener in the scene.
There are 2 audio listeners in the scene. Please ensure there is always exactly one audio listener in the scene.
There are 2 audio listeners in the scene. Please ensure there is always exactly one audio listener in the scene.
There are 2 audio listeners in the scene. Please ensure there is always exactly one audio listener in the scene.
There are 2 audio listeners in the scene. Please ensure there is always exactly one audio listener in the scene.
There are 2 audio listeners in the scene. Please ensure there is always exactly one audio listener in the scene.
There are 2 audio listeners in the scene. Please ensure there is always exactly one audio listener in the scene.
There are 2 audio listeners in the scene. Please ensure there is always exactly one audio listener in the scene.
There are 2 audio listeners in the scene. Please ensure there is always exactly one audio listener in the scene.
There are 2 audio listeners in the scene. Please ensure there is always exactly one audio listener in the scene.
There are 2 audio listeners in the scene. Please ensure there is always exactly one audio listener in the scene.
There are 2 audio listeners in the scene. Please ensure there is always exactly one audio listener in the scene.
There are 2 audio listeners in the scene. Please ensure there is always exactly one audio listener in the scene.
There are 2 audio listeners in the scene. Please ensure there is always exactly one audio listener in the scene.
There are 2 audio listeners in the scene. Please ensure there is always exactly one audio listener in the scene.
There are 2 audio listeners in the scene. Please ensure there is always exactly one audio listener in the scene.
There are 2 audio listeners in the scene. Please ensure there is always exactly one audio listener in the scene.
There are 2 audio listeners in the scene. Please ensure there is always exactly one audio listener in the scene.
There are 2 audio listeners in the scene. Please ensure there is always exactly one audio listener in the scene.
There are 2 audio listeners in the scene. Please ensure there is always exactly one audio listener in the scene.
There are 2 audio listeners in the scene. Please ensure there is always exactly one audio listener in the scene.
There are 2 audio listeners in the scene. Please ensure there is always exactly one audio listener in the scene.
There are 2 audio listeners in the scene. Please ensure there is always exactly one audio listener in the scene.
There are 2 audio listeners in the scene. Please ensure there is always exactly one audio listener in the scene.
There are 2 audio listeners in the scene. Please ensure there is always exactly one audio listener in the scene.
There are 2 audio listeners in the scene. Please ensure there is always exactly one audio listener in the scene.
There are 2 audio listeners in the scene. Please ensure there is always exactly one audio listener in the scene.
There are 2 audio listeners in the scene. Please ensure there is always exactly one audio listener in the scene.
There are 2 audio listeners in the scene. Please ensure there is always exactly one audio listener in the scene.
There are 2 audio listeners in the scene. Please ensure there is always exactly one audio listener in the scene.
There are 2 audio listeners in the scene. Please ensure there is always exactly one audio listener in the scene.
There are 2 audio listeners in the scene. Please ensure there is always exactly one audio listener in the scene.
There are 2 audio listeners in the scene. Please ensure there is always exactly one audio listener in the scene.
There are 2 audio listeners in the scene. Please ensure there is always exactly one audio listener in the scene.
There are 2 audio listeners in the scene. Please ensure there is always exactly one audio listener in the scene.
There are 2 audio listeners in the scene. Please ensure there is always exactly one audio listener in the scene.
There are 2 audio listeners in the scene. Please ensure there is always exactly one audio listener in the scene.
There are 2 audio listeners in the scene. Please ensure there is always exactly one audio listener in the scene.
There are 2 audio listeners in the scene. Please ensure there is always exactly one audio listener in the scene.
There are 2 audio listeners in the scene. Please ensure there is always exactly one audio listener in the scene.
There are 2 audio listeners in the scene. Please ensure there is always exactly one audio listener in the scene.
There are 2 audio listeners in the scene. Please ensure there is always exactly one audio listener in the scene.
There are 2 audio listeners in the scene. Please ensure there is always exactly one audio listener in the scene.
There are 2 audio listeners in the scene. Please ensure there is always exactly one audio listener in the scene.
There are 2 audio listeners in the scene. Please ensure there is always exactly one audio listener in the scene.
There are 2 audio listeners in the scene. Please ensure there is always exactly one audio listener in the scene.
There are 2 audio listeners in the scene. Please ensure there is always exactly one audio listener in the scene.
There are 2 audio listeners in the scene. Please ensure there is always exactly one audio listener in the scene.
There are 2 audio listeners in the scene. Please ensure there is always exactly one audio listener in the scene.
There are 2 audio listeners in the scene. Please ensure there is always exactly one audio listener in the scene.
There are 2 audio listeners in the scene. Please ensure there is always exactly one audio listener in the scene.
There are 2 audio listeners in the scene. Please ensure there is always exactly one audio listener in the scene.
There are 2 audio listeners in the scene. Please ensure there is always exactly one audio listener in the scene.
There are 2 audio listeners in the scene. Please ensure there is always exactly one audio listener in the scene.
There are 2 audio listeners in the scene. Please ensure there is always exactly one audio listener in the scene.
There are 2 audio listeners in the scene. Please ensure there is always exactly one audio listener in the scene.
There are 2 audio listeners in the scene. Please ensure there is always exactly one audio listener in the scene.
There are 2 audio listeners in the scene. Please ensure there is always exactly one audio listener in the scene.
There are 2 audio listeners in the scene. Please ensure there is always exactly one audio listener in the scene.
There are 2 audio listeners in the scene. Please ensure there is always exactly one audio listener in the scene.
There are 2 audio listeners in the scene. Please ensure there is always exactly one audio listener in the scene.
There are 2 audio listeners in the scene. Please ensure there is always exactly one audio listener in the scene.
There are 2 audio listeners in the scene. Please ensure there is always exactly one audio listener in the scene.
There are 2 audio listeners in the scene. Please ensure there is always exactly one audio listener in the scene.
There are 2 audio listeners in the scene. Please ensure there is always exactly one audio listener in the scene.
There are 2 audio listeners in the scene. Please ensure there is always exactly one audio listener in the scene.
There are 2 audio listeners in the scene. Please ensure there is always exactly one audio listener in the scene.
There are 2 audio listeners in the scene. Please ensure there is always exactly one audio listener in the scene.
There are 2 audio listeners in the scene. Please ensure there is always exactly one audio listener in the scene.
There are 2 audio listeners in the scene. Please ensure there is always exactly one audio listener in the scene.
There are 2 audio listeners in the scene. Please ensure there is always exactly one audio listener in the scene.
There are 2 audio listeners in the scene. Please ensure there is always exactly one audio listener in the scene.
There are 2 audio listeners in the scene. Please ensure there is always exactly one audio listener in the scene.
There are 2 audio listeners in the scene. Please ensure there is always exactly one audio listener in the scene.
There are 2 audio listeners in the scene. Please ensure there is always exactly one audio listener in the scene.
There are 2 audio listeners in the scene. Please ensure there is always exactly one audio listener in the scene.
There are 2 audio listeners in the scene. Please ensure there is always exactly one audio listener in the scene.
There are 2 audio listeners in the scene. Please ensure there is always exactly one audio listener in the scene.
There are 2 audio listeners in the scene. Please ensure there is always exactly one audio listener in the scene.
There are 2 audio listeners in the scene. Please ensure there is always exactly one audio listener in the scene.
There are 2 audio listeners in the scene. Please ensure there is always exactly one audio listener in the scene.
There are 2 audio listeners in the scene. Please ensure there is always exactly one audio listener in the scene.
There are 2 audio listeners in the scene. Please ensure there is always exactly one audio listener in the scene.
There are 2 audio listeners in the scene. Please ensure there is always exactly one audio listener in the scene.
There are 2 audio listeners in the scene. Please ensure there is always exactly one audio listener in the scene.
There are 2 audio listeners in the scene. Please ensure there is always exactly one audio listener in the scene.
There are 2 audio listeners in the scene. Please ensure there is always exactly one audio listener in the scene.
There are 2 audio listeners in the scene. Please ensure there is always exactly one audio listener in the scene.
There are 2 audio listeners in the scene. Please ensure there is always exactly one audio listener in the scene.
There are 2 audio listeners in the scene. Please ensure there is always exactly one audio listener in the scene.
There are 2 audio listeners in the scene. Please ensure there is always exactly one audio listener in the scene.
There are 2 audio listeners in the scene. Please ensure there is always exactly one audio listener in the scene.
There are 2 audio listeners in the scene. Please ensure there is always exactly one audio listener in the scene.
There are 2 audio listeners in the scene. Please ensure there is always exactly one audio listener in the scene.
There are 2 audio listeners in the scene. Please ensure there is always exactly one audio listener in the scene.
There are 2 audio listeners in the scene. Please ensure there is always exactly one audio listener in the scene.
There are 2 audio listeners in the scene. Please ensure there is always exactly one audio listener in the scene.
There are 2 audio listeners in the scene. Please ensure there is always exactly one audio listener in the scene.
There are 2 audio listeners in the scene. Please ensure there is always exactly one audio listener in the scene.
There are 2 audio listeners in the scene. Please ensure there is always exactly one audio listener in the scene.
There are 2 audio listeners in the scene. Please ensure there is always exactly one audio listener in the scene.
There are 2 audio listeners in the scene. Please ensure there is always exactly one audio listener in the scene.
There are 2 audio listeners in the scene. Please ensure there is always exactly one audio listener in the scene.
There are 2 audio listeners in the scene. Please ensure there is always exactly one audio listener in the scene.
There are 2 audio listeners in the scene. Please ensure there is always exactly one audio listener in the scene.
There are 2 audio listeners in the scene. Please ensure there is always exactly one audio listener in the scene.
There are 2 audio listeners in the scene. Please ensure there is always exactly one audio listener in the scene.
There are 2 audio listeners in the scene. Please ensure there is always exactly one audio listener in the scene.
There are 2 audio listeners in the scene. Please ensure there is always exactly one audio listener in the scene.
There are 2 audio listeners in the scene. Please ensure there is always exactly one audio listener in the scene.
There are 2 audio listeners in the scene. Please ensure there is always exactly one audio listener in the scene.
There are 2 audio listeners in the scene. Please ensure there is always exactly one audio listener in the scene.
There are 2 audio listeners in the scene. Please ensure there is always exactly one audio listener in the scene.
There are 2 audio listeners in the scene. Please ensure there is always exactly one audio listener in the scene.
There are 2 audio listeners in the scene. Please ensure there is always exactly one audio listener in the scene.
There are 2 audio listeners in the scene. Please ensure there is always exactly one audio listener in the scene.
There are 2 audio listeners in the scene. Please ensure there is always exactly one audio listener in the scene.
There are 2 audio listeners in the scene. Please ensure there is always exactly one audio listener in the scene.
There are 2 audio listeners in the scene. Please ensure there is always exactly one audio listener in the scene.
There are 2 audio listeners in the scene. Please ensure there is always exactly one audio listener in the scene.
There are 2 audio listeners in the scene. Please ensure there is always exactly one audio listener in the scene.
There are 2 audio listeners in the scene. Please ensure there is always exactly one audio listener in the scene.
There are 2 audio listeners in the scene. Please ensure there is always exactly one audio listener in the scene.
There are 2 audio listeners in the scene. Please ensure there is always exactly one audio listener in the scene.
There are 2 audio listeners in the scene. Please ensure there is always exactly one audio listener in the scene.
There are 2 audio listeners in the scene. Please ensure there is always exactly one audio listener in the scene.
There are 2 audio listeners in the scene. Please ensure there is always exactly one audio listener in the scene.
There are 2 audio listeners in the scene. Please ensure there is always exactly one audio listener in the scene.
There are 2 audio listeners in the scene. Please ensure there is always exactly one audio listener in the scene.
There are 2 audio listeners in the scene. Please ensure there is always exactly one audio listener in the scene.
There are 2 audio listeners in the scene. Please ensure there is always exactly one audio listener in the scene.
There are 2 audio listeners in the scene. Please ensure there is always exactly one audio listener in the scene.
There are 2 audio listeners in the scene. Please ensure there is always exactly one audio listener in the scene.
There are 2 audio listeners in the scene. Please ensure there is always exactly one audio listener in the scene.
There are 2 audio listeners in the scene. Please ensure there is always exactly one audio listener in the scene.
There are 2 audio listeners in the scene. Please ensure there is always exactly one audio listener in the scene.
There are 2 audio listeners in the scene. Please ensure there is always exactly one audio listener in the scene.
There are 2 audio listeners in the scene. Please ensure there is always exactly one audio listener in the scene.
There are 2 audio listeners in the scene. Please ensure there is always exactly one audio listener in the scene.
There are 2 audio listeners in the scene. Please ensure there is always exactly one audio listener in the scene.
There are 2 audio listeners in the scene. Please ensure there is always exactly one audio listener in the scene.
There are 2 audio listeners in the scene. Please ensure there is always exactly one audio listener in the scene.
There are 2 audio listeners in the scene. Please ensure there is always exactly one audio listener in the scene.
There are 2 audio listeners in the scene. Please ensure there is always exactly one audio listener in the scene.
There are 2 audio listeners in the scene. Please ensure there is always exactly one audio listener in the scene.
There are 2 audio listeners in the scene. Please ensure there is always exactly one audio listener in the scene.
There are 2 audio listeners in the scene. Please ensure there is always exactly one audio listener in the scene.
There are 2 audio listeners in the scene. Please ensure there is always exactly one audio listener in the scene.
There are 2 audio listeners in the scene. Please ensure there is always exactly one audio listener in the scene.
There are 2 audio listeners in the scene. Please ensure there is always exactly one audio listener in the scene.
There are 2 audio listeners in the scene. Please ensure there is always exactly one audio listener in the scene.
There are 2 audio listeners in the scene. Please ensure there is always exactly one audio listener in the scene.
There are 2 audio listeners in the scene. Please ensure there is always exactly one audio listener in the scene.
There are 2 audio listeners in the scene. Please ensure there is always exactly one audio listener in the scene.
There are 2 audio listeners in the scene. Please ensure there is always exactly one audio listener in the scene.
There are 2 audio listeners in the scene. Please ensure there is always exactly one audio listener in the scene.
There are 2 audio listeners in the scene. Please ensure there is always exactly one audio listener in the scene.
There are 2 audio listeners in the scene. Please ensure there is always exactly one audio listener in the scene.
There are 2 audio listeners in the scene. Please ensure there is always exactly one audio listener in the scene.
There are 2 audio listeners in the scene. Please ensure there is always exactly one audio listener in the scene.
There are 2 audio listeners in the scene. Please ensure there is always exactly one audio listener in the scene.
There are 2 audio listeners in the scene. Please ensure there is always exactly one audio listener in the scene.
There are 2 audio listeners in the scene. Please ensure there is always exactly one audio listener in the scene.
There are 2 audio listeners in the scene. Please ensure there is always exactly one audio listener in the scene.
There are 2 audio listeners in the scene. Please ensure there is always exactly one audio listener in the scene.
There are 2 audio listeners in the scene. Please ensure there is always exactly one audio listener in the scene.
There are 2 audio listeners in the scene. Please ensure there is always exactly one audio listener in the scene.
There are 2 audio listeners in the scene. Please ensure there is always exactly one audio listener in the scene.
There are 2 audio listeners in the scene. Please ensure there is always exactly one audio listener in the scene.
There are 2 audio listeners in the scene. Please ensure there is always exactly one audio listener in the scene.
There are 2 audio listeners in the scene. Please ensure there is always exactly one audio listener in the scene.
There are 2 audio listeners in the scene. Please ensure there is always exactly one audio listener in the scene.
There are 2 audio listeners in the scene. Please ensure there is always exactly one audio listener in the scene.
There are 2 audio listeners in the scene. Please ensure there is always exactly one audio listener in the scene.
There are 2 audio listeners in the scene. Please ensure there is always exactly one audio listener in the scene.
There are 2 audio listeners in the scene. Please ensure there is always exactly one audio listener in the scene.
There are 2 audio listeners in the scene. Please ensure there is always exactly one audio listener in the scene.
There are 2 audio listeners in the scene. Please ensure there is always exactly one audio listener in the scene.
There are 2 audio listeners in the scene. Please ensure there is always exactly one audio listener in the scene.
There are 2 audio listeners in the scene. Please ensure there is always exactly one audio listener in the scene.
There are 2 audio listeners in the scene. Please ensure there is always exactly one audio listener in the scene.
There are 2 audio listeners in the scene. Please ensure there is always exactly one audio listener in the scene.
There are 2 audio listeners in the scene. Please ensure there is always exactly one audio listener in the scene.
There are 2 audio listeners in the scene. Please ensure there is always exactly one audio listener in the scene.
There are 2 audio listeners in the scene. Please ensure there is always exactly one audio listener in the scene.
There are 2 audio listeners in the scene. Please ensure there is always exactly one audio listener in the scene.
There are 2 audio listeners in the scene. Please ensure there is always exactly one audio listener in the scene.
There are 2 audio listeners in the scene. Please ensure there is always exactly one audio listener in the scene.
There are 2 audio listeners in the scene. Please ensure there is always exactly one audio listener in the scene.
There are 2 audio listeners in the scene. Please ensure there is always exactly one audio listener in the scene.
There are 2 audio listeners in the scene. Please ensure there is always exactly one audio listener in the scene.
There are 2 audio listeners in the scene. Please ensure there is always exactly one audio listener in the scene.
There are 2 audio listeners in the scene. Please ensure there is always exactly one audio listener in the scene.
There are 2 audio listeners in the scene. Please ensure there is always exactly one audio listener in the scene.
There are 2 audio listeners in the scene. Please ensure there is always exactly one audio listener in the scene.
There are 2 audio listeners in the scene. Please ensure there is always exactly one audio listener in the scene.
There are 2 audio listeners in the scene. Please ensure there is always exactly one audio listener in the scene.
There are 2 audio listeners in the scene. Please ensure there is always exactly one audio listener in the scene.
There are 2 audio listeners in the scene. Please ensure there is always exactly one audio listener in the scene.
There are 2 audio listeners in the scene. Please ensure there is always exactly one audio listener in the scene.
There are 2 audio listeners in the scene. Please ensure there is always exactly one audio listener in the scene.
There are 2 audio listeners in the scene. Please ensure there is always exactly one audio listener in the scene.
There are 2 audio listeners in the scene. Please ensure there is always exactly one audio listener in the scene.
There are 2 audio listeners in the scene. Please ensure there is always exactly one audio listener in the scene.
There are 2 audio listeners in the scene. Please ensure there is always exactly one audio listener in the scene.
There are 2 audio listeners in the scene. Please ensure there is always exactly one audio listener in the scene.
There are 2 audio listeners in the scene. Please ensure there is always exactly one audio listener in the scene.
There are 2 audio listeners in the scene. Please ensure there is always exactly one audio listener in the scene.
There are 2 audio listeners in the scene. Please ensure there is always exactly one audio listener in the scene.
There are 2 audio listeners in the scene. Please ensure there is always exactly one audio listener in the scene.
There are 2 audio listeners in the scene. Please ensure there is always exactly one audio listener in the scene.
There are 2 audio listeners in the scene. Please ensure there is always exactly one audio listener in the scene.
There are 2 audio listeners in the scene. Please ensure there is always exactly one audio listener in the scene.
There are 2 audio listeners in the scene. Please ensure there is always exactly one audio listener in the scene.
There are 2 audio listeners in the scene. Please ensure there is always exactly one audio listener in the scene.
There are 2 audio listeners in the scene. Please ensure there is always exactly one audio listener in the scene.
There are 2 audio listeners in the scene. Please ensure there is always exactly one audio listener in the scene.
There are 2 audio listeners in the scene. Please ensure there is always exactly one audio listener in the scene.
There are 2 audio listeners in the scene. Please ensure there is always exactly one audio listener in the scene.
There are 2 audio listeners in the scene. Please ensure there is always exactly one audio listener in the scene.
There are 2 audio listeners in the scene. Please ensure there is always exactly one audio listener in the scene.
There are 2 audio listeners in the scene. Please ensure there is always exactly one audio listener in the scene.
There are 2 audio listeners in the scene. Please ensure there is always exactly one audio listener in the scene.
There are 2 audio listeners in the scene. Please ensure there is always exactly one audio listener in the scene.
There are 2 audio listeners in the scene. Please ensure there is always exactly one audio listener in the scene.
There are 2 audio listeners in the scene. Please ensure there is always exactly one audio listener in the scene.
There are 2 audio listeners in the scene. Please ensure there is always exactly one audio listener in the scene.
There are 2 audio listeners in the scene. Please ensure there is always exactly one audio listener in the scene.
There are 2 audio listeners in the scene. Please ensure there is always exactly one audio listener in the scene.
There are 2 audio listeners in the scene. Please ensure there is always exactly one audio listener in the scene.
There are 2 audio listeners in the scene. Please ensure there is always exactly one audio listener in the scene.
There are 2 audio listeners in the scene. Please ensure there is always exactly one audio listener in the scene.
There are 2 audio listeners in the scene. Please ensure there is always exactly one audio listener in the scene.
There are 2 audio listeners in the scene. Please ensure there is always exactly one audio listener in the scene.
There are 2 audio listeners in the scene. Please ensure there is always exactly one audio listener in the scene.
There are 2 audio listeners in the scene. Please ensure there is always exactly one audio listener in the scene.
There are 2 audio listeners in the scene. Please ensure there is always exactly one audio listener in the scene.
There are 2 audio listeners in the scene. Please ensure there is always exactly one audio listener in the scene.
There are 2 audio listeners in the scene. Please ensure there is always exactly one audio listener in the scene.
There are 2 audio listeners in the scene. Please ensure there is always exactly one audio listener in the scene.
There are 2 audio listeners in the scene. Please ensure there is always exactly one audio listener in the scene.
There are 2 audio listeners in the scene. Please ensure there is always exactly one audio listener in the scene.
There are 2 audio listeners in the scene. Please ensure there is always exactly one audio listener in the scene.
There are 2 audio listeners in the scene. Please ensure there is always exactly one audio listener in the scene.
There are 2 audio listeners in the scene. Please ensure there is always exactly one audio listener in the scene.
There are 2 audio listeners in the scene. Please ensure there is always exactly one audio listener in the scene.
There are 2 audio listeners in the scene. Please ensure there is always exactly one audio listener in the scene.
There are 2 audio listeners in the scene. Please ensure there is always exactly one audio listener in the scene.
There are 2 audio listeners in the scene. Please ensure there is always exactly one audio listener in the scene.
There are 2 audio listeners in the scene. Please ensure there is always exactly one audio listener in the scene.
There are 2 audio listeners in the scene. Please ensure there is always exactly one audio listener in the scene.
There are 2 audio listeners in the scene. Please ensure there is always exactly one audio listener in the scene.
There are 2 audio listeners in the scene. Please ensure there is always exactly one audio listener in the scene.
There are 2 audio listeners in the scene. Please ensure there is always exactly one audio listener in the scene.
There are 2 audio listeners in the scene. Please ensure there is always exactly one audio listener in the scene.
There are 2 audio listeners in the scene. Please ensure there is always exactly one audio listener in the scene.
There are 2 audio listeners in the scene. Please ensure there is always exactly one audio listener in the scene.
There are 2 audio listeners in the scene. Please ensure there is always exactly one audio listener in the scene.
There are 2 audio listeners in the scene. Please ensure there is always exactly one audio listener in the scene.
There are 2 audio listeners in the scene. Please ensure there is always exactly one audio listener in the scene.
There are 2 audio listeners in the scene. Please ensure there is always exactly one audio listener in the scene.
There are 2 audio listeners in the scene. Please ensure there is always exactly one audio listener in the scene.
There are 2 audio listeners in the scene. Please ensure there is always exactly one audio listener in the scene.
There are 2 audio listeners in the scene. Please ensure there is always exactly one audio listener in the scene.
There are 2 audio listeners in the scene. Please ensure there is always exactly one audio listener in the scene.
There are 2 audio listeners in the scene. Please ensure there is always exactly one audio listener in the scene.
There are 2 audio listeners in the scene. Please ensure there is always exactly one audio listener in the scene.
There are 2 audio listeners in the scene. Please ensure there is always exactly one audio listener in the scene.
There are 2 audio listeners in the scene. Please ensure there is always exactly one audio listener in the scene.
There are 2 audio listeners in the scene. Please ensure there is always exactly one audio listener in the scene.
There are 2 audio listeners in the scene. Please ensure there is always exactly one audio listener in the scene.
There are 2 audio listeners in the scene. Please ensure there is always exactly one audio listener in the scene.
There are 2 audio listeners in the scene. Please ensure there is always exactly one audio listener in the scene.
There are 2 audio listeners in the scene. Please ensure there is always exactly one audio listener in the scene.
There are 2 audio listeners in the scene. Please ensure there is always exactly one audio listener in the scene.
There are 2 audio listeners in the scene. Please ensure there is always exactly one audio listener in the scene.
There are 2 audio listeners in the scene. Please ensure there is always exactly one audio listener in the scene.
There are 2 audio listeners in the scene. Please ensure there is always exactly one audio listener in the scene.
There are 2 audio listeners in the scene. Please ensure there is always exactly one audio listener in the scene.
There are 2 audio listeners in the scene. Please ensure there is always exactly one audio listener in the scene.
There are 2 audio listeners in the scene. Please ensure there is always exactly one audio listener in the scene.
There are 2 audio listeners in the scene. Please ensure there is always exactly one audio listener in the scene.
There are 2 audio listeners in the scene. Please ensure there is always exactly one audio listener in the scene.
There are 2 audio listeners in the scene. Please ensure there is always exactly one audio listener in the scene.
There are 2 audio listeners in the scene. Please ensure there is always exactly one audio listener in the scene.
There are 2 audio listeners in the scene. Please ensure there is always exactly one audio listener in the scene.
There are 2 audio listeners in the scene. Please ensure there is always exactly one audio listener in the scene.
There are 2 audio listeners in the scene. Please ensure there is always exactly one audio listener in the scene.
There are 2 audio listeners in the scene. Please ensure there is always exactly one audio listener in the scene.
There are 2 audio listeners in the scene. Please ensure there is always exactly one audio listener in the scene.
There are 2 audio listeners in the scene. Please ensure there is always exactly one audio listener in the scene.
There are 2 audio listeners in the scene. Please ensure there is always exactly one audio listener in the scene.
There are 2 audio listeners in the scene. Please ensure there is always exactly one audio listener in the scene.
There are 2 audio listeners in the scene. Please ensure there is always exactly one audio listener in the scene.
There are 2 audio listeners in the scene. Please ensure there is always exactly one audio listener in the scene.
There are 2 audio listeners in the scene. Please ensure there is always exactly one audio listener in the scene.
There are 2 audio listeners in the scene. Please ensure there is always exactly one audio listener in the scene.
There are 2 audio listeners in the scene. Please ensure there is always exactly one audio listener in the scene.
There are 2 audio listeners in the scene. Please ensure there is always exactly one audio listener in the scene.
There are 2 audio listeners in the scene. Please ensure there is always exactly one audio listener in the scene.
There are 2 audio listeners in the scene. Please ensure there is always exactly one audio listener in the scene.
There are 2 audio listeners in the scene. Please ensure there is always exactly one audio listener in the scene.
There are 2 audio listeners in the scene. Please ensure there is always exactly one audio listener in the scene.
There are 2 audio listeners in the scene. Please ensure there is always exactly one audio listener in the scene.
There are 2 audio listeners in the scene. Please ensure there is always exactly one audio listener in the scene.
There are 2 audio listeners in the scene. Please ensure there is always exactly one audio listener in the scene.
There are 2 audio listeners in the scene. Please ensure there is always exactly one audio listener in the scene.
There are 2 audio listeners in the scene. Please ensure there is always exactly one audio listener in the scene.
There are 2 audio listeners in the scene. Please ensure there is always exactly one audio listener in the scene.
There are 2 audio listeners in the scene. Please ensure there is always exactly one audio listener in the scene.
There are 2 audio listeners in the scene. Please ensure there is always exactly one audio listener in the scene.
There are 2 audio listeners in the scene. Please ensure there is always exactly one audio listener in the scene.
There are 2 audio listeners in the scene. Please ensure there is always exactly one audio listener in the scene.
There are 2 audio listeners in the scene. Please ensure there is always exactly one audio listener in the scene.
There are 2 audio listeners in the scene. Please ensure there is always exactly one audio listener in the scene.
There are 2 audio listeners in the scene. Please ensure there is always exactly one audio listener in the scene.
There are 2 audio listeners in the scene. Please ensure there is always exactly one audio listener in the scene.
There are 2 audio listeners in the scene. Please ensure there is always exactly one audio listener in the scene.
There are 2 audio listeners in the scene. Please ensure there is always exactly one audio listener in the scene.
There are 2 audio listeners in the scene. Please ensure there is always exactly one audio listener in the scene.
There are 2 audio listeners in the scene. Please ensure there is always exactly one audio listener in the scene.
There are 2 audio listeners in the scene. Please ensure there is always exactly one audio listener in the scene.
There are 2 audio listeners in the scene. Please ensure there is always exactly one audio listener in the scene.
There are 2 audio listeners in the scene. Please ensure there is always exactly one audio listener in the scene.
There are 2 audio listeners in the scene. Please ensure there is always exactly one audio listener in the scene.
There are 2 audio listeners in the scene. Please ensure there is always exactly one audio listener in the scene.
There are 2 audio listeners in the scene. Please ensure there is always exactly one audio listener in the scene.
There are 2 audio listeners in the scene. Please ensure there is always exactly one audio listener in the scene.
There are 2 audio listeners in the scene. Please ensure there is always exactly one audio listener in the scene.
There are 2 audio listeners in the scene. Please ensure there is always exactly one audio listener in the scene.
There are 2 audio listeners in the scene. Please ensure there is always exactly one audio listener in the scene.
There are 2 audio listeners in the scene. Please ensure there is always exactly one audio listener in the scene.
There are 2 audio listeners in the scene. Please ensure there is always exactly one audio listener in the scene.
There are 2 audio listeners in the scene. Please ensure there is always exactly one audio listener in the scene.
There are 2 audio listeners in the scene. Please ensure there is always exactly one audio listener in the scene.
There are 2 audio listeners in the scene. Please ensure there is always exactly one audio listener in the scene.
There are 2 audio listeners in the scene. Please ensure there is always exactly one audio listener in the scene.
There are 2 audio listeners in the scene. Please ensure there is always exactly one audio listener in the scene.
There are 2 audio listeners in the scene. Please ensure there is always exactly one audio listener in the scene.
There are 2 audio listeners in the scene. Please ensure there is always exactly one audio listener in the scene.
There are 2 audio listeners in the scene. Please ensure there is always exactly one audio listener in the scene.
There are 2 audio listeners in the scene. Please ensure there is always exactly one audio listener in the scene.
There are 2 audio listeners in the scene. Please ensure there is always exactly one audio listener in the scene.
There are 2 audio listeners in the scene. Please ensure there is always exactly one audio listener in the scene.
There are 2 audio listeners in the scene. Please ensure there is always exactly one audio listener in the scene.
There are 2 audio listeners in the scene. Please ensure there is always exactly one audio listener in the scene.
There are 2 audio listeners in the scene. Please ensure there is always exactly one audio listener in the scene.
There are 2 audio listeners in the scene. Please ensure there is always exactly one audio listener in the scene.
There are 2 audio listeners in the scene. Please ensure there is always exactly one audio listener in the scene.
There are 2 audio listeners in the scene. Please ensure there is always exactly one audio listener in the scene.
There are 2 audio listeners in the scene. Please ensure there is always exactly one audio listener in the scene.
There are 2 audio listeners in the scene. Please ensure there is always exactly one audio listener in the scene.
There are 2 audio listeners in the scene. Please ensure there is always exactly one audio listener in the scene.
There are 2 audio listeners in the scene. Please ensure there is always exactly one audio listener in the scene.
There are 2 audio listeners in the scene. Please ensure there is always exactly one audio listener in the scene.
There are 2 audio listeners in the scene. Please ensure there is always exactly one audio listener in the scene.
There are 2 audio listeners in the scene. Please ensure there is always exactly one audio listener in the scene.
There are 2 audio listeners in the scene. Please ensure there is always exactly one audio listener in the scene.
There are 2 audio listeners in the scene. Please ensure there is always exactly one audio listener in the scene.
There are 2 audio listeners in the scene. Please ensure there is always exactly one audio listener in the scene.
There are 2 audio listeners in the scene. Please ensure there is always exactly one audio listener in the scene.
There are 2 audio listeners in the scene. Please ensure there is always exactly one audio listener in the scene.
There are 2 audio listeners in the scene. Please ensure there is always exactly one audio listener in the scene.
There are 2 audio listeners in the scene. Please ensure there is always exactly one audio listener in the scene.
There are 2 audio listeners in the scene. Please ensure there is always exactly one audio listener in the scene.
There are 2 audio listeners in the scene. Please ensure there is always exactly one audio listener in the scene.
There are 2 audio listeners in the scene. Please ensure there is always exactly one audio listener in the scene.
There are 2 audio listeners in the scene. Please ensure there is always exactly one audio listener in the scene.
There are 2 audio listeners in the scene. Please ensure there is always exactly one audio listener in the scene.
There are 2 audio listeners in the scene. Please ensure there is always exactly one audio listener in the scene.
There are 2 audio listeners in the scene. Please ensure there is always exactly one audio listener in the scene.
There are 2 audio listeners in the scene. Please ensure there is always exactly one audio listener in the scene.
There are 2 audio listeners in the scene. Please ensure there is always exactly one audio listener in the scene.
There are 2 audio listeners in the scene. Please ensure there is always exactly one audio listener in the scene.
There are 2 audio listeners in the scene. Please ensure there is always exactly one audio listener in the scene.
There are 2 audio listeners in the scene. Please ensure there is always exactly one audio listener in the scene.
There are 2 audio listeners in the scene. Please ensure there is always exactly one audio listener in the scene.
There are 2 audio listeners in the scene. Please ensure there is always exactly one audio listener in the scene.
There are 2 audio listeners in the scene. Please ensure there is always exactly one audio listener in the scene.
There are 2 audio listeners in the scene. Please ensure there is always exactly one audio listener in the scene.
There are 2 audio listeners in the scene. Please ensure there is always exactly one audio listener in the scene.
There are 2 audio listeners in the scene. Please ensure there is always exactly one audio listener in the scene.
There are 2 audio listeners in the scene. Please ensure there is always exactly one audio listener in the scene.
There are 2 audio listeners in the scene. Please ensure there is always exactly one audio listener in the scene.
There are 2 audio listeners in the scene. Please ensure there is always exactly one audio listener in the scene.
There are 2 audio listeners in the scene. Please ensure there is always exactly one audio listener in the scene.
There are 2 audio listeners in the scene. Please ensure there is always exactly one audio listener in the scene.
There are 2 audio listeners in the scene. Please ensure there is always exactly one audio listener in the scene.
There are 2 audio listeners in the scene. Please ensure there is always exactly one audio listener in the scene.
There are 2 audio listeners in the scene. Please ensure there is always exactly one audio listener in the scene.
There are 2 audio listeners in the scene. Please ensure there is always exactly one audio listener in the scene.
There are 2 audio listeners in the scene. Please ensure there is always exactly one audio listener in the scene.
There are 2 audio listeners in the scene. Please ensure there is always exactly one audio listener in the scene.
There are 2 audio listeners in the scene. Please ensure there is always exactly one audio listener in the scene.
There are 2 audio listeners in the scene. Please ensure there is always exactly one audio listener in the scene.
There are 2 audio listeners in the scene. Please ensure there is always exactly one audio listener in the scene.
There are 2 audio listeners in the scene. Please ensure there is always exactly one audio listener in the scene.
There are 2 audio listeners in the scene. Please ensure there is always exactly one audio listener in the scene.
There are 2 audio listeners in the scene. Please ensure there is always exactly one audio listener in the scene.
There are 2 audio listeners in the scene. Please ensure there is always exactly one audio listener in the scene.
There are 2 audio listeners in the scene. Please ensure there is always exactly one audio listener in the scene.
There are 2 audio listeners in the scene. Please ensure there is always exactly one audio listener in the scene.
There are 2 audio listeners in the scene. Please ensure there is always exactly one audio listener in the scene.
There are 2 audio listeners in the scene. Please ensure there is always exactly one audio listener in the scene.
There are 2 audio listeners in the scene. Please ensure there is always exactly one audio listener in the scene.
There are 2 audio listeners in the scene. Please ensure there is always exactly one audio listener in the scene.
There are 2 audio listeners in the scene. Please ensure there is always exactly one audio listener in the scene.
There are 2 audio listeners in the scene. Please ensure there is always exactly one audio listener in the scene.
There are 2 audio listeners in the scene. Please ensure there is always exactly one audio listener in the scene.
There are 2 audio listeners in the scene. Please ensure there is always exactly one audio listener in the scene.
There are 2 audio listeners in the scene. Please ensure there is always exactly one audio listener in the scene.
There are 2 audio listeners in the scene. Please ensure there is always exactly one audio listener in the scene.
There are 2 audio listeners in the scene. Please ensure there is always exactly one audio listener in the scene.
There are 2 audio listeners in the scene. Please ensure there is always exactly one audio listener in the scene.
There are 2 audio listeners in the scene. Please ensure there is always exactly one audio listener in the scene.
There are 2 audio listeners in the scene. Please ensure there is always exactly one audio listener in the scene.
There are 2 audio listeners in the scene. Please ensure there is always exactly one audio listener in the scene.
There are 2 audio listeners in the scene. Please ensure there is always exactly one audio listener in the scene.
There are 2 audio listeners in the scene. Please ensure there is always exactly one audio listener in the scene.
There are 2 audio listeners in the scene. Please ensure there is always exactly one audio listener in the scene.
There are 2 audio listeners in the scene. Please ensure there is always exactly one audio listener in the scene.
There are 2 audio listeners in the scene. Please ensure there is always exactly one audio listener in the scene.
There are 2 audio listeners in the scene. Please ensure there is always exactly one audio listener in the scene.
There are 2 audio listeners in the scene. Please ensure there is always exactly one audio listener in the scene.
There are 2 audio listeners in the scene. Please ensure there is always exactly one audio listener in the scene.
There are 2 audio listeners in the scene. Please ensure there is always exactly one audio listener in the scene.
There are 2 audio listeners in the scene. Please ensure there is always exactly one audio listener in the scene.
There are 2 audio listeners in the scene. Please ensure there is always exactly one audio listener in the scene.
There are 2 audio listeners in the scene. Please ensure there is always exactly one audio listener in the scene.
There are 2 audio listeners in the scene. Please ensure there is always exactly one audio listener in the scene.
There are 2 audio listeners in the scene. Please ensure there is always exactly one audio listener in the scene.
There are 2 audio listeners in the scene. Please ensure there is always exactly one audio listener in the scene.
There are 2 audio listeners in the scene. Please ensure there is always exactly one audio listener in the scene.
There are 2 audio listeners in the scene. Please ensure there is always exactly one audio listener in the scene.
There are 2 audio listeners in the scene. Please ensure there is always exactly one audio listener in the scene.
There are 2 audio listeners in the scene. Please ensure there is always exactly one audio listener in the scene.
There are 2 audio listeners in the scene. Please ensure there is always exactly one audio listener in the scene.
There are 2 audio listeners in the scene. Please ensure there is always exactly one audio listener in the scene.
There are 2 audio listeners in the scene. Please ensure there is always exactly one audio listener in the scene.
There are 2 audio listeners in the scene. Please ensure there is always exactly one audio listener in the scene.
There are 2 audio listeners in the scene. Please ensure there is always exactly one audio listener in the scene.
There are 2 audio listeners in the scene. Please ensure there is always exactly one audio listener in the scene.
There are 2 audio listeners in the scene. Please ensure there is always exactly one audio listener in the scene.
There are 2 audio listeners in the scene. Please ensure there is always exactly one audio listener in the scene.
There are 2 audio listeners in the scene. Please ensure there is always exactly one audio listener in the scene.
There are 2 audio listeners in the scene. Please ensure there is always exactly one audio listener in the scene.
There are 2 audio listeners in the scene. Please ensure there is always exactly one audio listener in the scene.
There are 2 audio listeners in the scene. Please ensure there is always exactly one audio listener in the scene.
There are 2 audio listeners in the scene. Please ensure there is always exactly one audio listener in the scene.
There are 2 audio listeners in the scene. Please ensure there is always exactly one audio listener in the scene.
There are 2 audio listeners in the scene. Please ensure there is always exactly one audio listener in the scene.
There are 2 audio listeners in the scene. Please ensure there is always exactly one audio listener in the scene.
There are 2 audio listeners in the scene. Please ensure there is always exactly one audio listener in the scene.
There are 2 audio listeners in the scene. Please ensure there is always exactly one audio listener in the scene.
There are 2 audio listeners in the scene. Please ensure there is always exactly one audio listener in the scene.
There are 2 audio listeners in the scene. Please ensure there is always exactly one audio listener in the scene.
There are 2 audio listeners in the scene. Please ensure there is always exactly one audio listener in the scene.
There are 2 audio listeners in the scene. Please ensure there is always exactly one audio listener in the scene.
There are 2 audio listeners in the scene. Please ensure there is always exactly one audio listener in the scene.
There are 2 audio listeners in the scene. Please ensure there is always exactly one audio listener in the scene.
There are 2 audio listeners in the scene. Please ensure there is always exactly one audio listener in the scene.
There are 2 audio listeners in the scene. Please ensure there is always exactly one audio listener in the scene.
There are 2 audio listeners in the scene. Please ensure there is always exactly one audio listener in the scene.
There are 2 audio listeners in the scene. Please ensure there is always exactly one audio listener in the scene.
There are 2 audio listeners in the scene. Please ensure there is always exactly one audio listener in the scene.
There are 2 audio listeners in the scene. Please ensure there is always exactly one audio listener in the scene.
There are 2 audio listeners in the scene. Please ensure there is always exactly one audio listener in the scene.
There are 2 audio listeners in the scene. Please ensure there is always exactly one audio listener in the scene.
There are 2 audio listeners in the scene. Please ensure there is always exactly one audio listener in the scene.
There are 2 audio listeners in the scene. Please ensure there is always exactly one audio listener in the scene.
There are 2 audio listeners in the scene. Please ensure there is always exactly one audio listener in the scene.
There are 2 audio listeners in the scene. Please ensure there is always exactly one audio listener in the scene.
There are 2 audio listeners in the scene. Please ensure there is always exactly one audio listener in the scene.
There are 2 audio listeners in the scene. Please ensure there is always exactly one audio listener in the scene.
There are 2 audio listeners in the scene. Please ensure there is always exactly one audio listener in the scene.
There are 2 audio listeners in the scene. Please ensure there is always exactly one audio listener in the scene.
There are 2 audio listeners in the scene. Please ensure there is always exactly one audio listener in the scene.
There are 2 audio listeners in the scene. Please ensure there is always exactly one audio listener in the scene.
There are 2 audio listeners in the scene. Please ensure there is always exactly one audio listener in the scene.
There are 2 audio listeners in the scene. Please ensure there is always exactly one audio listener in the scene.
There are 2 audio listeners in the scene. Please ensure there is always exactly one audio listener in the scene.
There are 2 audio listeners in the scene. Please ensure there is always exactly one audio listener in the scene.
There are 2 audio listeners in the scene. Please ensure there is always exactly one audio listener in the scene.
There are 2 audio listeners in the scene. Please ensure there is always exactly one audio listener in the scene.
There are 2 audio listeners in the scene. Please ensure there is always exactly one audio listener in the scene.
There are 2 audio listeners in the scene. Please ensure there is always exactly one audio listener in the scene.
There are 2 audio listeners in the scene. Please ensure there is always exactly one audio listener in the scene.
There are 2 audio listeners in the scene. Please ensure there is always exactly one audio listener in the scene.
There are 2 audio listeners in the scene. Please ensure there is always exactly one audio listener in the scene.
There are 2 audio listeners in the scene. Please ensure there is always exactly one audio listener in the scene.
There are 2 audio listeners in the scene. Please ensure there is always exactly one audio listener in the scene.
There are 2 audio listeners in the scene. Please ensure there is always exactly one audio listener in the scene.
There are 2 audio listeners in the scene. Please ensure there is always exactly one audio listener in the scene.
There are 2 audio listeners in the scene. Please ensure there is always exactly one audio listener in the scene.
There are 2 audio listeners in the scene. Please ensure there is always exactly one audio listener in the scene.
There are 2 audio listeners in the scene. Please ensure there is always exactly one audio listener in the scene.
There are 2 audio listeners in the scene. Please ensure there is always exactly one audio listener in the scene.
There are 2 audio listeners in the scene. Please ensure there is always exactly one audio listener in the scene.
There are 2 audio listeners in the scene. Please ensure there is always exactly one audio listener in the scene.
There are 2 audio listeners in the scene. Please ensure there is always exactly one audio listener in the scene.
There are 2 audio listeners in the scene. Please ensure there is always exactly one audio listener in the scene.
There are 2 audio listeners in the scene. Please ensure there is always exactly one audio listener in the scene.
There are 2 audio listeners in the scene. Please ensure there is always exactly one audio listener in the scene.
There are 2 audio listeners in the scene. Please ensure there is always exactly one audio listener in the scene.
There are 2 audio listeners in the scene. Please ensure there is always exactly one audio listener in the scene.
There are 2 audio listeners in the scene. Please ensure there is always exactly one audio listener in the scene.
There are 2 audio listeners in the scene. Please ensure there is always exactly one audio listener in the scene.
There are 2 audio listeners in the scene. Please ensure there is always exactly one audio listener in the scene.
There are 2 audio listeners in the scene. Please ensure there is always exactly one audio listener in the scene.
There are 2 audio listeners in the scene. Please ensure there is always exactly one audio listener in the scene.
There are 2 audio listeners in the scene. Please ensure there is always exactly one audio listener in the scene.
There are 2 audio listeners in the scene. Please ensure there is always exactly one audio listener in the scene.
There are 2 audio listeners in the scene. Please ensure there is always exactly one audio listener in the scene.
There are 2 audio listeners in the scene. Please ensure there is always exactly one audio listener in the scene.
There are 2 audio listeners in the scene. Please ensure there is always exactly one audio listener in the scene.
There are 2 audio listeners in the scene. Please ensure there is always exactly one audio listener in the scene.
There are 2 audio listeners in the scene. Please ensure there is always exactly one audio listener in the scene.
There are 2 audio listeners in the scene. Please ensure there is always exactly one audio listener in the scene.
There are 2 audio listeners in the scene. Please ensure there is always exactly one audio listener in the scene.
There are 2 audio listeners in the scene. Please ensure there is always exactly one audio listener in the scene.
There are 2 audio listeners in the scene. Please ensure there is always exactly one audio listener in the scene.
There are 2 audio listeners in the scene. Please ensure there is always exactly one audio listener in the scene.
There are 2 audio listeners in the scene. Please ensure there is always exactly one audio listener in the scene.
There are 2 audio listeners in the scene. Please ensure there is always exactly one audio listener in the scene.
There are 2 audio listeners in the scene. Please ensure there is always exactly one audio listener in the scene.
There are 2 audio listeners in the scene. Please ensure there is always exactly one audio listener in the scene.
There are 2 audio listeners in the scene. Please ensure there is always exactly one audio listener in the scene.
There are 2 audio listeners in the scene. Please ensure there is always exactly one audio listener in the scene.
There are 2 audio listeners in the scene. Please ensure there is always exactly one audio listener in the scene.
There are 2 audio listeners in the scene. Please ensure there is always exactly one audio listener in the scene.
There are 2 audio listeners in the scene. Please ensure there is always exactly one audio listener in the scene.
There are 2 audio listeners in the scene. Please ensure there is always exactly one audio listener in the scene.
There are 2 audio listeners in the scene. Please ensure there is always exactly one audio listener in the scene.
There are 2 audio listeners in the scene. Please ensure there is always exactly one audio listener in the scene.
There are 2 audio listeners in the scene. Please ensure there is always exactly one audio listener in the scene.
There are 2 audio listeners in the scene. Please ensure there is always exactly one audio listener in the scene.
There are 2 audio listeners in the scene. Please ensure there is always exactly one audio listener in the scene.
There are 2 audio listeners in the scene. Please ensure there is always exactly one audio listener in the scene.
There are 2 audio listeners in the scene. Please ensure there is always exactly one audio listener in the scene.
There are 2 audio listeners in the scene. Please ensure there is always exactly one audio listener in the scene.
There are 2 audio listeners in the scene. Please ensure there is always exactly one audio listener in the scene.
There are 2 audio listeners in the scene. Please ensure there is always exactly one audio listener in the scene.
There are 2 audio listeners in the scene. Please ensure there is always exactly one audio listener in the scene.
There are 2 audio listeners in the scene. Please ensure there is always exactly one audio listener in the scene.
There are 2 audio listeners in the scene. Please ensure there is always exactly one audio listener in the scene.
There are 2 audio listeners in the scene. Please ensure there is always exactly one audio listener in the scene.
There are 2 audio listeners in the scene. Please ensure there is always exactly one audio listener in the scene.
There are 2 audio listeners in the scene. Please ensure there is always exactly one audio listener in the scene.
There are 2 audio listeners in the scene. Please ensure there is always exactly one audio listener in the scene.
There are 2 audio listeners in the scene. Please ensure there is always exactly one audio listener in the scene.
There are 2 audio listeners in the scene. Please ensure there is always exactly one audio listener in the scene.
There are 2 audio listeners in the scene. Please ensure there is always exactly one audio listener in the scene.
There are 2 audio listeners in the scene. Please ensure there is always exactly one audio listener in the scene.
There are 2 audio listeners in the scene. Please ensure there is always exactly one audio listener in the scene.
There are 2 audio listeners in the scene. Please ensure there is always exactly one audio listener in the scene.
There are 2 audio listeners in the scene. Please ensure there is always exactly one audio listener in the scene.
There are 2 audio listeners in the scene. Please ensure there is always exactly one audio listener in the scene.
There are 2 audio listeners in the scene. Please ensure there is always exactly one audio listener in the scene.
There are 2 audio listeners in the scene. Please ensure there is always exactly one audio listener in the scene.
There are 2 audio listeners in the scene. Please ensure there is always exactly one audio listener in the scene.
There are 2 audio listeners in the scene. Please ensure there is always exactly one audio listener in the scene.
There are 2 audio listeners in the scene. Please ensure there is always exactly one audio listener in the scene.
There are 2 audio listeners in the scene. Please ensure there is always exactly one audio listener in the scene.
There are 2 audio listeners in the scene. Please ensure there is always exactly one audio listener in the scene.
There are 2 audio listeners in the scene. Please ensure there is always exactly one audio listener in the scene.
There are 2 audio listeners in the scene. Please ensure there is always exactly one audio listener in the scene.
There are 2 audio listeners in the scene. Please ensure there is always exactly one audio listener in the scene.
There are 2 audio listeners in the scene. Please ensure there is always exactly one audio listener in the scene.
There are 2 audio listeners in the scene. Please ensure there is always exactly one audio listener in the scene.
There are 2 audio listeners in the scene. Please ensure there is always exactly one audio listener in the scene.
There are 2 audio listeners in the scene. Please ensure there is always exactly one audio listener in the scene.
There are 2 audio listeners in the scene. Please ensure there is always exactly one audio listener in the scene.
There are 2 audio listeners in the scene. Please ensure there is always exactly one audio listener in the scene.
There are 2 audio listeners in the scene. Please ensure there is always exactly one audio listener in the scene.
There are 2 audio listeners in the scene. Please ensure there is always exactly one audio listener in the scene.
There are 2 audio listeners in the scene. Please ensure there is always exactly one audio listener in the scene.
There are 2 audio listeners in the scene. Please ensure there is always exactly one audio listener in the scene.
There are 2 audio listeners in the scene. Please ensure there is always exactly one audio listener in the scene.
There are 2 audio listeners in the scene. Please ensure there is always exactly one audio listener in the scene.
There are 2 audio listeners in the scene. Please ensure there is always exactly one audio listener in the scene.
There are 2 audio listeners in the scene. Please ensure there is always exactly one audio listener in the scene.
There are 2 audio listeners in the scene. Please ensure there is always exactly one audio listener in the scene.
There are 2 audio listeners in the scene. Please ensure there is always exactly one audio listener in the scene.
There are 2 audio listeners in the scene. Please ensure there is always exactly one audio listener in the scene.
There are 2 audio listeners in the scene. Please ensure there is always exactly one audio listener in the scene.
There are 2 audio listeners in the scene. Please ensure there is always exactly one audio listener in the scene.
There are 2 audio listeners in the scene. Please ensure there is always exactly one audio listener in the scene.
There are 2 audio listeners in the scene. Please ensure there is always exactly one audio listener in the scene.
There are 2 audio listeners in the scene. Please ensure there is always exactly one audio listener in the scene.
There are 2 audio listeners in the scene. Please ensure there is always exactly one audio listener in the scene.
There are 2 audio listeners in the scene. Please ensure there is always exactly one audio listener in the scene.
There are 2 audio listeners in the scene. Please ensure there is always exactly one audio listener in the scene.
There are 2 audio listeners in the scene. Please ensure there is always exactly one audio listener in the scene.
There are 2 audio listeners in the scene. Please ensure there is always exactly one audio listener in the scene.
There are 2 audio listeners in the scene. Please ensure there is always exactly one audio listener in the scene.
There are 2 audio listeners in the scene. Please ensure there is always exactly one audio listener in the scene.
There are 2 audio listeners in the scene. Please ensure there is always exactly one audio listener in the scene.
There are 2 audio listeners in the scene. Please ensure there is always exactly one audio listener in the scene.
There are 2 audio listeners in the scene. Please ensure there is always exactly one audio listener in the scene.
There are 2 audio listeners in the scene. Please ensure there is always exactly one audio listener in the scene.
There are 2 audio listeners in the scene. Please ensure there is always exactly one audio listener in the scene.
There are 2 audio listeners in the scene. Please ensure there is always exactly one audio listener in the scene.
There are 2 audio listeners in the scene. Please ensure there is always exactly one audio listener in the scene.
There are 2 audio listeners in the scene. Please ensure there is always exactly one audio listener in the scene.
There are 2 audio listeners in the scene. Please ensure there is always exactly one audio listener in the scene.
There are 2 audio listeners in the scene. Please ensure there is always exactly one audio listener in the scene.
There are 2 audio listeners in the scene. Please ensure there is always exactly one audio listener in the scene.
There are 2 audio listeners in the scene. Please ensure there is always exactly one audio listener in the scene.
There are 2 audio listeners in the scene. Please ensure there is always exactly one audio listener in the scene.
There are 2 audio listeners in the scene. Please ensure there is always exactly one audio listener in the scene.
There are 2 audio listeners in the scene. Please ensure there is always exactly one audio listener in the scene.
There are 2 audio listeners in the scene. Please ensure there is always exactly one audio listener in the scene.
There are 2 audio listeners in the scene. Please ensure there is always exactly one audio listener in the scene.
There are 2 audio listeners in the scene. Please ensure there is always exactly one audio listener in the scene.
There are 2 audio listeners in the scene. Please ensure there is always exactly one audio listener in the scene.
There are 2 audio listeners in the scene. Please ensure there is always exactly one audio listener in the scene.
There are 2 audio listeners in the scene. Please ensure there is always exactly one audio listener in the scene.
There are 2 audio listeners in the scene. Please ensure there is always exactly one audio listener in the scene.
There are 2 audio listeners in the scene. Please ensure there is always exactly one audio listener in the scene.
There are 2 audio listeners in the scene. Please ensure there is always exactly one audio listener in the scene.
There are 2 audio listeners in the scene. Please ensure there is always exactly one audio listener in the scene.
There are 2 audio listeners in the scene. Please ensure there is always exactly one audio listener in the scene.
There are 2 audio listeners in the scene. Please ensure there is always exactly one audio listener in the scene.
There are 2 audio listeners in the scene. Please ensure there is always exactly one audio listener in the scene.
There are 2 audio listeners in the scene. Please ensure there is always exactly one audio listener in the scene.
There are 2 audio listeners in the scene. Please ensure there is always exactly one audio listener in the scene.
There are 2 audio listeners in the scene. Please ensure there is always exactly one audio listener in the scene.
There are 2 audio listeners in the scene. Please ensure there is always exactly one audio listener in the scene.
There are 2 audio listeners in the scene. Please ensure there is always exactly one audio listener in the scene.
There are 2 audio listeners in the scene. Please ensure there is always exactly one audio listener in the scene.
There are 2 audio listeners in the scene. Please ensure there is always exactly one audio listener in the scene.
There are 2 audio listeners in the scene. Please ensure there is always exactly one audio listener in the scene.
There are 2 audio listeners in the scene. Please ensure there is always exactly one audio listener in the scene.
There are 2 audio listeners in the scene. Please ensure there is always exactly one audio listener in the scene.
There are 2 audio listeners in the scene. Please ensure there is always exactly one audio listener in the scene.
There are 2 audio listeners in the scene. Please ensure there is always exactly one audio listener in the scene.
There are 2 audio listeners in the scene. Please ensure there is always exactly one audio listener in the scene.
There are 2 audio listeners in the scene. Please ensure there is always exactly one audio listener in the scene.
There are 2 audio listeners in the scene. Please ensure there is always exactly one audio listener in the scene.
There are 2 audio listeners in the scene. Please ensure there is always exactly one audio listener in the scene.
There are 2 audio listeners in the scene. Please ensure there is always exactly one audio listener in the scene.
There are 2 audio listeners in the scene. Please ensure there is always exactly one audio listener in the scene.
There are 2 audio listeners in the scene. Please ensure there is always exactly one audio listener in the scene.
There are 2 audio listeners in the scene. Please ensure there is always exactly one audio listener in the scene.
There are 2 audio listeners in the scene. Please ensure there is always exactly one audio listener in the scene.
There are 2 audio listeners in the scene. Please ensure there is always exactly one audio listener in the scene.
There are 2 audio listeners in the scene. Please ensure there is always exactly one audio listener in the scene.
There are 2 audio listeners in the scene. Please ensure there is always exactly one audio listener in the scene.
There are 2 audio listeners in the scene. Please ensure there is always exactly one audio listener in the scene.
There are 2 audio listeners in the scene. Please ensure there is always exactly one audio listener in the scene.
There are 2 audio listeners in the scene. Please ensure there is always exactly one audio listener in the scene.
There are 2 audio listeners in the scene. Please ensure there is always exactly one audio listener in the scene.
There are 2 audio listeners in the scene. Please ensure there is always exactly one audio listener in the scene.
There are 2 audio listeners in the scene. Please ensure there is always exactly one audio listener in the scene.
There are 2 audio listeners in the scene. Please ensure there is always exactly one audio listener in the scene.
There are 2 audio listeners in the scene. Please ensure there is always exactly one audio listener in the scene.
There are 2 audio listeners in the scene. Please ensure there is always exactly one audio listener in the scene.
There are 2 audio listeners in the scene. Please ensure there is always exactly one audio listener in the scene.
There are 2 audio listeners in the scene. Please ensure there is always exactly one audio listener in the scene.
There are 2 audio listeners in the scene. Please ensure there is always exactly one audio listener in the scene.
There are 2 audio listeners in the scene. Please ensure there is always exactly one audio listener in the scene.
There are 2 audio listeners in the scene. Please ensure there is always exactly one audio listener in the scene.
There are 2 audio listeners in the scene. Please ensure there is always exactly one audio listener in the scene.
There are 2 audio listeners in the scene. Please ensure there is always exactly one audio listener in the scene.
There are 2 audio listeners in the scene. Please ensure there is always exactly one audio listener in the scene.
There are 2 audio listeners in the scene. Please ensure there is always exactly one audio listener in the scene.
There are 2 audio listeners in the scene. Please ensure there is always exactly one audio listener in the scene.
There are 2 audio listeners in the scene. Please ensure there is always exactly one audio listener in the scene.
There are 2 audio listeners in the scene. Please ensure there is always exactly one audio listener in the scene.
There are 2 audio listeners in the scene. Please ensure there is always exactly one audio listener in the scene.
There are 2 audio listeners in the scene. Please ensure there is always exactly one audio listener in the scene.
There are 2 audio listeners in the scene. Please ensure there is always exactly one audio listener in the scene.
There are 2 audio listeners in the scene. Please ensure there is always exactly one audio listener in the scene.
There are 2 audio listeners in the scene. Please ensure there is always exactly one audio listener in the scene.
There are 2 audio listeners in the scene. Please ensure there is always exactly one audio listener in the scene.
There are 2 audio listeners in the scene. Please ensure there is always exactly one audio listener in the scene.
There are 2 audio listeners in the scene. Please ensure there is always exactly one audio listener in the scene.
There are 2 audio listeners in the scene. Please ensure there is always exactly one audio listener in the scene.
There are 2 audio listeners in the scene. Please ensure there is always exactly one audio listener in the scene.
There are 2 audio listeners in the scene. Please ensure there is always exactly one audio listener in the scene.
There are 2 audio listeners in the scene. Please ensure there is always exactly one audio listener in the scene.
There are 2 audio listeners in the scene. Please ensure there is always exactly one audio listener in the scene.
There are 2 audio listeners in the scene. Please ensure there is always exactly one audio listener in the scene.
There are 2 audio listeners in the scene. Please ensure there is always exactly one audio listener in the scene.
There are 2 audio listeners in the scene. Please ensure there is always exactly one audio listener in the scene.
There are 2 audio listeners in the scene. Please ensure there is always exactly one audio listener in the scene.
There are 2 audio listeners in the scene. Please ensure there is always exactly one audio listener in the scene.
There are 2 audio listeners in the scene. Please ensure there is always exactly one audio listener in the scene.
There are 2 audio listeners in the scene. Please ensure there is always exactly one audio listener in the scene.
There are 2 audio listeners in the scene. Please ensure there is always exactly one audio listener in the scene.
There are 2 audio listeners in the scene. Please ensure there is always exactly one audio listener in the scene.
There are 2 audio listeners in the scene. Please ensure there is always exactly one audio listener in the scene.
There are 2 audio listeners in the scene. Please ensure there is always exactly one audio listener in the scene.
There are 2 audio listeners in the scene. Please ensure there is always exactly one audio listener in the scene.
There are 2 audio listeners in the scene. Please ensure there is always exactly one audio listener in the scene.
There are 2 audio listeners in the scene. Please ensure there is always exactly one audio listener in the scene.
There are 2 audio listeners in the scene. Please ensure there is always exactly one audio listener in the scene.
There are 2 audio listeners in the scene. Please ensure there is always exactly one audio listener in the scene.
There are 2 audio listeners in the scene. Please ensure there is always exactly one audio listener in the scene.
There are 2 audio listeners in the scene. Please ensure there is always exactly one audio listener in the scene.
There are 2 audio listeners in the scene. Please ensure there is always exactly one audio listener in the scene.
There are 2 audio listeners in the scene. Please ensure there is always exactly one audio listener in the scene.
There are 2 audio listeners in the scene. Please ensure there is always exactly one audio listener in the scene.
There are 2 audio listeners in the scene. Please ensure there is always exactly one audio listener in the scene.
There are 2 audio listeners in the scene. Please ensure there is always exactly one audio listener in the scene.
There are 2 audio listeners in the scene. Please ensure there is always exactly one audio listener in the scene.
There are 2 audio listeners in the scene. Please ensure there is always exactly one audio listener in the scene.
There are 2 audio listeners in the scene. Please ensure there is always exactly one audio listener in the scene.
There are 2 audio listeners in the scene. Please ensure there is always exactly one audio listener in the scene.
There are 2 audio listeners in the scene. Please ensure there is always exactly one audio listener in the scene.
There are 2 audio listeners in the scene. Please ensure there is always exactly one audio listener in the scene.
There are 2 audio listeners in the scene. Please ensure there is always exactly one audio listener in the scene.
There are 2 audio listeners in the scene. Please ensure there is always exactly one audio listener in the scene.
There are 2 audio listeners in the scene. Please ensure there is always exactly one audio listener in the scene.
There are 2 audio listeners in the scene. Please ensure there is always exactly one audio listener in the scene.
There are 2 audio listeners in the scene. Please ensure there is always exactly one audio listener in the scene.
There are 2 audio listeners in the scene. Please ensure there is always exactly one audio listener in the scene.
There are 2 audio listeners in the scene. Please ensure there is always exactly one audio listener in the scene.
There are 2 audio listeners in the scene. Please ensure there is always exactly one audio listener in the scene.
There are 2 audio listeners in the scene. Please ensure there is always exactly one audio listener in the scene.
There are 2 audio listeners in the scene. Please ensure there is always exactly one audio listener in the scene.
There are 2 audio listeners in the scene. Please ensure there is always exactly one audio listener in the scene.
There are 2 audio listeners in the scene. Please ensure there is always exactly one audio listener in the scene.
There are 2 audio listeners in the scene. Please ensure there is always exactly one audio listener in the scene.
There are 2 audio listeners in the scene. Please ensure there is always exactly one audio listener in the scene.
There are 2 audio listeners in the scene. Please ensure there is always exactly one audio listener in the scene.
There are 2 audio listeners in the scene. Please ensure there is always exactly one audio listener in the scene.
There are 2 audio listeners in the scene. Please ensure there is always exactly one audio listener in the scene.
There are 2 audio listeners in the scene. Please ensure there is always exactly one audio listener in the scene.
There are 2 audio listeners in the scene. Please ensure there is always exactly one audio listener in the scene.
There are 2 audio listeners in the scene. Please ensure there is always exactly one audio listener in the scene.
There are 2 audio listeners in the scene. Please ensure there is always exactly one audio listener in the scene.
There are 2 audio listeners in the scene. Please ensure there is always exactly one audio listener in the scene.
There are 2 audio listeners in the scene. Please ensure there is always exactly one audio listener in the scene.
There are 2 audio listeners in the scene. Please ensure there is always exactly one audio listener in the scene.
There are 2 audio listeners in the scene. Please ensure there is always exactly one audio listener in the scene.
There are 2 audio listeners in the scene. Please ensure there is always exactly one audio listener in the scene.
There are 2 audio listeners in the scene. Please ensure there is always exactly one audio listener in the scene.
There are 2 audio listeners in the scene. Please ensure there is always exactly one audio listener in the scene.
There are 2 audio listeners in the scene. Please ensure there is always exactly one audio listener in the scene.
There are 2 audio listeners in the scene. Please ensure there is always exactly one audio listener in the scene.
There are 2 audio listeners in the scene. Please ensure there is always exactly one audio listener in the scene.
There are 2 audio listeners in the scene. Please ensure there is always exactly one audio listener in the scene.
There are 2 audio listeners in the scene. Please ensure there is always exactly one audio listener in the scene.
There are 2 audio listeners in the scene. Please ensure there is always exactly one audio listener in the scene.
There are 2 audio listeners in the scene. Please ensure there is always exactly one audio listener in the scene.
There are 2 audio listeners in the scene. Please ensure there is always exactly one audio listener in the scene.
There are 2 audio listeners in the scene. Please ensure there is always exactly one audio listener in the scene.
There are 2 audio listeners in the scene. Please ensure there is always exactly one audio listener in the scene.
There are 2 audio listeners in the scene. Please ensure there is always exactly one audio listener in the scene.
There are 2 audio listeners in the scene. Please ensure there is always exactly one audio listener in the scene.
There are 2 audio listeners in the scene. Please ensure there is always exactly one audio listener in the scene.
There are 2 audio listeners in the scene. Please ensure there is always exactly one audio listener in the scene.
There are 2 audio listeners in the scene. Please ensure there is always exactly one audio listener in the scene.
There are 2 audio listeners in the scene. Please ensure there is always exactly one audio listener in the scene.
There are 2 audio listeners in the scene. Please ensure there is always exactly one audio listener in the scene.
There are 2 audio listeners in the scene. Please ensure there is always exactly one audio listener in the scene.
There are 2 audio listeners in the scene. Please ensure there is always exactly one audio listener in the scene.
There are 2 audio listeners in the scene. Please ensure there is always exactly one audio listener in the scene.
There are 2 audio listeners in the scene. Please ensure there is always exactly one audio listener in the scene.
There are 2 audio listeners in the scene. Please ensure there is always exactly one audio listener in the scene.
There are 2 audio listeners in the scene. Please ensure there is always exactly one audio listener in the scene.
There are 2 audio listeners in the scene. Please ensure there is always exactly one audio listener in the scene.
There are 2 audio listeners in the scene. Please ensure there is always exactly one audio listener in the scene.
There are 2 audio listeners in the scene. Please ensure there is always exactly one audio listener in the scene.
There are 2 audio listeners in the scene. Please ensure there is always exactly one audio listener in the scene.
There are 2 audio listeners in the scene. Please ensure there is always exactly one audio listener in the scene.
There are 2 audio listeners in the scene. Please ensure there is always exactly one audio listener in the scene.
There are 2 audio listeners in the scene. Please ensure there is always exactly one audio listener in the scene.
There are 2 audio listeners in the scene. Please ensure there is always exactly one audio listener in the scene.
There are 2 audio listeners in the scene. Please ensure there is always exactly one audio listener in the scene.
There are 2 audio listeners in the scene. Please ensure there is always exactly one audio listener in the scene.
There are 2 audio listeners in the scene. Please ensure there is always exactly one audio listener in the scene.
There are 2 audio listeners in the scene. Please ensure there is always exactly one audio listener in the scene.
There are 2 audio listeners in the scene. Please ensure there is always exactly one audio listener in the scene.
There are 2 audio listeners in the scene. Please ensure there is always exactly one audio listener in the scene.
There are 2 audio listeners in the scene. Please ensure there is always exactly one audio listener in the scene.
There are 2 audio listeners in the scene. Please ensure there is always exactly one audio listener in the scene.
There are 2 audio listeners in the scene. Please ensure there is always exactly one audio listener in the scene.
There are 2 audio listeners in the scene. Please ensure there is always exactly one audio listener in the scene.
There are 2 audio listeners in the scene. Please ensure there is always exactly one audio listener in the scene.
There are 2 audio listeners in the scene. Please ensure there is always exactly one audio listener in the scene.
There are 2 audio listeners in the scene. Please ensure there is always exactly one audio listener in the scene.
There are 2 audio listeners in the scene. Please ensure there is always exactly one audio listener in the scene.
There are 2 audio listeners in the scene. Please ensure there is always exactly one audio listener in the scene.
There are 2 audio listeners in the scene. Please ensure there is always exactly one audio listener in the scene.
There are 2 audio listeners in the scene. Please ensure there is always exactly one audio listener in the scene.
There are 2 audio listeners in the scene. Please ensure there is always exactly one audio listener in the scene.
There are 2 audio listeners in the scene. Please ensure there is always exactly one audio listener in the scene.
There are 2 audio listeners in the scene. Please ensure there is always exactly one audio listener in the scene.
There are 2 audio listeners in the scene. Please ensure there is always exactly one audio listener in the scene.
There are 2 audio listeners in the scene. Please ensure there is always exactly one audio listener in the scene.
There are 2 audio listeners in the scene. Please ensure there is always exactly one audio listener in the scene.
There are 2 audio listeners in the scene. Please ensure there is always exactly one audio listener in the scene.
There are 2 audio listeners in the scene. Please ensure there is always exactly one audio listener in the scene.
There are 2 audio listeners in the scene. Please ensure there is always exactly one audio listener in the scene.
There are 2 audio listeners in the scene. Please ensure there is always exactly one audio listener in the scene.
There are 2 audio listeners in the scene. Please ensure there is always exactly one audio listener in the scene.
There are 2 audio listeners in the scene. Please ensure there is always exactly one audio listener in the scene.
There are 2 audio listeners in the scene. Please ensure there is always exactly one audio listener in the scene.
There are 2 audio listeners in the scene. Please ensure there is always exactly one audio listener in the scene.
There are 2 audio listeners in the scene. Please ensure there is always exactly one audio listener in the scene.
There are 2 audio listeners in the scene. Please ensure there is always exactly one audio listener in the scene.
There are 2 audio listeners in the scene. Please ensure there is always exactly one audio listener in the scene.
There are 2 audio listeners in the scene. Please ensure there is always exactly one audio listener in the scene.
There are 2 audio listeners in the scene. Please ensure there is always exactly one audio listener in the scene.
There are 2 audio listeners in the scene. Please ensure there is always exactly one audio listener in the scene.
There are 2 audio listeners in the scene. Please ensure there is always exactly one audio listener in the scene.
There are 2 audio listeners in the scene. Please ensure there is always exactly one audio listener in the scene.
GPU Resident Drawer disposed.
Unloading 1 Unused Serialized files (Serialized files now loaded: 0)
Loaded scene 'Temp/__Backupscenes/0.backup'
	Deserialize:            2.304 ms
	Integration:            20.406 ms
	Integration of assets:  0.004 ms
	Thread Wait Time:       0.011 ms
	Total Operation Time:   22.725 ms
Unloading 119 unused Assets / (16.7 MB). Loaded Objects now: 12567.
Memory consumption went from 0.80 GB to 0.78 GB.
Total: 31.620100 ms (FindLiveObjects: 1.053600 ms CreateObjectMapping: 0.269500 ms MarkObjects: 27.010500 ms  DeleteObjects: 2.970800 ms)

[Licensing::Client] Successfully resolved entitlement details
GPU Resident Drawer created.
Asset Pipeline Refresh (id=346c6b03d730b4d499afee8247ca88e3): Total: 0.019 seconds - Initiated by RefreshV2(AllowForceSynchronousImport)
MonoPathRemapper: Attempts to remap: 107716; Successful remaps: 40176
Serialized file version minimum: 23, current 23
[LAYOUT] About to save layout C:\Users\user\Desktop\UNITY PROJECT\InertialNetcodeDemo\UserSettings\Layouts\default-6000.dwlt
[LAYOUT] About to save layout C:/Users/user/AppData/Roaming/Unity/Editor-5.x/Preferences\Layouts\current\default-6000.dwlt
[INFO ] [relay] log Shutdown request received from client editor-32376-pvuj8o
[INFO ] [relay] log Unity client requested immediate shutdown - shutting down now, reason: Shutdown requested by client
[INFO ] [relay] log Shutdown: Initiating graceful shutdown: Shutdown requested by client
SUCCESS: The process with PID 27612 (child process of PID 40080) has been terminated.
SUCCESS: The process with PID 40080 (child process of PID 32376) has been terminated.
Importing 'GUID: 00000000000000009000000000000000 - Path: ProjectSettings/QualitySettings.asset' with importer (LibraryAssetImporter)
Imported 'GUID: 00000000000000009000000000000000' -> (Import Result ID: '8151b601d05d3e12de314c2aa1f82962') in 0.013 seconds [static dependencies only]. Details - ImportResultOutputID=2a108b3da874f726c62fbe5f12be4a8a DependenciesID=6180c49ef29638684367d2893c04e070 StaticDependenciesID=5b19720d9149525484b40148944c8e26 
Importing 'GUID: 0000000000000000b000000000000000 - Path: ProjectSettings/EditorBuildSettings.asset' with importer (LibraryAssetImporter)
Imported 'GUID: 0000000000000000b000000000000000' -> (Import Result ID: 'd4b59cb060f81ea6461d9015f1520027') in 0.002 seconds [static dependencies only]. Details - ImportResultOutputID=0a89a5c5f492143e0fa186859e17ba6f DependenciesID=c4e1b377361211f441812e41ca991afd StaticDependenciesID=88d454026c6611450154ab0790329a42 
Refreshing native plugins compatible for Editor in 20.29 ms, found 5 plugins.
Asset Pipeline Refresh (id=c09674288886ecd409de083fce104b55): Total: 0.148 seconds - Initiated by StopAssetImportingV2(NoUpdateAssetOptions)
GPU Resident Drawer disposed.
Input System module state changed to: ShutdownInProgress.
Input Polling Thread exited.
Input System module state changed to: Shutdown.
[Physics::Module] Cleanup current backend.
[Physics::Module] Id: 0xf2b8ea05
[Licensing::IpcConnector] LicenseClient-Umid-notifications channel disconnected successfully.
[Licensing::IpcConnector] LicenseClient-Umid channel disconnected successfully.
Lingering sessions upon destruction of worker manager
Unity Data Store service was successfully shut down
UDS shutting down local client system
Shut down UDS service system complete
AcceleratorClientConnectionCallback - disconnected - :0
Cleanup mono
CodeReloadManager destroyed
abort_threads: Failed aborting id: 0000000000001A3C, mono_thread_manage will ignore it

abort_threads: Failed aborting id: 0000000000007694, mono_thread_manage will ignore it

abort_threads: Failed aborting id: 0000000000009418, mono_thread_manage will ignore it

abort_threads: Failed aborting id: 0000000000001A3C, mono_thread_manage will ignore it

abort_threads: Failed aborting id: 0000000000007694, mono_thread_manage will ignore it

abort_threads: Failed aborting id: 0000000000009418, mono_thread_manage will ignore it

debugger-agent: Unable to listen on 4364
Checking for leaked weakptr:
  Found no leaked weakptrs.
[Package Manager] Server process was shutdown
##utp:{"type":"MemoryLeaks","version":2,"phase":"Immediate","time":1789064168365,"processId":32376,"allocatedMemory":23322658,"memoryLabels":[{"Default":211620},{"Permanent":15516},{"NewDelete":74449},{"Thread":4197984},{"Manager":2343013},{"VertexData":8},{"Geometry":816},{"Texture":24},{"Shader":858003},{"Material":24},{"GfxDevice":55968},{"Animation":952},{"Audio":120},{"FreeType":8},{"FontEngine":736},{"Physics":1970},{"Physics2D":16},{"Serialization":17024},{"Input":45280},{"JobScheduler":256},{"TextLib":29284},{"Mono":48},{"MonoCode":768},{"ScriptingNativeRuntime":1482016},{"BaseObject":49296},{"Resource":1208},{"Renderer":2384},{"Transform":4685},{"File":7389},{"WebCam":616},{"Culling":32},{"Terrain":11442},{"Wind":24},{"STL":40},{"String":1016398},{"StaticString":3808},{"Utility":2675514},{"PoolAlloc":3416},{"AI":80},{"TypeTree":247022},{"ScriptManager":18960},{"CodeReload":448},{"RuntimeInitializeOnLoadManager":64},{"Sprites":102},{"SpriteAtlas":120},{"GI":7816},{"Director":8296},{"CloudService":7296},{"WebRequest":9776},{"VR":49650},{"SceneManager":608},{"Video":208},{"LazyScriptCache":32},{"NativeArray":1080},{"Camera":729},{"Secure":617},{"SerializationCache":9256},{"APIUpdating":10320},{"Subsystems":336},{"VirtualTexturing":57888},{"StaticSafetyDebugInfo":278528},{"Analytics":768},{"Hierarchy":1188},{"UIElements":40},{"CoreStats":14456},{"Identifiers":7152},{"Gui":268581},{"EditorUtility":162538},{"VersionControl":8},{"Undo":931},{"AssetDatabase":8979045},{"AssetImporter":40},{"EditorGi":328},{"UnityConnect":36882},{"Upm":1988},{"UpmDiagnostics":8},{"AssetCompliance":96},{"DrivenProperties":72},{"LocalIPC":258},{"ProfilerEditor":9746},{"CoreBusinessMetrics":3598},{"Windowing":456},{"TLS":3496},{"Licensing":12804},{"AssetReference":32},{"IPCStream":32}]}
